file,class,type,cbo,cboModified,fanin,fanout,wmc,dit,noc,rfc,lcom,lcom*,tcc,lcc,totalMethodsQty,staticMethodsQty,publicMethodsQty,privateMethodsQty,protectedMethodsQty,defaultMethodsQty,visibleMethodsQty,abstractMethodsQty,finalMethodsQty,synchronizedMethodsQty,totalFieldsQty,staticFieldsQty,publicFieldsQty,privateFieldsQty,protectedFieldsQty,defaultFieldsQty,finalFieldsQty,synchronizedFieldsQty,nosi,loc,returnQty,loopQty,comparisonsQty,tryCatchQty,parenthesizedExpsQty,stringLiteralsQty,numbersQty,assignmentsQty,mathOperationsQty,variablesQty,maxNestedBlocksQty,anonymousClassesQty,innerClassesQty,lambdasQty,uniqueWordsQty,modifiers,logStatementsQty
E:\Supriya's_Monolithic Projects\eventuate-tram-examples-customers-and-orders\order-history-service\src\main\java\io\eventuate\examples\tram\ordersandcustomers\orderhistoryservice\web\customers\CustomerOrderHistoryController.java,io.eventuate.examples.tram.ordersandcustomers.orderhistoryservice.web.customers.CustomerOrderHistoryController,class,6,6,0,6,3,1,0,4,0,0.0,1.0,1.0,3,0,3,0,0,0,3,0,0,0,1,0,0,1,0,0,1,0,0,12,2,0,0,0,0,2,0,1,0,2,0,0,0,2,13,1,0
E:\Supriya's_Monolithic Projects\eventuate-tram-examples-customers-and-orders\order-service\src\main\java\io\eventuate\examples\tram\ordersandcustomers\orders\OrderServiceMain.java,io.eventuate.examples.tram.ordersandcustomers.orders.OrderServiceMain,class,5,6,1,5,1,1,0,1,0,0.0,NaN,NaN,1,1,1,0,0,0,1,0,0,0,0,0,0,0,0,0,0,0,0,5,0,0,0,0,0,0,0,0,0,0,0,0,0,0,5,1,0
E:\Supriya's_Monolithic Projects\eventuate-tram-examples-customers-and-orders\end-to-end-tests\src\test\java\io\eventuate\examples\tram\ordersandcustomers\endtoendtests\CustomersAndOrdersEndToEndTest.java,io.eventuate.examples.tram.ordersandcustomers.endtoendtests.CustomersAndOrdersEndToEndTest,class,17,18,1,17,16,1,0,37,78,0.6875,0.0,0.0,16,0,0,10,0,6,6,0,0,0,2,0,0,1,0,1,0,0,3,99,6,0,0,0,0,29,11,21,4,24,1,0,0,4,78,0,0
E:\Supriya's_Monolithic Projects\eventuate-tram-examples-customers-and-orders\order-history-service\src\main\java\io\eventuate\examples\tram\ordersandcustomers\orderhistoryservice\web\OrderHistoryViewWebConfiguration.java,io.eventuate.examples.tram.ordersandcustomers.orderhistoryservice.web.OrderHistoryViewWebConfiguration,class,6,7,1,6,1,1,0,0,0,0.0,NaN,NaN,1,0,1,0,0,0,1,0,0,0,0,0,0,0,0,0,0,0,0,6,1,0,0,0,0,0,0,1,0,1,0,0,0,0,13,1,0
E:\Supriya's_Monolithic Projects\eventuate-tram-examples-customers-and-orders\customer-service-api-messaging\src\main\java\io\eventuate\examples\tram\ordersandcustomers\customers\domain\events\CustomerCreditReleasedEvent.java,io.eventuate.examples.tram.ordersandcustomers.customers.domain.events.CustomerCreditReleasedEvent,class,1,1,0,1,2,2,0,0,1,0.0,0.0,0.0,2,0,2,0,0,0,2,0,0,0,0,0,0,0,0,0,0,0,0,7,0,0,0,0,0,0,0,0,0,0,0,0,0,0,9,1,0
E:\Supriya's_Monolithic Projects\eventuate-tram-examples-customers-and-orders\order-service-api-messaging\src\main\java\io\eventuate\examples\tram\ordersandcustomers\orders\domain\events\OrderSnapshotEvent.java,io.eventuate.examples.tram.ordersandcustomers.orders.domain.events.OrderSnapshotEvent,class,3,4,1,3,10,1,0,0,21,0.7,0.26666668,0.8,10,0,10,0,0,0,10,0,0,0,4,0,0,4,0,0,0,0,0,38,4,0,0,0,0,0,0,8,0,4,0,0,0,0,15,1,0
E:\Supriya's_Monolithic Projects\eventuate-tram-examples-customers-and-orders\customer-service-api-messaging\src\main\java\io\eventuate\examples\tram\ordersandcustomers\customers\domain\events\CustomerCreditReservedEvent.java,io.eventuate.examples.tram.ordersandcustomers.customers.domain.events.CustomerCreditReservedEvent,class,1,3,2,1,2,2,0,0,1,0.0,0.0,0.0,2,0,2,0,0,0,2,0,0,0,0,0,0,0,0,0,0,0,0,7,0,0,0,0,0,0,0,0,0,0,0,0,0,0,9,1,0
E:\Supriya's_Monolithic Projects\eventuate-tram-examples-customers-and-orders\customer-service\src\main\java\io\eventuate\examples\tram\ordersandcustomers\customers\domain\CustomerCreditLimitExceededException.java,io.eventuate.examples.tram.ordersandcustomers.customers.domain.CustomerCreditLimitExceededException,class,0,1,1,0,0,4,0,0,0,0.0,-1.0,-1.0,0,0,0,0,0,0,0,0,0,0,0,0,0,0,0,0,0,0,0,2,0,0,0,0,0,0,0,0,0,0,0,0,0,0,6,1,0
E:\Supriya's_Monolithic Projects\eventuate-tram-examples-customers-and-orders\order-history-text-search-service\src\main\java\io\eventuate\examples\tram\ordersandcustomers\orderhistorytextsearch\web\OrderTextViewController.java,io.eventuate.examples.tram.ordersandcustomers.orderhistorytextsearch.web.OrderTextViewController,class,10,10,0,10,2,1,0,2,0,0.0,1.0,1.0,2,0,2,0,0,0,2,0,0,0,1,0,0,1,0,0,0,0,0,9,1,0,0,0,0,2,0,0,0,1,0,0,0,0,10,1,0
E:\Supriya's_Monolithic Projects\eventuate-tram-examples-customers-and-orders\order-service\src\main\java\io\eventuate\examples\tram\ordersandcustomers\orders\domain\Order.java,io.eventuate.examples.tram.ordersandcustomers.orders.domain.Order,class,14,17,3,14,11,1,0,1,10,0.75,0.3611111,0.5833333,9,1,9,0,0,0,9,0,0,0,4,0,0,4,0,0,0,0,1,43,5,0,0,0,0,2,0,7,1,6,1,0,0,0,29,1,0
E:\Supriya's_Monolithic Projects\eventuate-tram-examples-customers-and-orders\order-service-api-messaging\src\main\java\io\eventuate\examples\tram\ordersandcustomers\orders\domain\events\OrderCancelledEvent.java,io.eventuate.examples.tram.ordersandcustomers.orders.domain.events.OrderCancelledEvent,class,2,5,3,2,3,1,0,0,1,0.33333334,0.33333334,0.33333334,3,0,3,0,0,0,3,0,0,0,1,0,0,1,0,0,0,0,0,11,1,0,0,0,0,0,0,1,0,1,0,0,0,0,6,1,0
E:\Supriya's_Monolithic Projects\eventuate-tram-examples-customers-and-orders\order-history-service\src\main\java\io\eventuate\examples\tram\ordersandcustomers\orderhistory\backend\OrderHistoryViewBackendConfiguration.java,io.eventuate.examples.tram.ordersandcustomers.orderhistory.backend.OrderHistoryViewBackendConfiguration,class,9,11,2,9,2,1,0,2,1,0.0,0.0,0.0,2,0,2,0,0,0,2,0,0,0,0,0,0,0,0,0,0,0,0,8,2,0,0,0,0,2,0,0,0,0,0,0,0,0,14,1,0
E:\Supriya's_Monolithic Projects\eventuate-tram-examples-customers-and-orders\order-history-service\src\main\java\io\eventuate\examples\tram\ordersandcustomers\orderhistory\backend\CustomerViewRepositoryCustom.java,io.eventuate.examples.tram.ordersandcustomers.orderhistory.backend.CustomerViewRepositoryCustom,interface,2,6,4,2,3,1,0,0,3,0.0,0.0,0.0,3,0,0,0,0,3,3,0,0,0,0,0,0,0,0,0,0,0,0,5,0,0,0,0,0,0,0,0,0,0,0,0,0,0,15,1,0
E:\Supriya's_Monolithic Projects\eventuate-tram-examples-customers-and-orders\order-service\src\main\java\io\eventuate\examples\tram\ordersandcustomers\orders\service\CustomerEventConsumer.java,io.eventuate.examples.tram.ordersandcustomers.orders.service.CustomerEventConsumer,class,7,8,1,7,4,1,0,7,0,0.25,NaN,NaN,4,0,1,3,0,0,1,0,0,0,1,0,0,1,0,0,0,0,0,15,1,0,0,0,0,1,0,0,0,1,0,0,0,0,16,1,0
E:\Supriya's_Monolithic Projects\eventuate-tram-examples-customers-and-orders\order-history-service\src\test\java\io\eventuate\examples\tram\ordersandcustomers\orderhistory\backend\OrderHistoryViewServiceRetryIntegrationTest.java,io.eventuate.examples.tram.ordersandcustomers.orderhistory.backend.OrderHistoryViewServiceRetryIntegrationTest$Config,innerclass,9,9,0,9,1,1,0,0,0,0.0,NaN,NaN,1,0,1,0,0,0,1,0,0,0,0,0,0,0,0,0,0,0,0,5,1,0,0,0,0,0,0,0,0,0,0,0,0,0,10,9,0
E:\Supriya's_Monolithic Projects\eventuate-tram-examples-customers-and-orders\order-history-text-search-service-api-web\src\main\java\io\eventuate\examples\tram\ordersandcustomers\orderhistorytextsearch\apiweb\TextView.java,io.eventuate.examples.tram.ordersandcustomers.orderhistorytextsearch.apiweb.TextView,class,1,3,2,1,4,1,2,0,0,0.25,0.5,0.5,4,0,4,0,0,0,4,0,0,0,1,0,0,1,0,0,0,0,0,14,1,0,0,0,0,0,0,2,0,1,0,0,0,0,6,1025,0
E:\Supriya's_Monolithic Projects\eventuate-tram-examples-customers-and-orders\order-history-text-search-service\src\main\java\io\eventuate\examples\tram\ordersandcustomers\orderhistorytextsearch\web\CustomerTextViewController.java,io.eventuate.examples.tram.ordersandcustomers.orderhistorytextsearch.web.CustomerTextViewController,class,9,9,0,9,2,1,0,2,0,0.0,1.0,1.0,2,0,2,0,0,0,2,0,0,0,1,0,0,1,0,0,0,0,0,9,1,0,0,0,0,1,0,0,0,1,0,0,0,0,10,1,0
E:\Supriya's_Monolithic Projects\eventuate-tram-examples-customers-and-orders\order-service-api-messaging\src\main\java\io\eventuate\examples\tram\ordersandcustomers\orders\domain\events\OrderState.java,io.eventuate.examples.tram.ordersandcustomers.orders.domain.events.OrderState,enum,0,11,11,0,0,1,0,0,0,0.0,-1.0,-1.0,0,0,0,0,0,0,0,0,0,0,0,0,0,0,0,0,0,0,0,1,0,0,0,0,0,0,0,0,0,0,0,0,0,0,9,1,0
E:\Supriya's_Monolithic Projects\eventuate-tram-examples-customers-and-orders\order-history-service\src\main\java\io\eventuate\examples\tram\ordersandcustomers\orderhistory\backend\OrderHistoryEventConsumer.java,io.eventuate.examples.tram.ordersandcustomers.orderhistory.backend.OrderHistoryEventConsumer,class,9,10,1,9,7,1,0,20,0,0.14285715,0.0,0.0,7,0,2,5,0,0,2,0,0,0,1,0,0,1,0,0,0,0,5,29,1,0,0,0,0,2,0,6,0,6,0,0,0,0,19,1,0
E:\Supriya's_Monolithic Projects\eventuate-tram-examples-customers-and-orders\order-history-service\src\main\java\io\eventuate\examples\tram\ordersandcustomers\orderhistory\backend\OrderHistoryViewMongoConfiguration.java,io.eventuate.examples.tram.ordersandcustomers.orderhistory.backend.OrderHistoryViewMongoConfiguration,class,6,8,2,6,1,1,0,0,0,0.0,NaN,NaN,1,0,1,0,0,0,1,0,0,0,0,0,0,0,0,0,0,0,0,5,1,0,0,0,0,0,0,0,0,0,0,0,0,0,14,1,0
E:\Supriya's_Monolithic Projects\eventuate-tram-examples-customers-and-orders\order-history-service\src\test\java\net\chrisrichardson\eventstore\examples\customersandorders\views\orderhistory\CustomerViewRepositoryIntegrationTest.java,net.chrisrichardson.eventstore.examples.customersandorders.views.orderhistory.CustomerViewRepositoryIntegrationTest,class,8,8,0,8,1,1,0,10,0,0.0,NaN,NaN,1,0,0,0,0,1,1,0,0,0,1,0,0,1,0,0,0,0,1,14,0,0,0,0,0,1,2,4,0,5,0,0,0,0,19,0,0
E:\Supriya's_Monolithic Projects\eventuate-tram-examples-customers-and-orders\order-history-text-search-service\src\main\java\io\eventuate\examples\tram\ordersandcustomers\orderhistorytextsearch\OrderHistoryTestSearchConfiguration.java,io.eventuate.examples.tram.ordersandcustomers.orderhistorytextsearch.OrderHistoryTestSearchConfiguration,class,10,11,1,10,4,1,0,3,6,1.0,0.0,0.0,4,0,4,0,0,0,4,0,0,0,2,0,0,2,0,0,0,0,0,16,4,0,0,0,0,6,0,0,0,2,0,0,0,0,18,1,0
E:\Supriya's_Monolithic Projects\eventuate-tram-examples-customers-and-orders\order-history-service\src\main\java\io\eventuate\examples\tram\ordersandcustomers\orderhistory\backend\OrderViewRepositoryCustom.java,io.eventuate.examples.tram.ordersandcustomers.orderhistory.backend.OrderViewRepositoryCustom,interface,2,3,1,2,2,1,0,0,1,0.0,0.0,0.0,2,0,0,0,0,2,2,0,0,0,0,0,0,0,0,0,0,0,0,4,0,0,0,0,0,0,0,0,0,0,0,0,0,0,12,1,0
E:\Supriya's_Monolithic Projects\eventuate-tram-examples-customers-and-orders\order-service-api-messaging\src\main\java\io\eventuate\examples\tram\ordersandcustomers\orders\domain\events\OrderDetails.java,io.eventuate.examples.tram.ordersandcustomers.orders.domain.events.OrderDetails,class,3,13,10,3,4,1,0,0,2,0.5,0.33333334,0.5,4,0,4,0,0,0,4,0,0,0,2,0,0,2,0,0,0,0,0,16,2,0,0,0,0,0,0,2,0,2,0,0,0,0,10,1,0
E:\Supriya's_Monolithic Projects\eventuate-tram-examples-customers-and-orders\order-service\src\main\java\io\eventuate\examples\tram\ordersandcustomers\orders\service\OrderService.java,io.eventuate.examples.tram.ordersandcustomers.orders.service.OrderService,class,10,13,3,10,5,1,0,14,0,0.0,1.0,1.0,5,0,5,0,0,0,5,0,0,0,2,0,0,2,0,0,2,0,4,31,2,0,0,0,0,3,0,7,0,7,0,0,0,3,26,1,0
E:\Supriya's_Monolithic Projects\eventuate-tram-examples-customers-and-orders\order-history-service\src\main\java\io\eventuate\examples\tram\ordersandcustomers\orderhistoryservice\OrderHistoryServiceMain.java,io.eventuate.examples.tram.ordersandcustomers.orderhistoryservice.OrderHistoryServiceMain,class,5,6,1,5,1,1,0,1,0,0.0,NaN,NaN,1,1,1,0,0,0,1,0,0,0,0,0,0,0,0,0,0,0,0,5,0,0,0,0,0,0,0,0,0,0,0,0,0,0,6,1,0
E:\Supriya's_Monolithic Projects\eventuate-tram-examples-customers-and-orders\order-service-api-messaging\src\main\java\io\eventuate\examples\tram\ordersandcustomers\orders\domain\events\OrderCancelConfirmedEvent.java,io.eventuate.examples.tram.ordersandcustomers.orders.domain.events.OrderCancelConfirmedEvent,class,2,2,0,2,3,1,0,0,1,0.33333334,0.33333334,0.33333334,3,0,3,0,0,0,3,0,0,0,1,0,0,1,0,0,0,0,0,11,1,0,0,0,0,0,0,1,0,1,0,0,0,0,7,1,0
E:\Supriya's_Monolithic Projects\eventuate-tram-examples-customers-and-orders\order-service-api-messaging\src\main\java\io\eventuate\examples\tram\ordersandcustomers\orders\domain\events\OrderRejectedEvent.java,io.eventuate.examples.tram.ordersandcustomers.orders.domain.events.OrderRejectedEvent,class,2,4,2,2,3,1,0,0,1,0.33333334,0.33333334,0.33333334,3,0,3,0,0,0,3,0,0,0,1,0,0,1,0,0,0,0,0,11,1,0,0,0,0,0,0,1,0,1,0,0,0,0,6,1,0
E:\Supriya's_Monolithic Projects\eventuate-tram-examples-customers-and-orders\customer-service\src\main\java\io\eventuate\examples\tram\ordersandcustomers\customers\CustomerServiceMain.java,io.eventuate.examples.tram.ordersandcustomers.customers.CustomerServiceMain,class,5,6,1,5,1,1,0,1,0,0.0,NaN,NaN,1,1,1,0,0,0,1,0,0,0,0,0,0,0,0,0,0,0,0,5,0,0,0,0,0,0,0,0,0,0,0,0,0,0,5,1,0
E:\Supriya's_Monolithic Projects\eventuate-tram-examples-customers-and-orders\order-history-service\src\main\java\io\eventuate\examples\tram\ordersandcustomers\orderhistory\backend\CustomerViewRepository.java,io.eventuate.examples.tram.ordersandcustomers.orderhistory.backend.CustomerViewRepository,interface,2,9,7,2,0,1,0,0,0,0.0,-1.0,-1.0,0,0,0,0,0,0,0,0,0,0,0,0,0,0,0,0,0,0,0,2,0,0,0,0,0,0,0,0,0,0,0,0,0,0,4,1,0
E:\Supriya's_Monolithic Projects\eventuate-tram-examples-customers-and-orders\order-history-service\src\main\java\io\eventuate\examples\tram\ordersandcustomers\orderhistory\backend\OrderViewRepositoryImpl.java,io.eventuate.examples.tram.ordersandcustomers.orderhistory.backend.OrderViewRepositoryImpl,class,7,7,0,7,3,1,0,5,0,0.0,1.0,1.0,3,0,3,0,0,0,3,0,0,0,1,0,0,1,0,0,0,0,0,12,0,0,0,0,0,4,0,1,0,1,0,0,0,0,20,1,0
E:\Supriya's_Monolithic Projects\eventuate-tram-examples-customers-and-orders\order-history-text-search-service-api-web\src\main\java\io\eventuate\examples\tram\ordersandcustomers\orderhistorytextsearch\apiweb\CustomerTextView.java,io.eventuate.examples.tram.ordersandcustomers.orderhistorytextsearch.apiweb.CustomerTextView,class,1,4,3,1,6,2,0,0,3,0.75,0.4,0.6666667,6,0,6,0,0,0,6,0,0,0,4,2,2,2,0,0,2,0,0,25,2,0,0,0,0,2,0,6,0,4,0,0,0,0,19,1,0
E:\Supriya's_Monolithic Projects\eventuate-tram-examples-customers-and-orders\customer-service-api-messaging\src\main\java\io\eventuate\examples\tram\ordersandcustomers\customers\domain\events\AbstractCustomerOrderEvent.java,io.eventuate.examples.tram.ordersandcustomers.customers.domain.events.AbstractCustomerOrderEvent,class,1,5,4,1,4,1,4,0,0,0.25,0.5,0.5,4,0,2,0,2,0,4,0,0,0,1,0,0,0,1,0,0,0,0,14,1,0,0,0,0,0,0,2,0,1,0,0,0,0,9,1025,0
E:\Supriya's_Monolithic Projects\eventuate-tram-examples-customers-and-orders\customer-service\src\main\java\io\eventuate\examples\tram\ordersandcustomers\customers\web\CustomerController.java,io.eventuate.examples.tram.ordersandcustomers.customers.web.CustomerController,class,7,7,0,7,2,1,0,4,0,0.0,1.0,1.0,2,0,2,0,0,0,2,0,0,0,1,0,0,1,0,0,0,0,0,10,1,0,0,0,0,1,0,2,0,2,0,0,0,0,8,1,0
E:\Supriya's_Monolithic Projects\eventuate-tram-examples-customers-and-orders\order-history-service\src\main\java\io\eventuate\examples\tram\ordersandcustomers\orderhistory\backend\CustomerViewRepositoryImpl.java,io.eventuate.examples.tram.ordersandcustomers.orderhistory.backend.CustomerViewRepositoryImpl,class,8,8,0,8,4,1,0,5,0,0.0,1.0,1.0,4,0,4,0,0,0,4,0,0,0,1,0,0,1,0,0,0,0,1,15,0,0,0,0,0,9,0,1,2,1,0,0,0,0,25,1,0
E:\Supriya's_Monolithic Projects\eventuate-tram-examples-customers-and-orders\customer-service\src\main\java\io\eventuate\examples\tram\ordersandcustomers\customers\CustomerConfiguration.java,io.eventuate.examples.tram.ordersandcustomers.customers.CustomerConfiguration,class,12,13,1,12,3,1,0,2,3,0.0,0.0,0.0,3,0,3,0,0,0,3,0,0,0,0,0,0,0,0,0,0,0,0,11,3,0,0,0,0,1,0,0,0,0,0,0,0,0,14,1,0
E:\Supriya's_Monolithic Projects\eventuate-tram-examples-customers-and-orders\order-history-text-search-service\src\main\java\io\eventuate\examples\tram\ordersandcustomers\orderhistorytextsearch\repositories\OrderTextViewRepository.java,io.eventuate.examples.tram.ordersandcustomers.orderhistorytextsearch.repositories.OrderTextViewRepository,interface,3,5,2,3,1,1,0,0,0,0.0,NaN,NaN,1,0,0,0,0,1,1,0,0,0,0,0,0,0,0,0,0,0,0,3,0,0,0,0,0,1,0,0,0,0,0,0,0,0,10,1,0
E:\Supriya's_Monolithic Projects\eventuate-tram-examples-customers-and-orders\order-history-service\src\test\java\net\chrisrichardson\eventstore\examples\customersandorders\views\orderhistory\OrderHistoryViewServiceIntegrationTestConfiguration.java,net.chrisrichardson.eventstore.examples.customersandorders.views.orderhistory.OrderHistoryViewServiceIntegrationTestConfiguration,class,4,6,2,4,0,1,0,0,0,0.0,-1.0,-1.0,0,0,0,0,0,0,0,0,0,0,0,0,0,0,0,0,0,0,0,2,0,0,0,0,0,0,0,0,0,0,0,0,0,0,7,1,0
E:\Supriya's_Monolithic Projects\eventuate-tram-examples-customers-and-orders\order-history-service-api-web\src\main\java\io\eventuate\examples\tram\ordersandcustomers\orderhistory\common\OrderView.java,io.eventuate.examples.tram.ordersandcustomers.orderhistory.common.OrderView,class,4,5,1,4,4,1,0,0,2,0.5833333,0.33333334,0.5,4,0,4,0,0,0,4,0,0,0,3,0,0,3,0,0,0,0,0,18,2,0,0,0,0,0,0,3,0,3,0,0,0,0,10,1,0
E:\Supriya's_Monolithic Projects\eventuate-tram-examples-customers-and-orders\customer-service\src\main\java\io\eventuate\examples\tram\ordersandcustomers\customers\web\CustomerWebConfiguration.java,io.eventuate.examples.tram.ordersandcustomers.customers.web.CustomerWebConfiguration,class,6,7,1,6,1,1,0,0,0,0.0,NaN,NaN,1,0,1,0,0,0,1,0,0,0,0,0,0,0,0,0,0,0,0,6,1,0,0,0,0,0,0,1,0,1,0,0,0,0,11,1,0
E:\Supriya's_Monolithic Projects\eventuate-tram-examples-customers-and-orders\order-history-text-search-service\src\main\java\io\eventuate\examples\tram\ordersandcustomers\orderhistorytextsearch\service\CustomerSnapshotEventConsumer.java,io.eventuate.examples.tram.ordersandcustomers.orderhistorytextsearch.service.CustomerSnapshotEventConsumer,class,6,7,1,6,2,1,0,11,1,0.5,NaN,NaN,2,0,1,1,0,0,1,0,0,0,1,0,0,1,0,0,0,0,1,13,1,0,0,0,0,1,0,4,0,5,0,0,0,0,18,1,0
E:\Supriya's_Monolithic Projects\eventuate-tram-examples-customers-and-orders\customer-service\src\main\java\io\eventuate\examples\tram\ordersandcustomers\customers\domain\CustomerRepository.java,io.eventuate.examples.tram.ordersandcustomers.customers.domain.CustomerRepository,interface,2,4,2,2,0,1,0,0,0,0.0,-1.0,-1.0,0,0,0,0,0,0,0,0,0,0,0,0,0,0,0,0,0,0,0,2,0,0,0,0,0,0,0,0,0,0,0,0,0,0,2,1,0
E:\Supriya's_Monolithic Projects\eventuate-tram-examples-customers-and-orders\customer-service-api-web\src\main\java\io\eventuate\examples\tram\ordersandcustomers\customers\webapi\CreateCustomerRequest.java,io.eventuate.examples.tram.ordersandcustomers.customers.webapi.CreateCustomerRequest,class,1,3,2,1,4,1,0,0,2,0.5,0.33333334,0.5,4,0,4,0,0,0,4,0,0,0,2,0,0,2,0,0,0,0,0,16,2,0,0,0,0,0,0,2,0,2,0,0,0,0,10,1,0
E:\Supriya's_Monolithic Projects\eventuate-tram-examples-customers-and-orders\customer-service\src\main\java\io\eventuate\examples\tram\ordersandcustomers\customers\service\OrderEventConsumer.java,io.eventuate.examples.tram.ordersandcustomers.customers.service.OrderEventConsumer,class,7,8,1,7,4,1,0,15,0,0.625,0.5,0.5,4,0,4,0,0,0,4,0,0,0,2,0,0,2,0,0,0,0,2,17,1,0,0,0,0,1,0,3,0,3,0,0,0,0,18,1,0
E:\Supriya's_Monolithic Projects\eventuate-tram-examples-customers-and-orders\order-history-service\src\test\java\io\eventuate\examples\tram\ordersandcustomers\orderhistory\backend\OrderHistoryViewServiceRetryIntegrationTest.java,io.eventuate.examples.tram.ordersandcustomers.orderhistory.backend.OrderHistoryViewServiceRetryIntegrationTest,class,8,8,0,8,1,1,0,7,0,0.0,NaN,NaN,1,0,0,0,0,1,1,0,0,0,2,0,0,2,0,0,0,0,0,16,0,0,0,0,0,1,3,2,0,4,0,0,1,0,23,0,0
E:\Supriya's_Monolithic Projects\eventuate-tram-examples-customers-and-orders\order-service\src\main\java\io\eventuate\examples\tram\ordersandcustomers\orders\domain\PendingOrderCantBeCancelledException.java,io.eventuate.examples.tram.ordersandcustomers.orders.domain.PendingOrderCantBeCancelledException,class,0,1,1,0,0,4,0,0,0,0.0,-1.0,-1.0,0,0,0,0,0,0,0,0,0,0,0,0,0,0,0,0,0,0,0,2,0,0,0,0,0,0,0,0,0,0,0,0,0,0,7,1,0
E:\Supriya's_Monolithic Projects\eventuate-tram-examples-customers-and-orders\order-history-text-search-service\src\main\java\io\eventuate\examples\tram\ordersandcustomers\orderhistorytextsearch\repositories\CustomerTextViewRepository.java,io.eventuate.examples.tram.ordersandcustomers.orderhistorytextsearch.repositories.CustomerTextViewRepository,interface,3,5,2,3,1,1,0,0,0,0.0,NaN,NaN,1,0,0,0,0,1,1,0,0,0,0,0,0,0,0,0,0,0,0,3,0,0,0,0,0,1,0,0,0,0,0,0,0,0,10,1,0
E:\Supriya's_Monolithic Projects\eventuate-tram-examples-customers-and-orders\customer-service\src\main\java\io\eventuate\examples\tram\ordersandcustomers\customers\service\CustomerService.java,io.eventuate.examples.tram.ordersandcustomers.customers.service.CustomerService,class,10,13,3,10,6,1,0,16,0,0.33333334,1.0,1.0,4,0,2,0,0,2,4,0,0,0,3,0,0,3,0,0,0,0,4,37,2,0,0,1,0,1,0,10,0,10,1,0,0,0,33,1,1
E:\Supriya's_Monolithic Projects\eventuate-tram-examples-customers-and-orders\order-service\src\main\java\io\eventuate\examples\tram\ordersandcustomers\orders\OrderConfiguration.java,io.eventuate.examples.tram.ordersandcustomers.orders.OrderConfiguration,class,12,13,1,12,3,1,0,2,3,0.0,0.0,0.0,3,0,3,0,0,0,3,0,0,0,0,0,0,0,0,0,0,0,0,11,3,0,0,0,0,1,0,0,0,0,0,0,0,0,13,1,0
E:\Supriya's_Monolithic Projects\eventuate-tram-examples-customers-and-orders\order-history-service-api-web\src\main\java\io\eventuate\examples\tram\ordersandcustomers\orderhistory\common\OrderInfo.java,io.eventuate.examples.tram.ordersandcustomers.orderhistory.common.OrderInfo,class,2,5,3,2,6,1,0,0,1,0.6111111,0.46666667,0.6666667,6,0,6,0,0,0,6,0,0,0,3,0,0,3,0,0,0,0,0,24,2,0,0,0,0,0,0,5,0,3,0,0,0,0,12,1,0
E:\Supriya's_Monolithic Projects\eventuate-tram-examples-customers-and-orders\end-to-end-tests\src\test\java\io\eventuate\examples\tram\ordersandcustomers\endtoendtests\CustomersAndOrdersEndToEndTestConfiguration.java,io.eventuate.examples.tram.ordersandcustomers.endtoendtests.CustomersAndOrdersEndToEndTestConfiguration,class,6,7,1,6,2,1,0,2,1,0.0,0.0,0.0,2,0,2,0,0,0,2,0,0,0,0,0,0,0,0,0,0,0,1,12,2,0,0,0,0,0,0,3,0,3,0,0,0,0,20,1,0
E:\Supriya's_Monolithic Projects\eventuate-tram-examples-customers-and-orders\order-service-api-web\src\main\java\io\eventuate\examples\tram\ordersandcustomers\orders\webapi\CreateOrderRequest.java,io.eventuate.examples.tram.ordersandcustomers.orders.webapi.CreateOrderRequest,class,1,3,2,1,4,1,0,0,2,0.5,0.33333334,0.5,4,0,4,0,0,0,4,0,0,0,2,0,0,2,0,0,0,0,0,16,2,0,0,0,0,0,0,2,0,2,0,0,0,0,11,1,0
E:\Supriya's_Monolithic Projects\eventuate-tram-examples-customers-and-orders\order-history-text-search-service\src\main\java\io\eventuate\examples\tram\ordersandcustomers\orderhistorytextsearch\OrderHistoryTextSearchServiceMain.java,io.eventuate.examples.tram.ordersandcustomers.orderhistorytextsearch.OrderHistoryTextSearchServiceMain,class,5,6,1,5,1,1,0,1,0,0.0,NaN,NaN,1,1,1,0,0,0,1,0,0,0,0,0,0,0,0,0,0,0,0,5,0,0,0,0,0,0,0,0,0,0,0,0,0,0,9,1,0
E:\Supriya's_Monolithic Projects\eventuate-tram-examples-customers-and-orders\order-history-text-search-service\src\main\java\io\eventuate\examples\tram\ordersandcustomers\orderhistorytextsearch\service\OrderSnapshotEventConsumer.java,io.eventuate.examples.tram.ordersandcustomers.orderhistorytextsearch.service.OrderSnapshotEventConsumer,class,6,7,1,6,2,1,0,13,1,0.5,NaN,NaN,2,0,1,1,0,0,1,0,0,0,1,0,0,1,0,0,0,0,2,14,1,0,0,0,0,1,0,5,0,6,0,0,0,0,19,1,0
E:\Supriya's_Monolithic Projects\eventuate-tram-examples-customers-and-orders\order-history-service-api-web\src\main\java\io\eventuate\examples\tram\ordersandcustomers\orderhistory\common\CustomerView.java,io.eventuate.examples.tram.ordersandcustomers.orderhistory.common.CustomerView,class,4,9,5,4,7,1,0,0,15,0.75,0.14285715,0.14285715,7,0,7,0,0,0,7,0,0,0,4,0,0,4,0,0,0,0,0,27,4,0,0,0,0,0,0,4,0,4,0,0,0,0,15,1,0
E:\Supriya's_Monolithic Projects\eventuate-tram-examples-customers-and-orders\customer-service-api-messaging\src\main\java\io\eventuate\examples\tram\ordersandcustomers\customers\domain\events\CustomerCreditReservationFailedEvent.java,io.eventuate.examples.tram.ordersandcustomers.customers.domain.events.CustomerCreditReservationFailedEvent,class,1,3,2,1,2,2,0,0,1,0.0,0.0,0.0,2,0,2,0,0,0,2,0,0,0,0,0,0,0,0,0,0,0,0,7,0,0,0,0,0,0,0,0,0,0,0,0,0,0,10,1,0
E:\Supriya's_Monolithic Projects\eventuate-tram-examples-customers-and-orders\order-history-service\src\test\java\net\chrisrichardson\eventstore\examples\customersandorders\views\orderhistory\OrderHistoryViewServiceIntegrationTest.java,net.chrisrichardson.eventstore.examples.customersandorders.views.orderhistory.OrderHistoryViewServiceIntegrationTest,class,9,9,0,9,1,1,0,14,0,0.0,NaN,NaN,1,0,0,0,0,1,1,0,0,0,2,0,0,2,0,0,0,0,3,27,0,0,0,0,0,1,4,8,0,10,0,0,0,0,30,0,0
E:\Supriya's_Monolithic Projects\eventuate-tram-examples-customers-and-orders\order-service\src\main\java\io\eventuate\examples\tram\ordersandcustomers\orders\web\OrderController.java,io.eventuate.examples.tram.ordersandcustomers.orders.web.OrderController,class,14,15,1,14,5,1,0,10,2,0.5,0.6666667,1.0,5,0,4,1,0,0,4,0,0,0,2,0,0,2,0,0,0,0,0,22,4,0,0,0,0,3,0,4,0,4,0,0,0,1,18,1,0
E:\Supriya's_Monolithic Projects\eventuate-tram-examples-customers-and-orders\order-service-api-messaging\src\main\java\io\eventuate\examples\tram\ordersandcustomers\orders\domain\events\OrderApprovedEvent.java,io.eventuate.examples.tram.ordersandcustomers.orders.domain.events.OrderApprovedEvent,class,2,4,2,2,3,1,0,0,1,0.33333334,0.33333334,0.33333334,3,0,3,0,0,0,3,0,0,0,1,0,0,1,0,0,0,0,0,11,1,0,0,0,0,0,0,1,0,1,0,0,0,0,6,1,0
E:\Supriya's_Monolithic Projects\eventuate-tram-examples-customers-and-orders\order-history-text-search-service\src\main\java\io\eventuate\examples\tram\ordersandcustomers\orderhistorytextsearch\repositories\RepositoriesConfiguration.java,io.eventuate.examples.tram.ordersandcustomers.orderhistorytextsearch.repositories.RepositoriesConfiguration,class,2,3,1,2,0,1,0,0,0,0.0,-1.0,-1.0,0,0,0,0,0,0,0,0,0,0,0,0,0,0,0,0,0,0,0,2,0,0,0,0,0,0,0,0,0,0,0,0,0,0,2,1,0
E:\Supriya's_Monolithic Projects\eventuate-tram-examples-customers-and-orders\customer-service-api-web\src\main\java\io\eventuate\examples\tram\ordersandcustomers\customers\webapi\CreateCustomerResponse.java,io.eventuate.examples.tram.ordersandcustomers.customers.webapi.CreateCustomerResponse,class,0,2,2,0,4,1,0,0,0,0.25,0.5,0.5,4,0,4,0,0,0,4,0,0,0,1,0,0,1,0,0,0,0,0,14,1,0,0,0,0,0,0,2,0,1,0,0,0,0,8,1,0
E:\Supriya's_Monolithic Projects\eventuate-tram-examples-customers-and-orders\customer-service-api-messaging\src\main\java\io\eventuate\examples\tram\ordersandcustomers\customers\domain\events\CustomerCreatedEvent.java,io.eventuate.examples.tram.ordersandcustomers.customers.domain.events.CustomerCreatedEvent,class,2,4,2,2,6,1,0,0,3,0.5,0.4,0.6666667,6,0,6,0,0,0,6,0,0,0,2,0,0,2,0,0,0,0,0,22,2,0,0,0,0,0,0,4,0,2,0,0,0,0,11,1,0
E:\Supriya's_Monolithic Projects\eventuate-tram-examples-customers-and-orders\order-service-api-web\src\main\java\io\eventuate\examples\tram\ordersandcustomers\orders\webapi\CreateOrderResponse.java,io.eventuate.examples.tram.ordersandcustomers.orders.webapi.CreateOrderResponse,class,0,2,2,0,3,1,0,0,1,0.33333334,0.33333334,0.33333334,3,0,3,0,0,0,3,0,0,0,1,0,0,1,0,0,0,0,0,11,1,0,0,0,0,0,0,1,0,1,0,0,0,0,7,1,0
E:\Supriya's_Monolithic Projects\eventuate-tram-examples-customers-and-orders\order-history-text-search-service-api-web\src\main\java\io\eventuate\examples\tram\ordersandcustomers\orderhistorytextsearch\apiweb\OrderTextView.java,io.eventuate.examples.tram.ordersandcustomers.orderhistorytextsearch.apiweb.OrderTextView,class,1,4,3,1,8,2,0,0,10,0.775,0.32142857,0.75,8,0,8,0,0,0,8,0,0,0,5,2,2,3,0,0,2,0,0,33,3,0,0,0,0,2,0,8,0,5,0,0,0,0,21,1,0
E:\Supriya's_Monolithic Projects\eventuate-tram-examples-customers-and-orders\customer-service\src\main\java\io\eventuate\examples\tram\ordersandcustomers\customers\domain\Customer.java,io.eventuate.examples.tram.ordersandcustomers.customers.domain.Customer,class,13,16,3,13,10,1,0,13,10,0.7592592,0.3611111,0.5833333,9,1,8,0,0,1,9,0,0,0,6,0,0,6,0,0,0,0,3,41,5,0,0,0,0,1,0,5,0,7,1,0,0,0,27,1,0
E:\Supriya's_Monolithic Projects\eventuate-tram-examples-customers-and-orders\customer-service-api-messaging\src\main\java\io\eventuate\examples\tram\ordersandcustomers\customers\domain\events\CustomerSnapshotEvent.java,io.eventuate.examples.tram.ordersandcustomers.customers.domain.events.CustomerSnapshotEvent,class,2,3,1,2,8,1,0,0,10,0.625,0.32142857,0.75,8,0,8,0,0,0,8,0,0,0,3,0,0,3,0,0,0,0,0,30,3,0,0,0,0,0,0,6,0,3,0,0,0,0,15,1,0
E:\Supriya's_Monolithic Projects\eventuate-tram-examples-customers-and-orders\order-service-api-messaging\src\main\java\io\eventuate\examples\tram\ordersandcustomers\orders\domain\events\OrderCreatedEvent.java,io.eventuate.examples.tram.ordersandcustomers.orders.domain.events.OrderCreatedEvent,class,2,5,3,2,3,1,0,0,1,0.33333334,0.33333334,0.33333334,3,0,3,0,0,0,3,0,0,0,1,0,0,1,0,0,0,0,0,11,1,0,0,0,0,0,0,1,0,1,0,0,0,0,6,1,0
E:\Supriya's_Monolithic Projects\eventuate-tram-examples-customers-and-orders\order-service\src\main\java\io\eventuate\examples\tram\ordersandcustomers\orders\domain\OrderRepository.java,io.eventuate.examples.tram.ordersandcustomers.orders.domain.OrderRepository,interface,2,5,3,2,0,1,0,0,0,0.0,-1.0,-1.0,0,0,0,0,0,0,0,0,0,0,0,0,0,0,0,0,0,0,0,2,0,0,0,0,0,0,0,0,0,0,0,0,0,0,2,1,0
E:\Supriya's_Monolithic Projects\eventuate-tram-examples-customers-and-orders\order-service\src\main\java\io\eventuate\examples\tram\ordersandcustomers\orders\web\OrderWebConfiguration.java,io.eventuate.examples.tram.ordersandcustomers.orders.web.OrderWebConfiguration,class,6,7,1,6,1,1,0,0,0,0.0,NaN,NaN,1,0,1,0,0,0,1,0,0,0,0,0,0,0,0,0,0,0,0,6,1,0,0,0,0,0,0,1,0,1,0,0,0,0,11,1,0
E:\Supriya's_Monolithic Projects\eventuate-tram-examples-customers-and-orders\order-history-service\src\main\java\io\eventuate\examples\tram\ordersandcustomers\orderhistory\backend\OrderHistoryViewService.java,io.eventuate.examples.tram.ordersandcustomers.orderhistory.backend.OrderHistoryViewService,class,8,15,7,8,7,1,0,4,9,0.42857143,0.2,0.2,7,0,6,1,0,0,6,0,0,0,1,0,0,1,0,0,0,0,0,24,0,0,0,0,0,0,10,1,0,1,0,0,0,0,24,1,0
E:\Supriya's_Monolithic Projects\eventuate-tram-examples-customers-and-orders\customer-service-api-messaging\src\main\java\io\eventuate\examples\tram\ordersandcustomers\customers\domain\events\CustomerEvent.java,io.eventuate.examples.tram.ordersandcustomers.customers.domain.events.CustomerEvent,interface,1,3,2,1,0,1,0,0,0,0.0,-1.0,-1.0,0,0,0,0,0,0,0,0,0,0,0,0,0,0,0,0,0,0,0,2,0,0,0,0,0,0,0,0,0,0,0,0,0,0,3,1,0
E:\Supriya's_Monolithic Projects\eventuate-tram-examples-customers-and-orders\customer-service-api-messaging\src\main\java\io\eventuate\examples\tram\ordersandcustomers\customers\domain\events\CustomerValidationFailedEvent.java,io.eventuate.examples.tram.ordersandcustomers.customers.domain.events.CustomerValidationFailedEvent,class,1,3,2,1,2,2,0,0,1,0.0,0.0,0.0,2,0,2,0,0,0,2,0,0,0,0,0,0,0,0,0,0,0,0,7,0,0,0,0,0,0,0,0,0,0,0,0,0,0,9,1,0
E:\Supriya's_Monolithic Projects\eventuate-tram-examples-customers-and-orders\order-service-api-web\src\main\java\io\eventuate\examples\tram\ordersandcustomers\orders\webapi\GetOrderResponse.java,io.eventuate.examples.tram.ordersandcustomers.orders.webapi.GetOrderResponse,class,1,3,2,1,6,1,0,0,3,0.5,0.4,0.6666667,6,0,6,0,0,0,6,0,0,0,2,0,0,2,0,0,0,0,0,22,2,0,0,0,0,0,0,4,0,2,0,0,0,0,9,1,0
E:\Supriya's_Monolithic Projects\eventuate-tram-examples-customers-and-orders\order-service-api-messaging\src\main\java\io\eventuate\examples\tram\ordersandcustomers\orders\domain\events\OrderEvent.java,io.eventuate.examples.tram.ordersandcustomers.orders.domain.events.OrderEvent,interface,1,6,5,1,0,1,0,0,0,0.0,-1.0,-1.0,0,0,0,0,0,0,0,0,0,0,0,0,0,0,0,0,0,0,0,2,0,0,0,0,0,0,0,0,0,0,0,0,0,0,3,1,0
