file,class,method,variable,usage
E:\Supriya's_Monolithic Projects\eventuate-tram-examples-customers-and-orders\order-history-service\src\main\java\io\eventuate\examples\tram\ordersandcustomers\orderhistoryservice\web\customers\CustomerOrderHistoryController.java,io.eventuate.examples.tram.ordersandcustomers.orderhistoryservice.web.customers.CustomerOrderHistoryController,getCustomerCount/0,customerViewRepository,1
E:\Supriya's_Monolithic Projects\eventuate-tram-examples-customers-and-orders\order-history-service\src\main\java\io\eventuate\examples\tram\ordersandcustomers\orderhistoryservice\web\customers\CustomerOrderHistoryController.java,io.eventuate.examples.tram.ordersandcustomers.orderhistoryservice.web.customers.CustomerOrderHistoryController,getCustomer/1[java.lang.Long],customerViewRepository,1
E:\Supriya's_Monolithic Projects\eventuate-tram-examples-customers-and-orders\order-history-service\src\main\java\io\eventuate\examples\tram\ordersandcustomers\orderhistoryservice\web\customers\CustomerOrderHistoryController.java,io.eventuate.examples.tram.ordersandcustomers.orderhistoryservice.web.customers.CustomerOrderHistoryController,CustomerOrderHistoryController/1[io.eventuate.examples.tram.ordersandcustomers.orderhistory.backend.CustomerViewRepository],customerViewRepository,3
E:\Supriya's_Monolithic Projects\eventuate-tram-examples-customers-and-orders\end-to-end-tests\src\test\java\io\eventuate\examples\tram\ordersandcustomers\endtoendtests\CustomersAndOrdersEndToEndTest.java,io.eventuate.examples.tram.ordersandcustomers.endtoendtests.CustomersAndOrdersEndToEndTest,"createOrder/2[java.lang.Long,io.eventuate.examples.tram.ordersandcustomers.endtoendtests.Money]",restTemplate,1
E:\Supriya's_Monolithic Projects\eventuate-tram-examples-customers-and-orders\end-to-end-tests\src\test\java\io\eventuate\examples\tram\ordersandcustomers\endtoendtests\CustomersAndOrdersEndToEndTest.java,io.eventuate.examples.tram.ordersandcustomers.endtoendtests.CustomersAndOrdersEndToEndTest,baseUrlOrderHistory/1[java.lang.String],hostName,1
E:\Supriya's_Monolithic Projects\eventuate-tram-examples-customers-and-orders\end-to-end-tests\src\test\java\io\eventuate\examples\tram\ordersandcustomers\endtoendtests\CustomersAndOrdersEndToEndTest.java,io.eventuate.examples.tram.ordersandcustomers.endtoendtests.CustomersAndOrdersEndToEndTest,baseUrlCustomers/1[java.lang.String],hostName,1
E:\Supriya's_Monolithic Projects\eventuate-tram-examples-customers-and-orders\end-to-end-tests\src\test\java\io\eventuate\examples\tram\ordersandcustomers\endtoendtests\CustomersAndOrdersEndToEndTest.java,io.eventuate.examples.tram.ordersandcustomers.endtoendtests.CustomersAndOrdersEndToEndTest,"createCustomer/2[java.lang.String,io.eventuate.examples.tram.ordersandcustomers.endtoendtests.Money]",restTemplate,1
E:\Supriya's_Monolithic Projects\eventuate-tram-examples-customers-and-orders\end-to-end-tests\src\test\java\io\eventuate\examples\tram\ordersandcustomers\endtoendtests\CustomersAndOrdersEndToEndTest.java,io.eventuate.examples.tram.ordersandcustomers.endtoendtests.CustomersAndOrdersEndToEndTest,"assertOrderState/2[java.lang.Long,io.eventuate.examples.tram.ordersandcustomers.orders.domain.events.OrderState]",restTemplate,1
E:\Supriya's_Monolithic Projects\eventuate-tram-examples-customers-and-orders\end-to-end-tests\src\test\java\io\eventuate\examples\tram\ordersandcustomers\endtoendtests\CustomersAndOrdersEndToEndTest.java,io.eventuate.examples.tram.ordersandcustomers.endtoendtests.CustomersAndOrdersEndToEndTest,getCustomerView/1[java.lang.Long],restTemplate,1
E:\Supriya's_Monolithic Projects\eventuate-tram-examples-customers-and-orders\end-to-end-tests\src\test\java\io\eventuate\examples\tram\ordersandcustomers\endtoendtests\CustomersAndOrdersEndToEndTest.java,io.eventuate.examples.tram.ordersandcustomers.endtoendtests.CustomersAndOrdersEndToEndTest,baseUrlOrders/1[java.lang.String[]],hostName,1
E:\Supriya's_Monolithic Projects\eventuate-tram-examples-customers-and-orders\end-to-end-tests\src\test\java\io\eventuate\examples\tram\ordersandcustomers\endtoendtests\CustomersAndOrdersEndToEndTest.java,io.eventuate.examples.tram.ordersandcustomers.endtoendtests.CustomersAndOrdersEndToEndTest,testSwaggerUiUrl/1[int],hostName,1
E:\Supriya's_Monolithic Projects\eventuate-tram-examples-customers-and-orders\end-to-end-tests\src\test\java\io\eventuate\examples\tram\ordersandcustomers\endtoendtests\CustomersAndOrdersEndToEndTest.java,io.eventuate.examples.tram.ordersandcustomers.endtoendtests.CustomersAndOrdersEndToEndTest,cancelOrder/1[long],restTemplate,1
E:\Supriya's_Monolithic Projects\eventuate-tram-examples-customers-and-orders\order-service-api-messaging\src\main\java\io\eventuate\examples\tram\ordersandcustomers\orders\domain\events\OrderSnapshotEvent.java,io.eventuate.examples.tram.ordersandcustomers.orders.domain.events.OrderSnapshotEvent,"OrderSnapshotEvent/4[java.lang.Long,java.lang.Long,io.eventuate.examples.tram.ordersandcustomers.orders.domain.events.Money,io.eventuate.examples.tram.ordersandcustomers.orders.domain.events.OrderState]",customerId,3
E:\Supriya's_Monolithic Projects\eventuate-tram-examples-customers-and-orders\order-service-api-messaging\src\main\java\io\eventuate\examples\tram\ordersandcustomers\orders\domain\events\OrderSnapshotEvent.java,io.eventuate.examples.tram.ordersandcustomers.orders.domain.events.OrderSnapshotEvent,"OrderSnapshotEvent/4[java.lang.Long,java.lang.Long,io.eventuate.examples.tram.ordersandcustomers.orders.domain.events.Money,io.eventuate.examples.tram.ordersandcustomers.orders.domain.events.OrderState]",id,3
E:\Supriya's_Monolithic Projects\eventuate-tram-examples-customers-and-orders\order-service-api-messaging\src\main\java\io\eventuate\examples\tram\ordersandcustomers\orders\domain\events\OrderSnapshotEvent.java,io.eventuate.examples.tram.ordersandcustomers.orders.domain.events.OrderSnapshotEvent,"OrderSnapshotEvent/4[java.lang.Long,java.lang.Long,io.eventuate.examples.tram.ordersandcustomers.orders.domain.events.Money,io.eventuate.examples.tram.ordersandcustomers.orders.domain.events.OrderState]",orderTotal,3
E:\Supriya's_Monolithic Projects\eventuate-tram-examples-customers-and-orders\order-service-api-messaging\src\main\java\io\eventuate\examples\tram\ordersandcustomers\orders\domain\events\OrderSnapshotEvent.java,io.eventuate.examples.tram.ordersandcustomers.orders.domain.events.OrderSnapshotEvent,"OrderSnapshotEvent/4[java.lang.Long,java.lang.Long,io.eventuate.examples.tram.ordersandcustomers.orders.domain.events.Money,io.eventuate.examples.tram.ordersandcustomers.orders.domain.events.OrderState]",orderState,3
E:\Supriya's_Monolithic Projects\eventuate-tram-examples-customers-and-orders\order-service-api-messaging\src\main\java\io\eventuate\examples\tram\ordersandcustomers\orders\domain\events\OrderSnapshotEvent.java,io.eventuate.examples.tram.ordersandcustomers.orders.domain.events.OrderSnapshotEvent,getCustomerId/0,customerId,1
E:\Supriya's_Monolithic Projects\eventuate-tram-examples-customers-and-orders\order-service-api-messaging\src\main\java\io\eventuate\examples\tram\ordersandcustomers\orders\domain\events\OrderSnapshotEvent.java,io.eventuate.examples.tram.ordersandcustomers.orders.domain.events.OrderSnapshotEvent,setCustomerId/1[java.lang.Long],customerId,3
E:\Supriya's_Monolithic Projects\eventuate-tram-examples-customers-and-orders\order-service-api-messaging\src\main\java\io\eventuate\examples\tram\ordersandcustomers\orders\domain\events\OrderSnapshotEvent.java,io.eventuate.examples.tram.ordersandcustomers.orders.domain.events.OrderSnapshotEvent,getId/0,id,1
E:\Supriya's_Monolithic Projects\eventuate-tram-examples-customers-and-orders\order-service-api-messaging\src\main\java\io\eventuate\examples\tram\ordersandcustomers\orders\domain\events\OrderSnapshotEvent.java,io.eventuate.examples.tram.ordersandcustomers.orders.domain.events.OrderSnapshotEvent,setId/1[java.lang.Long],id,3
E:\Supriya's_Monolithic Projects\eventuate-tram-examples-customers-and-orders\order-service-api-messaging\src\main\java\io\eventuate\examples\tram\ordersandcustomers\orders\domain\events\OrderSnapshotEvent.java,io.eventuate.examples.tram.ordersandcustomers.orders.domain.events.OrderSnapshotEvent,setOrderState/1[io.eventuate.examples.tram.ordersandcustomers.orders.domain.events.OrderState],orderState,3
E:\Supriya's_Monolithic Projects\eventuate-tram-examples-customers-and-orders\order-service-api-messaging\src\main\java\io\eventuate\examples\tram\ordersandcustomers\orders\domain\events\OrderSnapshotEvent.java,io.eventuate.examples.tram.ordersandcustomers.orders.domain.events.OrderSnapshotEvent,setOrderTotal/1[io.eventuate.examples.tram.ordersandcustomers.orders.domain.events.Money],orderTotal,3
E:\Supriya's_Monolithic Projects\eventuate-tram-examples-customers-and-orders\order-service-api-messaging\src\main\java\io\eventuate\examples\tram\ordersandcustomers\orders\domain\events\OrderSnapshotEvent.java,io.eventuate.examples.tram.ordersandcustomers.orders.domain.events.OrderSnapshotEvent,getOrderState/0,orderState,1
E:\Supriya's_Monolithic Projects\eventuate-tram-examples-customers-and-orders\order-service-api-messaging\src\main\java\io\eventuate\examples\tram\ordersandcustomers\orders\domain\events\OrderSnapshotEvent.java,io.eventuate.examples.tram.ordersandcustomers.orders.domain.events.OrderSnapshotEvent,getOrderTotal/0,orderTotal,1
E:\Supriya's_Monolithic Projects\eventuate-tram-examples-customers-and-orders\order-history-text-search-service\src\main\java\io\eventuate\examples\tram\ordersandcustomers\orderhistorytextsearch\web\OrderTextViewController.java,io.eventuate.examples.tram.ordersandcustomers.orderhistorytextsearch.web.OrderTextViewController,createOrderTextView/1[io.eventuate.examples.tram.ordersandcustomers.orderhistorytextsearch.apiweb.OrderTextView],orderTextViewService,1
E:\Supriya's_Monolithic Projects\eventuate-tram-examples-customers-and-orders\order-history-text-search-service\src\main\java\io\eventuate\examples\tram\ordersandcustomers\orderhistorytextsearch\web\OrderTextViewController.java,io.eventuate.examples.tram.ordersandcustomers.orderhistorytextsearch.web.OrderTextViewController,search/1[java.lang.String],orderTextViewService,1
E:\Supriya's_Monolithic Projects\eventuate-tram-examples-customers-and-orders\order-service\src\main\java\io\eventuate\examples\tram\ordersandcustomers\orders\domain\Order.java,io.eventuate.examples.tram.ordersandcustomers.orders.domain.Order,cancel/0,state,3
E:\Supriya's_Monolithic Projects\eventuate-tram-examples-customers-and-orders\order-service\src\main\java\io\eventuate\examples\tram\ordersandcustomers\orders\domain\Order.java,io.eventuate.examples.tram.ordersandcustomers.orders.domain.Order,createOrder/1[io.eventuate.examples.tram.ordersandcustomers.orders.domain.events.OrderDetails],orderDetails,3
E:\Supriya's_Monolithic Projects\eventuate-tram-examples-customers-and-orders\order-service\src\main\java\io\eventuate\examples\tram\ordersandcustomers\orders\domain\Order.java,io.eventuate.examples.tram.ordersandcustomers.orders.domain.Order,Order/1[io.eventuate.examples.tram.ordersandcustomers.orders.domain.events.OrderDetails],orderDetails,3
E:\Supriya's_Monolithic Projects\eventuate-tram-examples-customers-and-orders\order-service\src\main\java\io\eventuate\examples\tram\ordersandcustomers\orders\domain\Order.java,io.eventuate.examples.tram.ordersandcustomers.orders.domain.Order,Order/1[io.eventuate.examples.tram.ordersandcustomers.orders.domain.events.OrderDetails],state,1
E:\Supriya's_Monolithic Projects\eventuate-tram-examples-customers-and-orders\order-service\src\main\java\io\eventuate\examples\tram\ordersandcustomers\orders\domain\Order.java,io.eventuate.examples.tram.ordersandcustomers.orders.domain.Order,noteCreditReservationFailed/0,state,1
E:\Supriya's_Monolithic Projects\eventuate-tram-examples-customers-and-orders\order-service\src\main\java\io\eventuate\examples\tram\ordersandcustomers\orders\domain\Order.java,io.eventuate.examples.tram.ordersandcustomers.orders.domain.Order,getState/0,state,1
E:\Supriya's_Monolithic Projects\eventuate-tram-examples-customers-and-orders\order-service\src\main\java\io\eventuate\examples\tram\ordersandcustomers\orders\domain\Order.java,io.eventuate.examples.tram.ordersandcustomers.orders.domain.Order,getId/0,id,1
E:\Supriya's_Monolithic Projects\eventuate-tram-examples-customers-and-orders\order-service\src\main\java\io\eventuate\examples\tram\ordersandcustomers\orders\domain\Order.java,io.eventuate.examples.tram.ordersandcustomers.orders.domain.Order,noteCreditReserved/0,state,1
E:\Supriya's_Monolithic Projects\eventuate-tram-examples-customers-and-orders\order-service\src\main\java\io\eventuate\examples\tram\ordersandcustomers\orders\domain\Order.java,io.eventuate.examples.tram.ordersandcustomers.orders.domain.Order,getOrderDetails/0,orderDetails,1
E:\Supriya's_Monolithic Projects\eventuate-tram-examples-customers-and-orders\order-service-api-messaging\src\main\java\io\eventuate\examples\tram\ordersandcustomers\orders\domain\events\OrderCancelledEvent.java,io.eventuate.examples.tram.ordersandcustomers.orders.domain.events.OrderCancelledEvent,OrderCancelledEvent/1[io.eventuate.examples.tram.ordersandcustomers.orders.domain.events.OrderDetails],orderDetails,3
E:\Supriya's_Monolithic Projects\eventuate-tram-examples-customers-and-orders\order-service-api-messaging\src\main\java\io\eventuate\examples\tram\ordersandcustomers\orders\domain\events\OrderCancelledEvent.java,io.eventuate.examples.tram.ordersandcustomers.orders.domain.events.OrderCancelledEvent,getOrderDetails/0,orderDetails,1
E:\Supriya's_Monolithic Projects\eventuate-tram-examples-customers-and-orders\order-service\src\main\java\io\eventuate\examples\tram\ordersandcustomers\orders\service\CustomerEventConsumer.java,io.eventuate.examples.tram.ordersandcustomers.orders.service.CustomerEventConsumer,handleCustomerCreditReservationFailedEvent/1[io.eventuate.examples.tram.ordersandcustomers.orders.service.DomainEventEnvelope<io.eventuate.examples.tram.ordersandcustomers.customers.domain.events.CustomerCreditReservationFailedEvent>],orderService,1
E:\Supriya's_Monolithic Projects\eventuate-tram-examples-customers-and-orders\order-service\src\main\java\io\eventuate\examples\tram\ordersandcustomers\orders\service\CustomerEventConsumer.java,io.eventuate.examples.tram.ordersandcustomers.orders.service.CustomerEventConsumer,handleCustomerCreditReservedEvent/1[io.eventuate.examples.tram.ordersandcustomers.orders.service.DomainEventEnvelope<io.eventuate.examples.tram.ordersandcustomers.customers.domain.events.CustomerCreditReservedEvent>],orderService,1
E:\Supriya's_Monolithic Projects\eventuate-tram-examples-customers-and-orders\order-service\src\main\java\io\eventuate\examples\tram\ordersandcustomers\orders\service\CustomerEventConsumer.java,io.eventuate.examples.tram.ordersandcustomers.orders.service.CustomerEventConsumer,handleCustomerValidationFailedEvent/1[io.eventuate.examples.tram.ordersandcustomers.orders.service.DomainEventEnvelope<io.eventuate.examples.tram.ordersandcustomers.customers.domain.events.CustomerValidationFailedEvent>],orderService,1
E:\Supriya's_Monolithic Projects\eventuate-tram-examples-customers-and-orders\order-history-text-search-service-api-web\src\main\java\io\eventuate\examples\tram\ordersandcustomers\orderhistorytextsearch\apiweb\TextView.java,io.eventuate.examples.tram.ordersandcustomers.orderhistorytextsearch.apiweb.TextView,getId/0,id,1
E:\Supriya's_Monolithic Projects\eventuate-tram-examples-customers-and-orders\order-history-text-search-service-api-web\src\main\java\io\eventuate\examples\tram\ordersandcustomers\orderhistorytextsearch\apiweb\TextView.java,io.eventuate.examples.tram.ordersandcustomers.orderhistorytextsearch.apiweb.TextView,setId/1[java.lang.String],id,3
E:\Supriya's_Monolithic Projects\eventuate-tram-examples-customers-and-orders\order-history-text-search-service-api-web\src\main\java\io\eventuate\examples\tram\ordersandcustomers\orderhistorytextsearch\apiweb\TextView.java,io.eventuate.examples.tram.ordersandcustomers.orderhistorytextsearch.apiweb.TextView,TextView/1[java.lang.String],id,3
E:\Supriya's_Monolithic Projects\eventuate-tram-examples-customers-and-orders\order-history-text-search-service\src\main\java\io\eventuate\examples\tram\ordersandcustomers\orderhistorytextsearch\web\CustomerTextViewController.java,io.eventuate.examples.tram.ordersandcustomers.orderhistorytextsearch.web.CustomerTextViewController,createCustomerTextView/1[io.eventuate.examples.tram.ordersandcustomers.orderhistorytextsearch.apiweb.CustomerTextView],customerTextViewService,1
E:\Supriya's_Monolithic Projects\eventuate-tram-examples-customers-and-orders\order-history-text-search-service\src\main\java\io\eventuate\examples\tram\ordersandcustomers\orderhistorytextsearch\web\CustomerTextViewController.java,io.eventuate.examples.tram.ordersandcustomers.orderhistorytextsearch.web.CustomerTextViewController,search/1[java.lang.String],customerTextViewService,1
E:\Supriya's_Monolithic Projects\eventuate-tram-examples-customers-and-orders\order-history-service\src\main\java\io\eventuate\examples\tram\ordersandcustomers\orderhistory\backend\OrderHistoryEventConsumer.java,io.eventuate.examples.tram.ordersandcustomers.orderhistory.backend.OrderHistoryEventConsumer,orderRejectedEventHandler/1[io.eventuate.examples.tram.ordersandcustomers.orderhistory.backend.DomainEventEnvelope<io.eventuate.examples.tram.ordersandcustomers.orders.domain.events.OrderRejectedEvent>],orderHistoryViewService,1
E:\Supriya's_Monolithic Projects\eventuate-tram-examples-customers-and-orders\order-history-service\src\main\java\io\eventuate\examples\tram\ordersandcustomers\orderhistory\backend\OrderHistoryEventConsumer.java,io.eventuate.examples.tram.ordersandcustomers.orderhistory.backend.OrderHistoryEventConsumer,orderApprovedEventHandler/1[io.eventuate.examples.tram.ordersandcustomers.orderhistory.backend.DomainEventEnvelope<io.eventuate.examples.tram.ordersandcustomers.orders.domain.events.OrderApprovedEvent>],orderHistoryViewService,1
E:\Supriya's_Monolithic Projects\eventuate-tram-examples-customers-and-orders\order-history-service\src\main\java\io\eventuate\examples\tram\ordersandcustomers\orderhistory\backend\OrderHistoryEventConsumer.java,io.eventuate.examples.tram.ordersandcustomers.orderhistory.backend.OrderHistoryEventConsumer,customerCreatedEventHandler/1[io.eventuate.examples.tram.ordersandcustomers.orderhistory.backend.DomainEventEnvelope<io.eventuate.examples.tram.ordersandcustomers.customers.domain.events.CustomerCreatedEvent>],orderHistoryViewService,1
E:\Supriya's_Monolithic Projects\eventuate-tram-examples-customers-and-orders\order-history-service\src\main\java\io\eventuate\examples\tram\ordersandcustomers\orderhistory\backend\OrderHistoryEventConsumer.java,io.eventuate.examples.tram.ordersandcustomers.orderhistory.backend.OrderHistoryEventConsumer,orderCreatedEventHandler/1[io.eventuate.examples.tram.ordersandcustomers.orderhistory.backend.DomainEventEnvelope<io.eventuate.examples.tram.ordersandcustomers.orders.domain.events.OrderCreatedEvent>],orderHistoryViewService,1
E:\Supriya's_Monolithic Projects\eventuate-tram-examples-customers-and-orders\order-history-service\src\main\java\io\eventuate\examples\tram\ordersandcustomers\orderhistory\backend\OrderHistoryEventConsumer.java,io.eventuate.examples.tram.ordersandcustomers.orderhistory.backend.OrderHistoryEventConsumer,handleOrderCancelledEvent/1[io.eventuate.examples.tram.ordersandcustomers.orderhistory.backend.DomainEventEnvelope<io.eventuate.examples.tram.ordersandcustomers.orders.domain.events.OrderCancelledEvent>],orderHistoryViewService,1
E:\Supriya's_Monolithic Projects\eventuate-tram-examples-customers-and-orders\order-history-service\src\main\java\io\eventuate\examples\tram\ordersandcustomers\orderhistory\backend\OrderHistoryEventConsumer.java,io.eventuate.examples.tram.ordersandcustomers.orderhistory.backend.OrderHistoryEventConsumer,OrderHistoryEventConsumer/1[io.eventuate.examples.tram.ordersandcustomers.orderhistory.backend.OrderHistoryViewService],orderHistoryViewService,3
E:\Supriya's_Monolithic Projects\eventuate-tram-examples-customers-and-orders\order-history-service\src\test\java\net\chrisrichardson\eventstore\examples\customersandorders\views\orderhistory\CustomerViewRepositoryIntegrationTest.java,net.chrisrichardson.eventstore.examples.customersandorders.views.orderhistory.CustomerViewRepositoryIntegrationTest,shouldCreateAndFindCustomer/0,customerViewRepository,2
E:\Supriya's_Monolithic Projects\eventuate-tram-examples-customers-and-orders\order-service-api-messaging\src\main\java\io\eventuate\examples\tram\ordersandcustomers\orders\domain\events\OrderDetails.java,io.eventuate.examples.tram.ordersandcustomers.orders.domain.events.OrderDetails,"OrderDetails/2[java.lang.Long,io.eventuate.examples.tram.ordersandcustomers.orders.domain.events.Money]",customerId,3
E:\Supriya's_Monolithic Projects\eventuate-tram-examples-customers-and-orders\order-service-api-messaging\src\main\java\io\eventuate\examples\tram\ordersandcustomers\orders\domain\events\OrderDetails.java,io.eventuate.examples.tram.ordersandcustomers.orders.domain.events.OrderDetails,"OrderDetails/2[java.lang.Long,io.eventuate.examples.tram.ordersandcustomers.orders.domain.events.Money]",orderTotal,3
E:\Supriya's_Monolithic Projects\eventuate-tram-examples-customers-and-orders\order-service-api-messaging\src\main\java\io\eventuate\examples\tram\ordersandcustomers\orders\domain\events\OrderDetails.java,io.eventuate.examples.tram.ordersandcustomers.orders.domain.events.OrderDetails,getCustomerId/0,customerId,1
E:\Supriya's_Monolithic Projects\eventuate-tram-examples-customers-and-orders\order-service-api-messaging\src\main\java\io\eventuate\examples\tram\ordersandcustomers\orders\domain\events\OrderDetails.java,io.eventuate.examples.tram.ordersandcustomers.orders.domain.events.OrderDetails,getOrderTotal/0,orderTotal,1
E:\Supriya's_Monolithic Projects\eventuate-tram-examples-customers-and-orders\order-service\src\main\java\io\eventuate\examples\tram\ordersandcustomers\orders\service\OrderService.java,io.eventuate.examples.tram.ordersandcustomers.orders.service.OrderService,approveOrder/1[java.lang.Long],domainEventPublisher,1
E:\Supriya's_Monolithic Projects\eventuate-tram-examples-customers-and-orders\order-service\src\main\java\io\eventuate\examples\tram\ordersandcustomers\orders\service\OrderService.java,io.eventuate.examples.tram.ordersandcustomers.orders.service.OrderService,approveOrder/1[java.lang.Long],orderRepository,1
E:\Supriya's_Monolithic Projects\eventuate-tram-examples-customers-and-orders\order-service\src\main\java\io\eventuate\examples\tram\ordersandcustomers\orders\service\OrderService.java,io.eventuate.examples.tram.ordersandcustomers.orders.service.OrderService,rejectOrder/1[java.lang.Long],domainEventPublisher,1
E:\Supriya's_Monolithic Projects\eventuate-tram-examples-customers-and-orders\order-service\src\main\java\io\eventuate\examples\tram\ordersandcustomers\orders\service\OrderService.java,io.eventuate.examples.tram.ordersandcustomers.orders.service.OrderService,rejectOrder/1[java.lang.Long],orderRepository,1
E:\Supriya's_Monolithic Projects\eventuate-tram-examples-customers-and-orders\order-service\src\main\java\io\eventuate\examples\tram\ordersandcustomers\orders\service\OrderService.java,io.eventuate.examples.tram.ordersandcustomers.orders.service.OrderService,cancelOrder/1[java.lang.Long],domainEventPublisher,1
E:\Supriya's_Monolithic Projects\eventuate-tram-examples-customers-and-orders\order-service\src\main\java\io\eventuate\examples\tram\ordersandcustomers\orders\service\OrderService.java,io.eventuate.examples.tram.ordersandcustomers.orders.service.OrderService,cancelOrder/1[java.lang.Long],orderRepository,1
E:\Supriya's_Monolithic Projects\eventuate-tram-examples-customers-and-orders\order-service\src\main\java\io\eventuate\examples\tram\ordersandcustomers\orders\service\OrderService.java,io.eventuate.examples.tram.ordersandcustomers.orders.service.OrderService,"OrderService/2[io.eventuate.examples.tram.ordersandcustomers.orders.service.DomainEventPublisher,io.eventuate.examples.tram.ordersandcustomers.orders.domain.OrderRepository]",domainEventPublisher,3
E:\Supriya's_Monolithic Projects\eventuate-tram-examples-customers-and-orders\order-service\src\main\java\io\eventuate\examples\tram\ordersandcustomers\orders\service\OrderService.java,io.eventuate.examples.tram.ordersandcustomers.orders.service.OrderService,"OrderService/2[io.eventuate.examples.tram.ordersandcustomers.orders.service.DomainEventPublisher,io.eventuate.examples.tram.ordersandcustomers.orders.domain.OrderRepository]",orderRepository,3
E:\Supriya's_Monolithic Projects\eventuate-tram-examples-customers-and-orders\order-service\src\main\java\io\eventuate\examples\tram\ordersandcustomers\orders\service\OrderService.java,io.eventuate.examples.tram.ordersandcustomers.orders.service.OrderService,createOrder/1[io.eventuate.examples.tram.ordersandcustomers.orders.domain.events.OrderDetails],domainEventPublisher,1
E:\Supriya's_Monolithic Projects\eventuate-tram-examples-customers-and-orders\order-service\src\main\java\io\eventuate\examples\tram\ordersandcustomers\orders\service\OrderService.java,io.eventuate.examples.tram.ordersandcustomers.orders.service.OrderService,createOrder/1[io.eventuate.examples.tram.ordersandcustomers.orders.domain.events.OrderDetails],orderRepository,1
E:\Supriya's_Monolithic Projects\eventuate-tram-examples-customers-and-orders\order-service-api-messaging\src\main\java\io\eventuate\examples\tram\ordersandcustomers\orders\domain\events\OrderCancelConfirmedEvent.java,io.eventuate.examples.tram.ordersandcustomers.orders.domain.events.OrderCancelConfirmedEvent,OrderCancelConfirmedEvent/1[io.eventuate.examples.tram.ordersandcustomers.orders.domain.events.OrderDetails],orderDetails,3
E:\Supriya's_Monolithic Projects\eventuate-tram-examples-customers-and-orders\order-service-api-messaging\src\main\java\io\eventuate\examples\tram\ordersandcustomers\orders\domain\events\OrderCancelConfirmedEvent.java,io.eventuate.examples.tram.ordersandcustomers.orders.domain.events.OrderCancelConfirmedEvent,getOrderDetails/0,orderDetails,1
E:\Supriya's_Monolithic Projects\eventuate-tram-examples-customers-and-orders\order-service-api-messaging\src\main\java\io\eventuate\examples\tram\ordersandcustomers\orders\domain\events\OrderRejectedEvent.java,io.eventuate.examples.tram.ordersandcustomers.orders.domain.events.OrderRejectedEvent,getOrderDetails/0,orderDetails,1
E:\Supriya's_Monolithic Projects\eventuate-tram-examples-customers-and-orders\order-service-api-messaging\src\main\java\io\eventuate\examples\tram\ordersandcustomers\orders\domain\events\OrderRejectedEvent.java,io.eventuate.examples.tram.ordersandcustomers.orders.domain.events.OrderRejectedEvent,OrderRejectedEvent/1[io.eventuate.examples.tram.ordersandcustomers.orders.domain.events.OrderDetails],orderDetails,3
E:\Supriya's_Monolithic Projects\eventuate-tram-examples-customers-and-orders\order-history-service\src\main\java\io\eventuate\examples\tram\ordersandcustomers\orderhistory\backend\OrderViewRepositoryImpl.java,io.eventuate.examples.tram.ordersandcustomers.orderhistory.backend.OrderViewRepositoryImpl,"updateOrderState/2[java.lang.Long,io.eventuate.examples.tram.ordersandcustomers.orders.domain.events.OrderState]",mongoTemplate,1
E:\Supriya's_Monolithic Projects\eventuate-tram-examples-customers-and-orders\order-history-service\src\main\java\io\eventuate\examples\tram\ordersandcustomers\orderhistory\backend\OrderViewRepositoryImpl.java,io.eventuate.examples.tram.ordersandcustomers.orderhistory.backend.OrderViewRepositoryImpl,OrderViewRepositoryImpl/1[io.eventuate.examples.tram.ordersandcustomers.orderhistory.backend.MongoTemplate],mongoTemplate,3
E:\Supriya's_Monolithic Projects\eventuate-tram-examples-customers-and-orders\order-history-service\src\main\java\io\eventuate\examples\tram\ordersandcustomers\orderhistory\backend\OrderViewRepositoryImpl.java,io.eventuate.examples.tram.ordersandcustomers.orderhistory.backend.OrderViewRepositoryImpl,"addOrder/2[java.lang.Long,io.eventuate.examples.tram.ordersandcustomers.orderhistory.backend.Money]",mongoTemplate,1
E:\Supriya's_Monolithic Projects\eventuate-tram-examples-customers-and-orders\order-history-text-search-service-api-web\src\main\java\io\eventuate\examples\tram\ordersandcustomers\orderhistorytextsearch\apiweb\CustomerTextView.java,io.eventuate.examples.tram.ordersandcustomers.orderhistorytextsearch.apiweb.CustomerTextView,"CustomerTextView/3[java.lang.String,java.lang.String,java.lang.String]",name,3
E:\Supriya's_Monolithic Projects\eventuate-tram-examples-customers-and-orders\order-history-text-search-service-api-web\src\main\java\io\eventuate\examples\tram\ordersandcustomers\orderhistorytextsearch\apiweb\CustomerTextView.java,io.eventuate.examples.tram.ordersandcustomers.orderhistorytextsearch.apiweb.CustomerTextView,"CustomerTextView/3[java.lang.String,java.lang.String,java.lang.String]",creditLimit,3
E:\Supriya's_Monolithic Projects\eventuate-tram-examples-customers-and-orders\order-history-text-search-service-api-web\src\main\java\io\eventuate\examples\tram\ordersandcustomers\orderhistorytextsearch\apiweb\CustomerTextView.java,io.eventuate.examples.tram.ordersandcustomers.orderhistorytextsearch.apiweb.CustomerTextView,setCreditLimit/1[java.lang.String],creditLimit,3
E:\Supriya's_Monolithic Projects\eventuate-tram-examples-customers-and-orders\order-history-text-search-service-api-web\src\main\java\io\eventuate\examples\tram\ordersandcustomers\orderhistorytextsearch\apiweb\CustomerTextView.java,io.eventuate.examples.tram.ordersandcustomers.orderhistorytextsearch.apiweb.CustomerTextView,getCreditLimit/0,creditLimit,1
E:\Supriya's_Monolithic Projects\eventuate-tram-examples-customers-and-orders\order-history-text-search-service-api-web\src\main\java\io\eventuate\examples\tram\ordersandcustomers\orderhistorytextsearch\apiweb\CustomerTextView.java,io.eventuate.examples.tram.ordersandcustomers.orderhistorytextsearch.apiweb.CustomerTextView,getName/0,name,1
E:\Supriya's_Monolithic Projects\eventuate-tram-examples-customers-and-orders\order-history-text-search-service-api-web\src\main\java\io\eventuate\examples\tram\ordersandcustomers\orderhistorytextsearch\apiweb\CustomerTextView.java,io.eventuate.examples.tram.ordersandcustomers.orderhistorytextsearch.apiweb.CustomerTextView,setName/1[java.lang.String],name,3
E:\Supriya's_Monolithic Projects\eventuate-tram-examples-customers-and-orders\customer-service-api-messaging\src\main\java\io\eventuate\examples\tram\ordersandcustomers\customers\domain\events\AbstractCustomerOrderEvent.java,io.eventuate.examples.tram.ordersandcustomers.customers.domain.events.AbstractCustomerOrderEvent,getOrderId/0,orderId,1
E:\Supriya's_Monolithic Projects\eventuate-tram-examples-customers-and-orders\customer-service-api-messaging\src\main\java\io\eventuate\examples\tram\ordersandcustomers\customers\domain\events\AbstractCustomerOrderEvent.java,io.eventuate.examples.tram.ordersandcustomers.customers.domain.events.AbstractCustomerOrderEvent,setOrderId/1[java.lang.Long],orderId,3
E:\Supriya's_Monolithic Projects\eventuate-tram-examples-customers-and-orders\customer-service-api-messaging\src\main\java\io\eventuate\examples\tram\ordersandcustomers\customers\domain\events\AbstractCustomerOrderEvent.java,io.eventuate.examples.tram.ordersandcustomers.customers.domain.events.AbstractCustomerOrderEvent,AbstractCustomerOrderEvent/1[java.lang.Long],orderId,3
E:\Supriya's_Monolithic Projects\eventuate-tram-examples-customers-and-orders\customer-service\src\main\java\io\eventuate\examples\tram\ordersandcustomers\customers\web\CustomerController.java,io.eventuate.examples.tram.ordersandcustomers.customers.web.CustomerController,createCustomer/1[io.eventuate.examples.tram.ordersandcustomers.customers.webapi.CreateCustomerRequest],customerService,1
E:\Supriya's_Monolithic Projects\eventuate-tram-examples-customers-and-orders\customer-service\src\main\java\io\eventuate\examples\tram\ordersandcustomers\customers\web\CustomerController.java,io.eventuate.examples.tram.ordersandcustomers.customers.web.CustomerController,CustomerController/1[io.eventuate.examples.tram.ordersandcustomers.customers.service.CustomerService],customerService,3
E:\Supriya's_Monolithic Projects\eventuate-tram-examples-customers-and-orders\order-history-service\src\main\java\io\eventuate\examples\tram\ordersandcustomers\orderhistory\backend\CustomerViewRepositoryImpl.java,io.eventuate.examples.tram.ordersandcustomers.orderhistory.backend.CustomerViewRepositoryImpl,"addCustomer/3[java.lang.Long,java.lang.String,io.eventuate.examples.tram.ordersandcustomers.orderhistory.backend.Money]",mongoTemplate,1
E:\Supriya's_Monolithic Projects\eventuate-tram-examples-customers-and-orders\order-history-service\src\main\java\io\eventuate\examples\tram\ordersandcustomers\orderhistory\backend\CustomerViewRepositoryImpl.java,io.eventuate.examples.tram.ordersandcustomers.orderhistory.backend.CustomerViewRepositoryImpl,"updateOrderState/3[java.lang.Long,java.lang.Long,io.eventuate.examples.tram.ordersandcustomers.orders.domain.events.OrderState]",mongoTemplate,1
E:\Supriya's_Monolithic Projects\eventuate-tram-examples-customers-and-orders\order-history-service\src\main\java\io\eventuate\examples\tram\ordersandcustomers\orderhistory\backend\CustomerViewRepositoryImpl.java,io.eventuate.examples.tram.ordersandcustomers.orderhistory.backend.CustomerViewRepositoryImpl,"addOrder/3[java.lang.Long,java.lang.Long,io.eventuate.examples.tram.ordersandcustomers.orderhistory.backend.Money]",mongoTemplate,1
E:\Supriya's_Monolithic Projects\eventuate-tram-examples-customers-and-orders\order-history-service\src\main\java\io\eventuate\examples\tram\ordersandcustomers\orderhistory\backend\CustomerViewRepositoryImpl.java,io.eventuate.examples.tram.ordersandcustomers.orderhistory.backend.CustomerViewRepositoryImpl,CustomerViewRepositoryImpl/1[io.eventuate.examples.tram.ordersandcustomers.orderhistory.backend.MongoTemplate],mongoTemplate,3
E:\Supriya's_Monolithic Projects\eventuate-tram-examples-customers-and-orders\order-history-service-api-web\src\main\java\io\eventuate\examples\tram\ordersandcustomers\orderhistory\common\OrderView.java,io.eventuate.examples.tram.ordersandcustomers.orderhistory.common.OrderView,"OrderView/2[java.lang.Long,io.eventuate.examples.tram.ordersandcustomers.orderhistory.common.Money]",id,3
E:\Supriya's_Monolithic Projects\eventuate-tram-examples-customers-and-orders\order-history-service-api-web\src\main\java\io\eventuate\examples\tram\ordersandcustomers\orderhistory\common\OrderView.java,io.eventuate.examples.tram.ordersandcustomers.orderhistory.common.OrderView,"OrderView/2[java.lang.Long,io.eventuate.examples.tram.ordersandcustomers.orderhistory.common.Money]",state,1
E:\Supriya's_Monolithic Projects\eventuate-tram-examples-customers-and-orders\order-history-service-api-web\src\main\java\io\eventuate\examples\tram\ordersandcustomers\orderhistory\common\OrderView.java,io.eventuate.examples.tram.ordersandcustomers.orderhistory.common.OrderView,"OrderView/2[java.lang.Long,io.eventuate.examples.tram.ordersandcustomers.orderhistory.common.Money]",orderTotal,3
E:\Supriya's_Monolithic Projects\eventuate-tram-examples-customers-and-orders\order-history-service-api-web\src\main\java\io\eventuate\examples\tram\ordersandcustomers\orderhistory\common\OrderView.java,io.eventuate.examples.tram.ordersandcustomers.orderhistory.common.OrderView,getOrderTotal/0,orderTotal,1
E:\Supriya's_Monolithic Projects\eventuate-tram-examples-customers-and-orders\order-history-service-api-web\src\main\java\io\eventuate\examples\tram\ordersandcustomers\orderhistory\common\OrderView.java,io.eventuate.examples.tram.ordersandcustomers.orderhistory.common.OrderView,getState/0,state,1
E:\Supriya's_Monolithic Projects\eventuate-tram-examples-customers-and-orders\order-history-text-search-service\src\main\java\io\eventuate\examples\tram\ordersandcustomers\orderhistorytextsearch\service\CustomerSnapshotEventConsumer.java,io.eventuate.examples.tram.ordersandcustomers.orderhistorytextsearch.service.CustomerSnapshotEventConsumer,handleCustomerSnapshotEvent/1[io.eventuate.examples.tram.ordersandcustomers.orderhistorytextsearch.service.DomainEventEnvelope<io.eventuate.examples.tram.ordersandcustomers.customers.domain.events.CustomerSnapshotEvent>],customerTextViewService,1
E:\Supriya's_Monolithic Projects\eventuate-tram-examples-customers-and-orders\customer-service-api-web\src\main\java\io\eventuate\examples\tram\ordersandcustomers\customers\webapi\CreateCustomerRequest.java,io.eventuate.examples.tram.ordersandcustomers.customers.webapi.CreateCustomerRequest,"CreateCustomerRequest/2[java.lang.String,io.eventuate.examples.tram.ordersandcustomers.customers.webapi.Money]",name,3
E:\Supriya's_Monolithic Projects\eventuate-tram-examples-customers-and-orders\customer-service-api-web\src\main\java\io\eventuate\examples\tram\ordersandcustomers\customers\webapi\CreateCustomerRequest.java,io.eventuate.examples.tram.ordersandcustomers.customers.webapi.CreateCustomerRequest,"CreateCustomerRequest/2[java.lang.String,io.eventuate.examples.tram.ordersandcustomers.customers.webapi.Money]",creditLimit,3
E:\Supriya's_Monolithic Projects\eventuate-tram-examples-customers-and-orders\customer-service-api-web\src\main\java\io\eventuate\examples\tram\ordersandcustomers\customers\webapi\CreateCustomerRequest.java,io.eventuate.examples.tram.ordersandcustomers.customers.webapi.CreateCustomerRequest,getCreditLimit/0,creditLimit,1
E:\Supriya's_Monolithic Projects\eventuate-tram-examples-customers-and-orders\customer-service-api-web\src\main\java\io\eventuate\examples\tram\ordersandcustomers\customers\webapi\CreateCustomerRequest.java,io.eventuate.examples.tram.ordersandcustomers.customers.webapi.CreateCustomerRequest,getName/0,name,1
E:\Supriya's_Monolithic Projects\eventuate-tram-examples-customers-and-orders\customer-service\src\main\java\io\eventuate\examples\tram\ordersandcustomers\customers\service\OrderEventConsumer.java,io.eventuate.examples.tram.ordersandcustomers.customers.service.OrderEventConsumer,OrderEventConsumer/1[io.eventuate.examples.tram.ordersandcustomers.customers.service.CustomerService],customerService,3
E:\Supriya's_Monolithic Projects\eventuate-tram-examples-customers-and-orders\customer-service\src\main\java\io\eventuate\examples\tram\ordersandcustomers\customers\service\OrderEventConsumer.java,io.eventuate.examples.tram.ordersandcustomers.customers.service.OrderEventConsumer,handleOrderCreatedEvent/1[io.eventuate.examples.tram.ordersandcustomers.customers.service.DomainEventEnvelope<io.eventuate.examples.tram.ordersandcustomers.orders.domain.events.OrderCreatedEvent>],customerService,1
E:\Supriya's_Monolithic Projects\eventuate-tram-examples-customers-and-orders\customer-service\src\main\java\io\eventuate\examples\tram\ordersandcustomers\customers\service\OrderEventConsumer.java,io.eventuate.examples.tram.ordersandcustomers.customers.service.OrderEventConsumer,handleOrderCancelledEvent/1[io.eventuate.examples.tram.ordersandcustomers.customers.service.DomainEventEnvelope<io.eventuate.examples.tram.ordersandcustomers.orders.domain.events.OrderCancelledEvent>],customerService,1
E:\Supriya's_Monolithic Projects\eventuate-tram-examples-customers-and-orders\order-history-service\src\test\java\io\eventuate\examples\tram\ordersandcustomers\orderhistory\backend\OrderHistoryViewServiceRetryIntegrationTest.java,io.eventuate.examples.tram.ordersandcustomers.orderhistory.backend.OrderHistoryViewServiceRetryIntegrationTest,shouldRetry/0,orderHistoryService,1
E:\Supriya's_Monolithic Projects\eventuate-tram-examples-customers-and-orders\order-history-service\src\test\java\io\eventuate\examples\tram\ordersandcustomers\orderhistory\backend\OrderHistoryViewServiceRetryIntegrationTest.java,io.eventuate.examples.tram.ordersandcustomers.orderhistory.backend.OrderHistoryViewServiceRetryIntegrationTest,shouldRetry/0,customerViewRepository,2
E:\Supriya's_Monolithic Projects\eventuate-tram-examples-customers-and-orders\customer-service\src\main\java\io\eventuate\examples\tram\ordersandcustomers\customers\service\CustomerService.java,io.eventuate.examples.tram.ordersandcustomers.customers.service.CustomerService,"releaseCredit/2[long,long]",customerRepository,1
E:\Supriya's_Monolithic Projects\eventuate-tram-examples-customers-and-orders\customer-service\src\main\java\io\eventuate\examples\tram\ordersandcustomers\customers\service\CustomerService.java,io.eventuate.examples.tram.ordersandcustomers.customers.service.CustomerService,"CustomerService/2[io.eventuate.examples.tram.ordersandcustomers.customers.domain.CustomerRepository,io.eventuate.examples.tram.ordersandcustomers.customers.service.DomainEventPublisher]",customerRepository,3
E:\Supriya's_Monolithic Projects\eventuate-tram-examples-customers-and-orders\customer-service\src\main\java\io\eventuate\examples\tram\ordersandcustomers\customers\service\CustomerService.java,io.eventuate.examples.tram.ordersandcustomers.customers.service.CustomerService,"CustomerService/2[io.eventuate.examples.tram.ordersandcustomers.customers.domain.CustomerRepository,io.eventuate.examples.tram.ordersandcustomers.customers.service.DomainEventPublisher]",domainEventPublisher,3
E:\Supriya's_Monolithic Projects\eventuate-tram-examples-customers-and-orders\customer-service\src\main\java\io\eventuate\examples\tram\ordersandcustomers\customers\service\CustomerService.java,io.eventuate.examples.tram.ordersandcustomers.customers.service.CustomerService,"reserveCredit/3[long,long,io.eventuate.examples.tram.ordersandcustomers.customers.service.Money]",customerRepository,1
E:\Supriya's_Monolithic Projects\eventuate-tram-examples-customers-and-orders\customer-service\src\main\java\io\eventuate\examples\tram\ordersandcustomers\customers\service\CustomerService.java,io.eventuate.examples.tram.ordersandcustomers.customers.service.CustomerService,"reserveCredit/3[long,long,io.eventuate.examples.tram.ordersandcustomers.customers.service.Money]",domainEventPublisher,3
E:\Supriya's_Monolithic Projects\eventuate-tram-examples-customers-and-orders\customer-service\src\main\java\io\eventuate\examples\tram\ordersandcustomers\customers\service\CustomerService.java,io.eventuate.examples.tram.ordersandcustomers.customers.service.CustomerService,"reserveCredit/3[long,long,io.eventuate.examples.tram.ordersandcustomers.customers.service.Money]",logger,1
E:\Supriya's_Monolithic Projects\eventuate-tram-examples-customers-and-orders\customer-service\src\main\java\io\eventuate\examples\tram\ordersandcustomers\customers\service\CustomerService.java,io.eventuate.examples.tram.ordersandcustomers.customers.service.CustomerService,"createCustomer/2[java.lang.String,io.eventuate.examples.tram.ordersandcustomers.customers.service.Money]",customerRepository,1
E:\Supriya's_Monolithic Projects\eventuate-tram-examples-customers-and-orders\customer-service\src\main\java\io\eventuate\examples\tram\ordersandcustomers\customers\service\CustomerService.java,io.eventuate.examples.tram.ordersandcustomers.customers.service.CustomerService,"createCustomer/2[java.lang.String,io.eventuate.examples.tram.ordersandcustomers.customers.service.Money]",domainEventPublisher,1
E:\Supriya's_Monolithic Projects\eventuate-tram-examples-customers-and-orders\order-history-service-api-web\src\main\java\io\eventuate\examples\tram\ordersandcustomers\orderhistory\common\OrderInfo.java,io.eventuate.examples.tram.ordersandcustomers.orderhistory.common.OrderInfo,getOrderTotal/0,orderTotal,1
E:\Supriya's_Monolithic Projects\eventuate-tram-examples-customers-and-orders\order-history-service-api-web\src\main\java\io\eventuate\examples\tram\ordersandcustomers\orderhistory\common\OrderInfo.java,io.eventuate.examples.tram.ordersandcustomers.orderhistory.common.OrderInfo,approve/0,state,1
E:\Supriya's_Monolithic Projects\eventuate-tram-examples-customers-and-orders\order-history-service-api-web\src\main\java\io\eventuate\examples\tram\ordersandcustomers\orderhistory\common\OrderInfo.java,io.eventuate.examples.tram.ordersandcustomers.orderhistory.common.OrderInfo,getState/0,state,1
E:\Supriya's_Monolithic Projects\eventuate-tram-examples-customers-and-orders\order-history-service-api-web\src\main\java\io\eventuate\examples\tram\ordersandcustomers\orderhistory\common\OrderInfo.java,io.eventuate.examples.tram.ordersandcustomers.orderhistory.common.OrderInfo,reject/0,state,1
E:\Supriya's_Monolithic Projects\eventuate-tram-examples-customers-and-orders\order-history-service-api-web\src\main\java\io\eventuate\examples\tram\ordersandcustomers\orderhistory\common\OrderInfo.java,io.eventuate.examples.tram.ordersandcustomers.orderhistory.common.OrderInfo,"OrderInfo/2[java.lang.Long,io.eventuate.examples.tram.ordersandcustomers.orderhistory.common.Money]",orderId,3
E:\Supriya's_Monolithic Projects\eventuate-tram-examples-customers-and-orders\order-history-service-api-web\src\main\java\io\eventuate\examples\tram\ordersandcustomers\orderhistory\common\OrderInfo.java,io.eventuate.examples.tram.ordersandcustomers.orderhistory.common.OrderInfo,"OrderInfo/2[java.lang.Long,io.eventuate.examples.tram.ordersandcustomers.orderhistory.common.Money]",state,1
E:\Supriya's_Monolithic Projects\eventuate-tram-examples-customers-and-orders\order-history-service-api-web\src\main\java\io\eventuate\examples\tram\ordersandcustomers\orderhistory\common\OrderInfo.java,io.eventuate.examples.tram.ordersandcustomers.orderhistory.common.OrderInfo,"OrderInfo/2[java.lang.Long,io.eventuate.examples.tram.ordersandcustomers.orderhistory.common.Money]",orderTotal,3
E:\Supriya's_Monolithic Projects\eventuate-tram-examples-customers-and-orders\order-service-api-web\src\main\java\io\eventuate\examples\tram\ordersandcustomers\orders\webapi\CreateOrderRequest.java,io.eventuate.examples.tram.ordersandcustomers.orders.webapi.CreateOrderRequest,getOrderTotal/0,orderTotal,1
E:\Supriya's_Monolithic Projects\eventuate-tram-examples-customers-and-orders\order-service-api-web\src\main\java\io\eventuate\examples\tram\ordersandcustomers\orders\webapi\CreateOrderRequest.java,io.eventuate.examples.tram.ordersandcustomers.orders.webapi.CreateOrderRequest,getCustomerId/0,customerId,1
E:\Supriya's_Monolithic Projects\eventuate-tram-examples-customers-and-orders\order-service-api-web\src\main\java\io\eventuate\examples\tram\ordersandcustomers\orders\webapi\CreateOrderRequest.java,io.eventuate.examples.tram.ordersandcustomers.orders.webapi.CreateOrderRequest,"CreateOrderRequest/2[java.lang.Long,io.eventuate.examples.tram.ordersandcustomers.orders.webapi.Money]",customerId,3
E:\Supriya's_Monolithic Projects\eventuate-tram-examples-customers-and-orders\order-service-api-web\src\main\java\io\eventuate\examples\tram\ordersandcustomers\orders\webapi\CreateOrderRequest.java,io.eventuate.examples.tram.ordersandcustomers.orders.webapi.CreateOrderRequest,"CreateOrderRequest/2[java.lang.Long,io.eventuate.examples.tram.ordersandcustomers.orders.webapi.Money]",orderTotal,3
E:\Supriya's_Monolithic Projects\eventuate-tram-examples-customers-and-orders\order-history-text-search-service\src\main\java\io\eventuate\examples\tram\ordersandcustomers\orderhistorytextsearch\service\OrderSnapshotEventConsumer.java,io.eventuate.examples.tram.ordersandcustomers.orderhistorytextsearch.service.OrderSnapshotEventConsumer,handleEvent/1[io.eventuate.examples.tram.ordersandcustomers.orderhistorytextsearch.service.DomainEventEnvelope<io.eventuate.examples.tram.ordersandcustomers.orders.domain.events.OrderSnapshotEvent>],orderTextViewService,1
E:\Supriya's_Monolithic Projects\eventuate-tram-examples-customers-and-orders\order-history-service-api-web\src\main\java\io\eventuate\examples\tram\ordersandcustomers\orderhistory\common\CustomerView.java,io.eventuate.examples.tram.ordersandcustomers.orderhistory.common.CustomerView,getOrders/0,orders,1
E:\Supriya's_Monolithic Projects\eventuate-tram-examples-customers-and-orders\order-history-service-api-web\src\main\java\io\eventuate\examples\tram\ordersandcustomers\orderhistory\common\CustomerView.java,io.eventuate.examples.tram.ordersandcustomers.orderhistory.common.CustomerView,setName/1[java.lang.String],name,3
E:\Supriya's_Monolithic Projects\eventuate-tram-examples-customers-and-orders\order-history-service-api-web\src\main\java\io\eventuate\examples\tram\ordersandcustomers\orderhistory\common\CustomerView.java,io.eventuate.examples.tram.ordersandcustomers.orderhistory.common.CustomerView,setId/1[java.lang.Long],id,3
E:\Supriya's_Monolithic Projects\eventuate-tram-examples-customers-and-orders\order-history-service-api-web\src\main\java\io\eventuate\examples\tram\ordersandcustomers\orderhistory\common\CustomerView.java,io.eventuate.examples.tram.ordersandcustomers.orderhistory.common.CustomerView,setCreditLimit/1[io.eventuate.examples.tram.ordersandcustomers.orderhistory.common.Money],creditLimit,3
E:\Supriya's_Monolithic Projects\eventuate-tram-examples-customers-and-orders\order-history-service-api-web\src\main\java\io\eventuate\examples\tram\ordersandcustomers\orderhistory\common\CustomerView.java,io.eventuate.examples.tram.ordersandcustomers.orderhistory.common.CustomerView,getCreditLimit/0,creditLimit,1
E:\Supriya's_Monolithic Projects\eventuate-tram-examples-customers-and-orders\order-history-service-api-web\src\main\java\io\eventuate\examples\tram\ordersandcustomers\orderhistory\common\CustomerView.java,io.eventuate.examples.tram.ordersandcustomers.orderhistory.common.CustomerView,getId/0,id,1
E:\Supriya's_Monolithic Projects\eventuate-tram-examples-customers-and-orders\order-history-service-api-web\src\main\java\io\eventuate\examples\tram\ordersandcustomers\orderhistory\common\CustomerView.java,io.eventuate.examples.tram.ordersandcustomers.orderhistory.common.CustomerView,getName/0,name,1
E:\Supriya's_Monolithic Projects\eventuate-tram-examples-customers-and-orders\order-history-service\src\test\java\net\chrisrichardson\eventstore\examples\customersandorders\views\orderhistory\OrderHistoryViewServiceIntegrationTest.java,net.chrisrichardson.eventstore.examples.customersandorders.views.orderhistory.OrderHistoryViewServiceIntegrationTest,shouldCreateCustomerAndOrdersEtc/0,customerViewRepository,1
E:\Supriya's_Monolithic Projects\eventuate-tram-examples-customers-and-orders\order-history-service\src\test\java\net\chrisrichardson\eventstore\examples\customersandorders\views\orderhistory\OrderHistoryViewServiceIntegrationTest.java,net.chrisrichardson.eventstore.examples.customersandorders.views.orderhistory.OrderHistoryViewServiceIntegrationTest,shouldCreateCustomerAndOrdersEtc/0,orderHistoryViewService,5
E:\Supriya's_Monolithic Projects\eventuate-tram-examples-customers-and-orders\order-service\src\main\java\io\eventuate\examples\tram\ordersandcustomers\orders\web\OrderController.java,io.eventuate.examples.tram.ordersandcustomers.orders.web.OrderController,cancelOrder/1[java.lang.Long],orderService,1
E:\Supriya's_Monolithic Projects\eventuate-tram-examples-customers-and-orders\order-service\src\main\java\io\eventuate\examples\tram\ordersandcustomers\orders\web\OrderController.java,io.eventuate.examples.tram.ordersandcustomers.orders.web.OrderController,createOrder/1[io.eventuate.examples.tram.ordersandcustomers.orders.webapi.CreateOrderRequest],orderService,1
E:\Supriya's_Monolithic Projects\eventuate-tram-examples-customers-and-orders\order-service\src\main\java\io\eventuate\examples\tram\ordersandcustomers\orders\web\OrderController.java,io.eventuate.examples.tram.ordersandcustomers.orders.web.OrderController,getOrder/1[java.lang.Long],orderRepository,1
E:\Supriya's_Monolithic Projects\eventuate-tram-examples-customers-and-orders\order-service\src\main\java\io\eventuate\examples\tram\ordersandcustomers\orders\web\OrderController.java,io.eventuate.examples.tram.ordersandcustomers.orders.web.OrderController,"OrderController/2[io.eventuate.examples.tram.ordersandcustomers.orders.service.OrderService,io.eventuate.examples.tram.ordersandcustomers.orders.domain.OrderRepository]",orderRepository,3
E:\Supriya's_Monolithic Projects\eventuate-tram-examples-customers-and-orders\order-service\src\main\java\io\eventuate\examples\tram\ordersandcustomers\orders\web\OrderController.java,io.eventuate.examples.tram.ordersandcustomers.orders.web.OrderController,"OrderController/2[io.eventuate.examples.tram.ordersandcustomers.orders.service.OrderService,io.eventuate.examples.tram.ordersandcustomers.orders.domain.OrderRepository]",orderService,3
E:\Supriya's_Monolithic Projects\eventuate-tram-examples-customers-and-orders\order-service-api-messaging\src\main\java\io\eventuate\examples\tram\ordersandcustomers\orders\domain\events\OrderApprovedEvent.java,io.eventuate.examples.tram.ordersandcustomers.orders.domain.events.OrderApprovedEvent,OrderApprovedEvent/1[io.eventuate.examples.tram.ordersandcustomers.orders.domain.events.OrderDetails],orderDetails,3
E:\Supriya's_Monolithic Projects\eventuate-tram-examples-customers-and-orders\order-service-api-messaging\src\main\java\io\eventuate\examples\tram\ordersandcustomers\orders\domain\events\OrderApprovedEvent.java,io.eventuate.examples.tram.ordersandcustomers.orders.domain.events.OrderApprovedEvent,getOrderDetails/0,orderDetails,1
E:\Supriya's_Monolithic Projects\eventuate-tram-examples-customers-and-orders\customer-service-api-web\src\main\java\io\eventuate\examples\tram\ordersandcustomers\customers\webapi\CreateCustomerResponse.java,io.eventuate.examples.tram.ordersandcustomers.customers.webapi.CreateCustomerResponse,getCustomerId/0,customerId,1
E:\Supriya's_Monolithic Projects\eventuate-tram-examples-customers-and-orders\customer-service-api-web\src\main\java\io\eventuate\examples\tram\ordersandcustomers\customers\webapi\CreateCustomerResponse.java,io.eventuate.examples.tram.ordersandcustomers.customers.webapi.CreateCustomerResponse,setCustomerId/1[java.lang.Long],customerId,3
E:\Supriya's_Monolithic Projects\eventuate-tram-examples-customers-and-orders\customer-service-api-web\src\main\java\io\eventuate\examples\tram\ordersandcustomers\customers\webapi\CreateCustomerResponse.java,io.eventuate.examples.tram.ordersandcustomers.customers.webapi.CreateCustomerResponse,CreateCustomerResponse/1[java.lang.Long],customerId,3
E:\Supriya's_Monolithic Projects\eventuate-tram-examples-customers-and-orders\customer-service-api-messaging\src\main\java\io\eventuate\examples\tram\ordersandcustomers\customers\domain\events\CustomerCreatedEvent.java,io.eventuate.examples.tram.ordersandcustomers.customers.domain.events.CustomerCreatedEvent,setCreditLimit/1[io.eventuate.examples.tram.ordersandcustomers.customers.domain.events.Money],creditLimit,3
E:\Supriya's_Monolithic Projects\eventuate-tram-examples-customers-and-orders\customer-service-api-messaging\src\main\java\io\eventuate\examples\tram\ordersandcustomers\customers\domain\events\CustomerCreatedEvent.java,io.eventuate.examples.tram.ordersandcustomers.customers.domain.events.CustomerCreatedEvent,getCreditLimit/0,creditLimit,1
E:\Supriya's_Monolithic Projects\eventuate-tram-examples-customers-and-orders\customer-service-api-messaging\src\main\java\io\eventuate\examples\tram\ordersandcustomers\customers\domain\events\CustomerCreatedEvent.java,io.eventuate.examples.tram.ordersandcustomers.customers.domain.events.CustomerCreatedEvent,"CustomerCreatedEvent/2[java.lang.String,io.eventuate.examples.tram.ordersandcustomers.customers.domain.events.Money]",name,3
E:\Supriya's_Monolithic Projects\eventuate-tram-examples-customers-and-orders\customer-service-api-messaging\src\main\java\io\eventuate\examples\tram\ordersandcustomers\customers\domain\events\CustomerCreatedEvent.java,io.eventuate.examples.tram.ordersandcustomers.customers.domain.events.CustomerCreatedEvent,"CustomerCreatedEvent/2[java.lang.String,io.eventuate.examples.tram.ordersandcustomers.customers.domain.events.Money]",creditLimit,3
E:\Supriya's_Monolithic Projects\eventuate-tram-examples-customers-and-orders\customer-service-api-messaging\src\main\java\io\eventuate\examples\tram\ordersandcustomers\customers\domain\events\CustomerCreatedEvent.java,io.eventuate.examples.tram.ordersandcustomers.customers.domain.events.CustomerCreatedEvent,getName/0,name,1
E:\Supriya's_Monolithic Projects\eventuate-tram-examples-customers-and-orders\customer-service-api-messaging\src\main\java\io\eventuate\examples\tram\ordersandcustomers\customers\domain\events\CustomerCreatedEvent.java,io.eventuate.examples.tram.ordersandcustomers.customers.domain.events.CustomerCreatedEvent,setName/1[java.lang.String],name,3
E:\Supriya's_Monolithic Projects\eventuate-tram-examples-customers-and-orders\order-service-api-web\src\main\java\io\eventuate\examples\tram\ordersandcustomers\orders\webapi\CreateOrderResponse.java,io.eventuate.examples.tram.ordersandcustomers.orders.webapi.CreateOrderResponse,getOrderId/0,orderId,1
E:\Supriya's_Monolithic Projects\eventuate-tram-examples-customers-and-orders\order-service-api-web\src\main\java\io\eventuate\examples\tram\ordersandcustomers\orders\webapi\CreateOrderResponse.java,io.eventuate.examples.tram.ordersandcustomers.orders.webapi.CreateOrderResponse,CreateOrderResponse/1[java.lang.Long],orderId,3
E:\Supriya's_Monolithic Projects\eventuate-tram-examples-customers-and-orders\order-history-text-search-service-api-web\src\main\java\io\eventuate\examples\tram\ordersandcustomers\orderhistorytextsearch\apiweb\OrderTextView.java,io.eventuate.examples.tram.ordersandcustomers.orderhistorytextsearch.apiweb.OrderTextView,getState/0,state,1
E:\Supriya's_Monolithic Projects\eventuate-tram-examples-customers-and-orders\order-history-text-search-service-api-web\src\main\java\io\eventuate\examples\tram\ordersandcustomers\orderhistorytextsearch\apiweb\OrderTextView.java,io.eventuate.examples.tram.ordersandcustomers.orderhistorytextsearch.apiweb.OrderTextView,setState/1[java.lang.String],state,3
E:\Supriya's_Monolithic Projects\eventuate-tram-examples-customers-and-orders\order-history-text-search-service-api-web\src\main\java\io\eventuate\examples\tram\ordersandcustomers\orderhistorytextsearch\apiweb\OrderTextView.java,io.eventuate.examples.tram.ordersandcustomers.orderhistorytextsearch.apiweb.OrderTextView,"OrderTextView/4[java.lang.String,java.lang.String,java.lang.String,java.lang.String]",customerId,3
E:\Supriya's_Monolithic Projects\eventuate-tram-examples-customers-and-orders\order-history-text-search-service-api-web\src\main\java\io\eventuate\examples\tram\ordersandcustomers\orderhistorytextsearch\apiweb\OrderTextView.java,io.eventuate.examples.tram.ordersandcustomers.orderhistorytextsearch.apiweb.OrderTextView,"OrderTextView/4[java.lang.String,java.lang.String,java.lang.String,java.lang.String]",state,3
E:\Supriya's_Monolithic Projects\eventuate-tram-examples-customers-and-orders\order-history-text-search-service-api-web\src\main\java\io\eventuate\examples\tram\ordersandcustomers\orderhistorytextsearch\apiweb\OrderTextView.java,io.eventuate.examples.tram.ordersandcustomers.orderhistorytextsearch.apiweb.OrderTextView,"OrderTextView/4[java.lang.String,java.lang.String,java.lang.String,java.lang.String]",orderTotal,3
E:\Supriya's_Monolithic Projects\eventuate-tram-examples-customers-and-orders\order-history-text-search-service-api-web\src\main\java\io\eventuate\examples\tram\ordersandcustomers\orderhistorytextsearch\apiweb\OrderTextView.java,io.eventuate.examples.tram.ordersandcustomers.orderhistorytextsearch.apiweb.OrderTextView,getOrderTotal/0,orderTotal,1
E:\Supriya's_Monolithic Projects\eventuate-tram-examples-customers-and-orders\order-history-text-search-service-api-web\src\main\java\io\eventuate\examples\tram\ordersandcustomers\orderhistorytextsearch\apiweb\OrderTextView.java,io.eventuate.examples.tram.ordersandcustomers.orderhistorytextsearch.apiweb.OrderTextView,setOrderTotal/1[java.lang.String],orderTotal,3
E:\Supriya's_Monolithic Projects\eventuate-tram-examples-customers-and-orders\order-history-text-search-service-api-web\src\main\java\io\eventuate\examples\tram\ordersandcustomers\orderhistorytextsearch\apiweb\OrderTextView.java,io.eventuate.examples.tram.ordersandcustomers.orderhistorytextsearch.apiweb.OrderTextView,setCustomerId/1[java.lang.String],customerId,3
E:\Supriya's_Monolithic Projects\eventuate-tram-examples-customers-and-orders\order-history-text-search-service-api-web\src\main\java\io\eventuate\examples\tram\ordersandcustomers\orderhistorytextsearch\apiweb\OrderTextView.java,io.eventuate.examples.tram.ordersandcustomers.orderhistorytextsearch.apiweb.OrderTextView,getCustomerId/0,customerId,1
E:\Supriya's_Monolithic Projects\eventuate-tram-examples-customers-and-orders\customer-service\src\main\java\io\eventuate\examples\tram\ordersandcustomers\customers\domain\Customer.java,io.eventuate.examples.tram.ordersandcustomers.customers.domain.Customer,getId/0,id,1
E:\Supriya's_Monolithic Projects\eventuate-tram-examples-customers-and-orders\customer-service\src\main\java\io\eventuate\examples\tram\ordersandcustomers\customers\domain\Customer.java,io.eventuate.examples.tram.ordersandcustomers.customers.domain.Customer,getName/0,name,1
E:\Supriya's_Monolithic Projects\eventuate-tram-examples-customers-and-orders\customer-service\src\main\java\io\eventuate\examples\tram\ordersandcustomers\customers\domain\Customer.java,io.eventuate.examples.tram.ordersandcustomers.customers.domain.Customer,availableCredit/0,creditReservations,1
E:\Supriya's_Monolithic Projects\eventuate-tram-examples-customers-and-orders\customer-service\src\main\java\io\eventuate\examples\tram\ordersandcustomers\customers\domain\Customer.java,io.eventuate.examples.tram.ordersandcustomers.customers.domain.Customer,availableCredit/0,creditLimit,1
E:\Supriya's_Monolithic Projects\eventuate-tram-examples-customers-and-orders\customer-service\src\main\java\io\eventuate\examples\tram\ordersandcustomers\customers\domain\Customer.java,io.eventuate.examples.tram.ordersandcustomers.customers.domain.Customer,unreserveCredit/1[long],creditReservations,1
E:\Supriya's_Monolithic Projects\eventuate-tram-examples-customers-and-orders\customer-service\src\main\java\io\eventuate\examples\tram\ordersandcustomers\customers\domain\Customer.java,io.eventuate.examples.tram.ordersandcustomers.customers.domain.Customer,getCreditLimit/0,creditLimit,1
E:\Supriya's_Monolithic Projects\eventuate-tram-examples-customers-and-orders\customer-service\src\main\java\io\eventuate\examples\tram\ordersandcustomers\customers\domain\Customer.java,io.eventuate.examples.tram.ordersandcustomers.customers.domain.Customer,"reserveCredit/2[java.lang.Long,io.eventuate.examples.tram.ordersandcustomers.customers.domain.Money]",creditReservations,1
E:\Supriya's_Monolithic Projects\eventuate-tram-examples-customers-and-orders\customer-service\src\main\java\io\eventuate\examples\tram\ordersandcustomers\customers\domain\Customer.java,io.eventuate.examples.tram.ordersandcustomers.customers.domain.Customer,"Customer/2[java.lang.String,io.eventuate.examples.tram.ordersandcustomers.customers.domain.Money]",creationTime,1
E:\Supriya's_Monolithic Projects\eventuate-tram-examples-customers-and-orders\customer-service\src\main\java\io\eventuate\examples\tram\ordersandcustomers\customers\domain\Customer.java,io.eventuate.examples.tram.ordersandcustomers.customers.domain.Customer,"Customer/2[java.lang.String,io.eventuate.examples.tram.ordersandcustomers.customers.domain.Money]",creditReservations,1
E:\Supriya's_Monolithic Projects\eventuate-tram-examples-customers-and-orders\customer-service\src\main\java\io\eventuate\examples\tram\ordersandcustomers\customers\domain\Customer.java,io.eventuate.examples.tram.ordersandcustomers.customers.domain.Customer,"Customer/2[java.lang.String,io.eventuate.examples.tram.ordersandcustomers.customers.domain.Money]",name,3
E:\Supriya's_Monolithic Projects\eventuate-tram-examples-customers-and-orders\customer-service\src\main\java\io\eventuate\examples\tram\ordersandcustomers\customers\domain\Customer.java,io.eventuate.examples.tram.ordersandcustomers.customers.domain.Customer,"Customer/2[java.lang.String,io.eventuate.examples.tram.ordersandcustomers.customers.domain.Money]",creditLimit,3
E:\Supriya's_Monolithic Projects\eventuate-tram-examples-customers-and-orders\customer-service\src\main\java\io\eventuate\examples\tram\ordersandcustomers\customers\domain\Customer.java,io.eventuate.examples.tram.ordersandcustomers.customers.domain.Customer,"create/2[java.lang.String,io.eventuate.examples.tram.ordersandcustomers.customers.domain.Money]",name,2
E:\Supriya's_Monolithic Projects\eventuate-tram-examples-customers-and-orders\customer-service\src\main\java\io\eventuate\examples\tram\ordersandcustomers\customers\domain\Customer.java,io.eventuate.examples.tram.ordersandcustomers.customers.domain.Customer,"create/2[java.lang.String,io.eventuate.examples.tram.ordersandcustomers.customers.domain.Money]",creditLimit,2
E:\Supriya's_Monolithic Projects\eventuate-tram-examples-customers-and-orders\customer-service-api-messaging\src\main\java\io\eventuate\examples\tram\ordersandcustomers\customers\domain\events\CustomerSnapshotEvent.java,io.eventuate.examples.tram.ordersandcustomers.customers.domain.events.CustomerSnapshotEvent,getId/0,id,1
E:\Supriya's_Monolithic Projects\eventuate-tram-examples-customers-and-orders\customer-service-api-messaging\src\main\java\io\eventuate\examples\tram\ordersandcustomers\customers\domain\events\CustomerSnapshotEvent.java,io.eventuate.examples.tram.ordersandcustomers.customers.domain.events.CustomerSnapshotEvent,setName/1[java.lang.String],name,3
E:\Supriya's_Monolithic Projects\eventuate-tram-examples-customers-and-orders\customer-service-api-messaging\src\main\java\io\eventuate\examples\tram\ordersandcustomers\customers\domain\events\CustomerSnapshotEvent.java,io.eventuate.examples.tram.ordersandcustomers.customers.domain.events.CustomerSnapshotEvent,getCreditLimit/0,creditLimit,1
E:\Supriya's_Monolithic Projects\eventuate-tram-examples-customers-and-orders\customer-service-api-messaging\src\main\java\io\eventuate\examples\tram\ordersandcustomers\customers\domain\events\CustomerSnapshotEvent.java,io.eventuate.examples.tram.ordersandcustomers.customers.domain.events.CustomerSnapshotEvent,"CustomerSnapshotEvent/3[java.lang.Long,java.lang.String,io.eventuate.examples.tram.ordersandcustomers.customers.domain.events.Money]",name,3
E:\Supriya's_Monolithic Projects\eventuate-tram-examples-customers-and-orders\customer-service-api-messaging\src\main\java\io\eventuate\examples\tram\ordersandcustomers\customers\domain\events\CustomerSnapshotEvent.java,io.eventuate.examples.tram.ordersandcustomers.customers.domain.events.CustomerSnapshotEvent,"CustomerSnapshotEvent/3[java.lang.Long,java.lang.String,io.eventuate.examples.tram.ordersandcustomers.customers.domain.events.Money]",creditLimit,3
E:\Supriya's_Monolithic Projects\eventuate-tram-examples-customers-and-orders\customer-service-api-messaging\src\main\java\io\eventuate\examples\tram\ordersandcustomers\customers\domain\events\CustomerSnapshotEvent.java,io.eventuate.examples.tram.ordersandcustomers.customers.domain.events.CustomerSnapshotEvent,"CustomerSnapshotEvent/3[java.lang.Long,java.lang.String,io.eventuate.examples.tram.ordersandcustomers.customers.domain.events.Money]",id,3
E:\Supriya's_Monolithic Projects\eventuate-tram-examples-customers-and-orders\customer-service-api-messaging\src\main\java\io\eventuate\examples\tram\ordersandcustomers\customers\domain\events\CustomerSnapshotEvent.java,io.eventuate.examples.tram.ordersandcustomers.customers.domain.events.CustomerSnapshotEvent,getName/0,name,1
E:\Supriya's_Monolithic Projects\eventuate-tram-examples-customers-and-orders\customer-service-api-messaging\src\main\java\io\eventuate\examples\tram\ordersandcustomers\customers\domain\events\CustomerSnapshotEvent.java,io.eventuate.examples.tram.ordersandcustomers.customers.domain.events.CustomerSnapshotEvent,setId/1[java.lang.Long],id,3
E:\Supriya's_Monolithic Projects\eventuate-tram-examples-customers-and-orders\customer-service-api-messaging\src\main\java\io\eventuate\examples\tram\ordersandcustomers\customers\domain\events\CustomerSnapshotEvent.java,io.eventuate.examples.tram.ordersandcustomers.customers.domain.events.CustomerSnapshotEvent,setCreditLimit/1[io.eventuate.examples.tram.ordersandcustomers.customers.domain.events.Money],creditLimit,3
E:\Supriya's_Monolithic Projects\eventuate-tram-examples-customers-and-orders\order-service-api-messaging\src\main\java\io\eventuate\examples\tram\ordersandcustomers\orders\domain\events\OrderCreatedEvent.java,io.eventuate.examples.tram.ordersandcustomers.orders.domain.events.OrderCreatedEvent,getOrderDetails/0,orderDetails,1
E:\Supriya's_Monolithic Projects\eventuate-tram-examples-customers-and-orders\order-service-api-messaging\src\main\java\io\eventuate\examples\tram\ordersandcustomers\orders\domain\events\OrderCreatedEvent.java,io.eventuate.examples.tram.ordersandcustomers.orders.domain.events.OrderCreatedEvent,OrderCreatedEvent/1[io.eventuate.examples.tram.ordersandcustomers.orders.domain.events.OrderDetails],orderDetails,3
E:\Supriya's_Monolithic Projects\eventuate-tram-examples-customers-and-orders\order-history-service\src\main\java\io\eventuate\examples\tram\ordersandcustomers\orderhistory\backend\OrderHistoryViewService.java,io.eventuate.examples.tram.ordersandcustomers.orderhistory.backend.OrderHistoryViewService,"createCustomer/3[java.lang.Long,java.lang.String,io.eventuate.examples.tram.ordersandcustomers.orderhistory.backend.Money]",customerViewRepository,1
E:\Supriya's_Monolithic Projects\eventuate-tram-examples-customers-and-orders\order-history-service\src\main\java\io\eventuate\examples\tram\ordersandcustomers\orderhistory\backend\OrderHistoryViewService.java,io.eventuate.examples.tram.ordersandcustomers.orderhistory.backend.OrderHistoryViewService,"addOrder/3[java.lang.Long,java.lang.Long,io.eventuate.examples.tram.ordersandcustomers.orderhistory.backend.Money]",customerViewRepository,1
E:\Supriya's_Monolithic Projects\eventuate-tram-examples-customers-and-orders\order-history-service\src\main\java\io\eventuate\examples\tram\ordersandcustomers\orderhistory\backend\OrderHistoryViewService.java,io.eventuate.examples.tram.ordersandcustomers.orderhistory.backend.OrderHistoryViewService,"updateOrderState/3[java.lang.Long,java.lang.Long,io.eventuate.examples.tram.ordersandcustomers.orders.domain.events.OrderState]",customerViewRepository,1
E:\Supriya's_Monolithic Projects\eventuate-tram-examples-customers-and-orders\order-history-service\src\main\java\io\eventuate\examples\tram\ordersandcustomers\orderhistory\backend\OrderHistoryViewService.java,io.eventuate.examples.tram.ordersandcustomers.orderhistory.backend.OrderHistoryViewService,OrderHistoryViewService/1[io.eventuate.examples.tram.ordersandcustomers.orderhistory.backend.CustomerViewRepository],customerViewRepository,3
E:\Supriya's_Monolithic Projects\eventuate-tram-examples-customers-and-orders\order-service-api-web\src\main\java\io\eventuate\examples\tram\ordersandcustomers\orders\webapi\GetOrderResponse.java,io.eventuate.examples.tram.ordersandcustomers.orders.webapi.GetOrderResponse,"GetOrderResponse/2[java.lang.Long,io.eventuate.examples.tram.ordersandcustomers.orders.domain.events.OrderState]",orderId,3
E:\Supriya's_Monolithic Projects\eventuate-tram-examples-customers-and-orders\order-service-api-web\src\main\java\io\eventuate\examples\tram\ordersandcustomers\orders\webapi\GetOrderResponse.java,io.eventuate.examples.tram.ordersandcustomers.orders.webapi.GetOrderResponse,"GetOrderResponse/2[java.lang.Long,io.eventuate.examples.tram.ordersandcustomers.orders.domain.events.OrderState]",orderState,3
E:\Supriya's_Monolithic Projects\eventuate-tram-examples-customers-and-orders\order-service-api-web\src\main\java\io\eventuate\examples\tram\ordersandcustomers\orders\webapi\GetOrderResponse.java,io.eventuate.examples.tram.ordersandcustomers.orders.webapi.GetOrderResponse,getOrderId/0,orderId,1
E:\Supriya's_Monolithic Projects\eventuate-tram-examples-customers-and-orders\order-service-api-web\src\main\java\io\eventuate\examples\tram\ordersandcustomers\orders\webapi\GetOrderResponse.java,io.eventuate.examples.tram.ordersandcustomers.orders.webapi.GetOrderResponse,setOrderId/1[java.lang.Long],orderId,3
E:\Supriya's_Monolithic Projects\eventuate-tram-examples-customers-and-orders\order-service-api-web\src\main\java\io\eventuate\examples\tram\ordersandcustomers\orders\webapi\GetOrderResponse.java,io.eventuate.examples.tram.ordersandcustomers.orders.webapi.GetOrderResponse,setOrderState/1[io.eventuate.examples.tram.ordersandcustomers.orders.domain.events.OrderState],orderState,3
E:\Supriya's_Monolithic Projects\eventuate-tram-examples-customers-and-orders\order-service-api-web\src\main\java\io\eventuate\examples\tram\ordersandcustomers\orders\webapi\GetOrderResponse.java,io.eventuate.examples.tram.ordersandcustomers.orders.webapi.GetOrderResponse,getOrderState/0,orderState,1
