file,class,type,cbo,cboModified,fanin,fanout,wmc,dit,noc,rfc,lcom,lcom*,tcc,lcc,totalMethodsQty,staticMethodsQty,publicMethodsQty,privateMethodsQty,protectedMethodsQty,defaultMethodsQty,visibleMethodsQty,abstractMethodsQty,finalMethodsQty,synchronizedMethodsQty,totalFieldsQty,staticFieldsQty,publicFieldsQty,privateFieldsQty,protectedFieldsQty,defaultFieldsQty,finalFieldsQty,synchronizedFieldsQty,nosi,loc,returnQty,loopQty,comparisonsQty,tryCatchQty,parenthesizedExpsQty,stringLiteralsQty,numbersQty,assignmentsQty,mathOperationsQty,variablesQty,maxNestedBlocksQty,anonymousClassesQty,innerClassesQty,lambdasQty,uniqueWordsQty,modifiers,logStatementsQty
E:\Supriya's_Monolithic Projects\moduliths\moduliths-events\moduliths-events-core\src\test\java\org\moduliths\events\support\CompletionRegisteringBeanPostProcessorUnitTest.java,org.moduliths.events.support.CompletionRegisteringBeanPostProcessorUnitTest,class,9,10,1,9,9,1,0,15,26,0.7916667,0.0,0.0,8,0,0,3,0,5,5,0,0,0,3,0,0,0,0,3,0,0,0,45,0,0,0,0,0,2,2,5,0,6,0,0,2,2,42,0,0
E:\Supriya's_Monolithic Projects\moduliths\moduliths-docs\src\main\java\org\moduliths\docs\Documenter.java,org.moduliths.docs.Documenter$CanvasOptions,innerclass,12,12,0,12,8,1,0,30,17,0.7857143,0.1,0.1,7,3,4,2,0,1,5,0,0,0,4,1,0,3,0,1,4,0,7,89,7,0,0,0,0,6,0,6,0,18,2,0,2,9,45,9,0
E:\Supriya's_Monolithic Projects\moduliths\moduliths-test\src\main\java\org\moduliths\test\PublishedEvents.java,org.moduliths.test.PublishedEvents,interface,4,12,8,4,3,1,0,3,3,0.0,0.0,0.0,3,2,2,0,0,1,3,0,0,0,0,0,0,0,0,0,0,0,2,15,2,0,0,0,0,1,0,0,0,0,0,0,1,0,33,1,0
E:\Supriya's_Monolithic Projects\moduliths\moduliths-observability\src\test\java\example\ExampleApplication.java,example.ExampleApplication,class,2,3,1,2,1,1,0,1,0,0.0,NaN,NaN,1,1,1,0,0,0,1,0,0,0,0,0,0,0,0,0,0,0,0,5,0,0,0,0,0,0,0,0,0,0,0,0,0,0,7,1,0
E:\Supriya's_Monolithic Projects\moduliths\moduliths-test\src\main\java\org\moduliths\test\AggregateTestUtils.java,org.moduliths.test.AggregateTestUtils$DomainEventsMethodFinder,innerclass,2,2,0,2,3,1,0,2,0,0.0,NaN,NaN,1,0,1,0,0,0,1,0,0,0,1,0,0,0,0,1,0,0,0,12,1,0,1,0,0,0,0,1,0,1,1,0,0,0,19,10,0
E:\Supriya's_Monolithic Projects\moduliths\moduliths-sample\src\test\java\com\acme\myproject\moduleC\ModuleCTest.java,com.acme.myproject.moduleC.ModuleCTest$FailsStandaloneTest$Config,innerclass,1,1,0,1,0,1,0,0,0,0.0,-1.0,-1.0,0,0,0,0,0,0,0,0,0,0,0,0,0,0,0,0,0,0,0,2,0,0,0,0,0,0,0,0,0,0,0,0,0,0,1,8,0
E:\Supriya's_Monolithic Projects\moduliths\moduliths-events\moduliths-events-jpa-jakarta\src\test\java\org\moduliths\events\jpa\JpaEventPublicationRepositoryIntegrationTests.java,JpaEventPublicationRepositoryIntegrationTests,class,9,9,0,9,1,1,0,11,0,0.0,NaN,NaN,1,0,0,0,0,1,1,0,0,0,1,0,0,1,0,0,1,0,0,34,0,0,0,0,0,4,0,1,0,2,0,0,1,0,15,0,0
E:\Supriya's_Monolithic Projects\moduliths\moduliths-sample\src\test\java\com\acme\myproject\moduleB\ModuleBTest.java,com.acme.myproject.moduleB.ModuleBTest$WithoutMocksTest$Config,innerclass,1,1,0,1,0,1,0,0,0,0.0,-1.0,-1.0,0,0,0,0,0,0,0,0,0,0,0,0,0,0,0,0,0,0,0,2,0,0,0,0,0,0,0,0,0,0,0,0,0,0,1,8,0
E:\Supriya's_Monolithic Projects\moduliths\moduliths-events\moduliths-events-core\src\main\java\org\moduliths\events\support\CompletionRegisteringBeanPostProcessor.java,org.moduliths.events.support.CompletionRegisteringBeanPostProcessor$CacheKey,innerclass,1,1,0,1,0,1,0,0,0,NaN,-1.0,-1.0,0,0,0,0,0,0,0,0,0,0,2,0,0,0,0,2,0,0,0,4,0,0,0,0,0,1,0,0,0,2,0,0,0,0,8,8,0
E:\Supriya's_Monolithic Projects\moduliths\moduliths-core\src\test\java\org\moduliths\model\AnnotationModulithMetadataUnitTest.java,org.moduliths.model.AnnotationModulithMetadataUnitTest,class,5,5,0,5,2,1,0,5,1,0.0,0.0,0.0,2,0,0,0,0,2,2,0,0,0,0,0,0,0,0,0,0,0,2,19,0,0,0,0,0,0,0,0,0,2,1,0,2,2,25,0,0
E:\Supriya's_Monolithic Projects\moduliths\moduliths-core\src\test\java\com\acme\withatbean\TestEvents.java,com.acme.withatbean.TestEvents$JMoleculesAnnotated,innerclass,2,2,0,2,1,1,0,0,0,0.0,NaN,NaN,1,1,1,0,0,0,1,0,0,0,0,0,0,0,0,0,0,0,0,5,1,0,0,0,0,0,0,0,0,0,0,0,0,0,5,9,0
E:\Supriya's_Monolithic Projects\moduliths\moduliths-core\src\test\java\org\moduliths\model\ArchitecturallyEvidentTypeUnitTest.java,org.moduliths.model.ArchitecturallyEvidentTypeUnitTest$NoEntity,innerclass,0,0,0,0,0,1,0,0,0,0.0,-1.0,-1.0,0,0,0,0,0,0,0,0,0,0,0,0,0,0,0,0,0,0,0,2,0,0,0,0,0,0,0,0,0,0,0,0,0,0,2,0,0
E:\Supriya's_Monolithic Projects\moduliths\moduliths-observability\src\main\java\org\moduliths\observability\ApplicationRuntime.java,org.moduliths.observability.ApplicationRuntime,interface,0,8,8,0,4,1,0,0,6,0.0,0.0,0.0,4,0,0,0,0,4,4,0,0,0,0,0,0,0,0,0,0,0,0,6,0,0,0,0,0,0,0,0,0,0,0,0,0,0,47,1,0
E:\Supriya's_Monolithic Projects\moduliths\moduliths-core\src\test\java\org\moduliths\model\ModulithMetadataUnitTest.java,org.moduliths.model.ModulithMetadataUnitTest$SpringBootApplicationAnnotated,innerclass,1,1,0,1,0,1,0,0,0,0.0,-1.0,-1.0,0,0,0,0,0,0,0,0,0,0,0,0,0,0,0,0,0,0,0,2,0,0,0,0,0,0,0,0,0,0,0,0,0,0,4,8,0
E:\Supriya's_Monolithic Projects\moduliths\moduliths-test\src\main\java\org\moduliths\test\PublishedEvents.java,org.moduliths.test.PublishedEvents$TypedPublishedEvents,interface,3,3,0,3,3,1,0,0,3,0.0,0.0,0.0,3,0,0,0,0,3,3,0,0,0,0,0,0,0,0,0,0,0,0,5,0,0,0,0,0,0,0,0,0,0,0,0,0,0,54,0,0
E:\Supriya's_Monolithic Projects\moduliths\moduliths-core\src\main\java\org\moduliths\model\ModuleDetectionStrategy.java,org.moduliths.model.ModuleDetectionStrategy,interface,3,7,4,3,3,1,0,0,3,0.0,0.0,0.0,3,2,0,0,0,3,3,0,0,0,0,0,0,0,0,0,0,0,0,9,2,0,0,0,0,0,0,0,0,0,0,0,0,0,45,1,0
E:\Supriya's_Monolithic Projects\moduliths\moduliths-test\src\test\java\org\moduliths\test\PublishedEventsParameterResolverUnitTests.java,org.moduliths.test.PublishedEventsParameterResolverUnitTests$Methods,interface,1,1,0,1,2,1,0,0,1,0.0,0.0,0.0,2,0,0,0,0,2,2,0,0,0,0,0,0,0,0,0,0,0,0,4,0,0,0,0,0,0,0,0,0,0,0,0,0,0,7,0,0
E:\Supriya's_Monolithic Projects\moduliths\moduliths-sample\src\main\java\com\acme\myproject\moduleB\SomeEventListenerB.java,com.acme.myproject.moduleB.SomeEventListenerB,class,3,3,0,3,1,1,0,0,0,0.0,NaN,NaN,1,0,0,0,0,1,1,0,0,0,0,0,0,0,0,0,0,0,0,4,0,0,0,0,0,0,0,0,0,0,0,0,0,0,9,0,0
E:\Supriya's_Monolithic Projects\moduliths\moduliths-events\moduliths-events-tests\src\test\java\example\events\PersistentDomainEventIntegrationTest.java,example.events.PersistentDomainEventIntegrationTest$NonTxEventListener,innerclass,3,3,0,3,1,1,0,0,0,0.0,NaN,NaN,1,0,0,0,0,1,1,0,0,0,1,0,0,0,0,1,0,0,0,6,0,0,0,0,0,0,1,1,0,1,0,0,0,0,8,8,0
E:\Supriya's_Monolithic Projects\moduliths\moduliths-moments\src\main\java\org\moduliths\moments\support\MomentsProperties.java,org.moduliths.moments.support.MomentsProperties$Granularity,enum,0,0,0,0,0,1,0,0,0,0.0,-1.0,-1.0,0,0,0,0,0,0,0,0,0,0,0,0,0,0,0,0,0,0,0,1,0,0,0,0,0,0,0,0,0,0,0,0,0,0,6,8,0
E:\Supriya's_Monolithic Projects\moduliths\moduliths-docs\src\main\java\org\moduliths\docs\Asciidoctor.java,org.moduliths.docs.Asciidoctor,class,18,22,4,18,49,1,0,96,254,0.8916667,0.032967035,0.032967035,24,8,14,10,0,0,14,0,0,0,5,2,0,5,0,0,4,0,24,171,33,3,9,0,0,49,8,32,1,43,2,0,0,17,138,0,0
E:\Supriya's_Monolithic Projects\moduliths\moduliths-core\src\test\java\org\moduliths\model\TestUtils.java,org.moduliths.model.TestUtils,class,10,12,2,10,3,1,0,12,3,0.6666667,0.0,0.0,3,3,3,0,0,0,3,0,0,0,3,3,0,3,0,0,0,0,1,15,3,0,0,0,0,1,0,3,0,3,0,0,0,2,42,0,0
E:\Supriya's_Monolithic Projects\moduliths\moduliths-events\moduliths-events-jpa\src\test\java\org\moduliths\events\jpa\JpaEventPublicationConfigurationIntegrationTests.java,org.moduliths.events.jpa.JpaEventPublicationConfigurationIntegrationTests,class,8,8,0,8,1,1,0,3,0,0.0,NaN,NaN,1,0,0,0,0,1,1,0,0,0,1,0,0,1,0,0,1,0,0,18,0,0,0,0,0,0,0,0,0,1,0,0,1,0,17,1,0
E:\Supriya's_Monolithic Projects\moduliths\moduliths-core\src\main\java\org\moduliths\model\ArchitecturallyEvidentType.java,org.moduliths.model.ArchitecturallyEvidentType$ReferenceMethod,innerclass,2,2,0,2,2,1,0,6,0,0.0,1.0,1.0,2,0,2,0,0,0,2,0,0,0,1,0,0,1,0,0,1,0,1,9,2,0,0,0,0,1,0,0,0,2,0,0,0,1,10,17,0
E:\Supriya's_Monolithic Projects\moduliths\moduliths-events\moduliths-events-core\src\main\java\org\moduliths\events\config\EventPublicationConfigurationExtension.java,org.moduliths.events.config.EventPublicationConfigurationExtension,interface,0,2,2,0,0,1,0,0,0,0.0,-1.0,-1.0,0,0,0,0,0,0,0,0,0,0,0,0,0,0,0,0,0,0,0,2,0,0,0,0,0,0,0,0,0,0,0,0,0,0,6,1,0
E:\Supriya's_Monolithic Projects\moduliths\moduliths-test\src\test\java\org\moduliths\test\PublishedEventsUnitTests.java,org.moduliths.test.PublishedEventsUnitTests,class,2,2,0,2,1,1,0,4,0,0.0,NaN,NaN,1,0,0,0,0,1,1,0,0,0,0,0,0,0,0,0,0,0,1,7,0,0,0,0,0,0,0,2,0,2,0,0,0,0,15,0,0
E:\Supriya's_Monolithic Projects\moduliths\moduliths-core\src\test\java\org\moduliths\model\ArchitecturallyEvidentTypeUnitTest.java,org.moduliths.model.ArchitecturallyEvidentTypeUnitTest$JMoleculesImplementingIdentifier,innerclass,1,1,0,1,0,1,0,0,0,0.0,-1.0,-1.0,0,0,0,0,0,0,0,0,0,0,0,0,0,0,0,0,0,0,0,2,0,0,0,0,0,0,0,0,0,0,0,0,0,0,4,0,0
E:\Supriya's_Monolithic Projects\moduliths\moduliths-events\moduliths-events-tests\src\test\java\example\events\PersistentDomainEventIntegrationTest.java,example.events.PersistentDomainEventIntegrationTest$DomainEvent,innerclass,0,0,0,0,0,1,0,0,0,0.0,-1.0,-1.0,0,0,0,0,0,0,0,0,0,0,0,0,0,0,0,0,0,0,0,2,0,0,0,0,0,0,0,0,0,0,0,0,0,0,2,8,0
E:\Supriya's_Monolithic Projects\moduliths\moduliths-core\src\main\java\org\moduliths\model\ArchitecturallyEvidentType.java,org.moduliths.model.ArchitecturallyEvidentType$SpringDataAwareArchitecturallyEvidentType,innerclass,6,6,0,6,5,2,0,12,8,0.6,0.1,0.1,5,0,4,0,0,1,5,0,0,0,1,0,0,1,0,0,1,0,2,19,4,0,0,0,0,2,0,1,0,2,0,0,0,1,20,8,0
E:\Supriya's_Monolithic Projects\moduliths\moduliths-core\src\main\java\org\moduliths\model\Module.java,org.moduliths.model.Module$DependencyDepth,enum,0,0,0,0,0,1,0,0,0,0.0,-1.0,-1.0,0,0,0,0,0,0,0,0,0,0,0,0,0,0,0,0,0,0,0,1,0,0,0,0,0,0,0,0,0,0,0,0,0,0,5,1,0
E:\Supriya's_Monolithic Projects\moduliths\moduliths-sample\src\main\java\com\acme\myproject\moduleB\internal\SupportingComponentB.java,com.acme.myproject.moduleB.internal.SupportingComponentB,class,1,1,0,1,0,1,0,0,0,0.0,-1.0,-1.0,0,0,0,0,0,0,0,0,0,0,0,0,0,0,0,0,0,0,0,2,0,0,0,0,0,0,0,0,0,0,0,0,0,0,5,0,0
E:\Supriya's_Monolithic Projects\moduliths\moduliths-events\moduliths-events-jpa-jakarta\src\main\java\org\moduliths\events\jpa\JpaEventPublicationConfiguration.java,JpaEventPublicationConfiguration,class,6,7,1,6,2,1,0,0,1,0.0,0.0,0.0,2,0,2,0,0,0,2,0,0,0,0,0,0,0,0,0,0,0,0,8,2,0,0,0,0,0,0,0,0,0,0,0,0,0,19,0,0
E:\Supriya's_Monolithic Projects\moduliths\moduliths-events\moduliths-events-core\src\test\java\org\moduliths\events\support\CompletionRegisteringBeanPostProcessorUnitTest.java,org.moduliths.events.support.CompletionRegisteringBeanPostProcessorUnitTest$NoEventListener,innerclass,0,0,0,0,0,1,0,0,0,0.0,-1.0,-1.0,0,0,0,0,0,0,0,0,0,0,0,0,0,0,0,0,0,0,0,2,0,0,0,0,0,0,0,0,0,0,0,0,0,0,3,8,0
E:\Supriya's_Monolithic Projects\moduliths\moduliths-observability\src\main\java\org\moduliths\observability\ModuleEventListener.java,org.moduliths.observability.ModuleEventListener,class,9,10,1,9,5,1,0,12,0,0.0,NaN,NaN,1,0,1,0,0,0,1,0,0,0,2,0,0,2,0,0,2,0,0,24,4,0,2,0,0,1,0,5,1,7,1,0,0,0,22,1,0
E:\Supriya's_Monolithic Projects\moduliths\moduliths-sample\src\test\java\com\acme\myproject\moduleB\ModuleBTest.java,com.acme.myproject.moduleB.ModuleBTest,class,0,0,0,0,0,1,0,0,0,0.0,-1.0,-1.0,0,0,0,0,0,0,0,0,0,0,0,0,0,0,0,0,0,0,0,30,0,0,0,0,0,0,0,0,0,0,0,0,3,0,5,0,0
E:\Supriya's_Monolithic Projects\moduliths\moduliths-core\src\test\java\org\moduliths\model\ArchitecturallyEvidentTypeUnitTest.java,org.moduliths.model.ArchitecturallyEvidentTypeUnitTest$OtherEntity,innerclass,1,1,0,1,0,1,0,0,0,0.0,-1.0,-1.0,0,0,0,0,0,0,0,0,0,0,0,0,0,0,0,0,0,0,0,2,0,0,0,0,0,0,0,0,0,0,0,0,0,0,2,0,0
E:\Supriya's_Monolithic Projects\moduliths\moduliths-test\src\main\java\org\moduliths\test\ModuleTestExecution.java,org.moduliths.test.ModuleTestExecution$Key,innerclass,3,3,0,3,0,1,0,0,0,NaN,-1.0,-1.0,0,0,0,0,0,0,0,0,0,0,2,0,0,0,0,2,0,0,0,4,0,0,0,0,0,1,0,0,0,2,0,0,0,0,9,10,0
E:\Supriya's_Monolithic Projects\moduliths\moduliths-core\src\test\java\org\moduliths\model\ModuleDependencyUnitTest.java,org.moduliths.model.ModuleDependencyUnitTest$A,innerclass,0,0,0,0,0,1,0,0,0,0.0,-1.0,-1.0,0,0,0,0,0,0,0,0,0,0,0,0,0,0,0,0,0,0,0,2,0,0,0,0,0,0,0,0,0,0,0,0,0,0,1,8,0
E:\Supriya's_Monolithic Projects\moduliths\moduliths-core\src\test\java\org\moduliths\model\ModuleDependencyUnitTest.java,org.moduliths.model.ModuleDependencyUnitTest$B,innerclass,0,0,0,0,0,1,0,0,0,0.0,-1.0,-1.0,0,0,0,0,0,0,0,0,0,0,0,0,0,0,0,0,0,0,0,2,0,0,0,0,0,0,0,0,0,0,0,0,0,0,1,8,0
E:\Supriya's_Monolithic Projects\moduliths\moduliths-observability\src\test\java\example\ExampleApplicationIntegrationTests.java,example.ExampleApplicationIntegrationTests,class,2,2,0,2,1,1,0,0,0,0.0,NaN,NaN,1,0,0,0,0,1,1,0,0,0,0,0,0,0,0,0,0,0,0,4,0,0,0,0,0,0,0,0,0,0,0,0,0,0,8,0,0
E:\Supriya's_Monolithic Projects\moduliths\moduliths-core\src\test\java\org\moduliths\model\ModuleDependencyUnitTest.java,org.moduliths.model.ModuleDependencyUnitTest$C,innerclass,0,0,0,0,0,1,0,0,0,0.0,-1.0,-1.0,0,0,0,0,0,0,0,0,0,0,0,0,0,0,0,0,0,0,0,2,0,0,0,0,0,0,0,0,0,0,0,0,0,0,1,8,0
E:\Supriya's_Monolithic Projects\moduliths\moduliths-core\src\test\java\org\moduliths\model\ModuleDependencyUnitTest.java,org.moduliths.model.ModuleDependencyUnitTest$D,innerclass,0,0,0,0,0,1,0,0,0,0.0,-1.0,-1.0,0,0,0,0,0,0,0,0,0,0,0,0,0,0,0,0,0,0,0,2,0,0,0,0,0,0,0,0,0,0,0,0,0,0,1,8,0
E:\Supriya's_Monolithic Projects\moduliths\moduliths-core\src\test\java\org\moduliths\model\ModuleDependencyUnitTest.java,org.moduliths.model.ModuleDependencyUnitTest$E,innerclass,0,0,0,0,0,1,0,0,0,0.0,-1.0,-1.0,0,0,0,0,0,0,0,0,0,0,0,0,0,0,0,0,0,0,0,2,0,0,0,0,0,0,0,0,0,0,0,0,0,0,1,8,0
E:\Supriya's_Monolithic Projects\moduliths\moduliths-core\src\test\java\org\moduliths\model\ModuleDependencyUnitTest.java,org.moduliths.model.ModuleDependencyUnitTest$F,innerclass,0,0,0,0,0,1,0,0,0,0.0,-1.0,-1.0,0,0,0,0,0,0,0,0,0,0,0,0,0,0,0,0,0,0,0,2,0,0,0,0,0,0,0,0,0,0,0,0,0,0,1,8,0
E:\Supriya's_Monolithic Projects\moduliths\moduliths-events\moduliths-events-tests\src\test\java\example\events\PersistentDomainEventIntegrationTest.java,example.events.PersistentDomainEventIntegrationTest$ApplicationConfiguration,innerclass,11,11,0,11,6,1,0,0,15,0.0,0.0,0.0,6,0,0,0,0,6,6,0,0,0,0,0,0,0,0,0,0,0,0,20,6,0,0,0,0,0,0,0,0,0,0,0,0,0,19,8,0
E:\Supriya's_Monolithic Projects\moduliths\moduliths-core\src\test\java\org\moduliths\model\ArchitecturallyEvidentTypeUnitTest.java,org.moduliths.model.ArchitecturallyEvidentTypeUnitTest$JMoleculesImplementingRepository,interface,1,1,0,1,0,1,0,0,0,0.0,-1.0,-1.0,0,0,0,0,0,0,0,0,0,0,0,0,0,0,0,0,0,0,0,2,0,0,0,0,0,0,0,0,0,0,0,0,0,0,4,0,0
E:\Supriya's_Monolithic Projects\moduliths\moduliths-sample\src\main\java\com\acme\myproject\moduleA\SomeConfigurationA.java,com.acme.myproject.moduleA.SomeConfigurationA,class,3,3,0,3,1,1,0,0,0,0.0,NaN,NaN,1,0,0,0,0,1,1,0,0,0,0,0,0,0,0,0,0,0,0,7,1,0,0,0,0,0,0,0,0,0,0,0,1,0,10,1,0
E:\Supriya's_Monolithic Projects\moduliths\moduliths-sample\src\test\java\com\acme\myproject\complex\ComplexTest.java,com.acme.myproject.complex.ComplexTest,class,5,5,0,5,1,1,0,6,0,0.0,NaN,NaN,1,0,0,0,0,1,1,0,0,0,1,0,0,0,0,1,0,0,0,7,0,0,0,0,0,5,0,1,0,2,0,0,0,0,13,0,0
E:\Supriya's_Monolithic Projects\moduliths\moduliths-observability\src\main\java\org\moduliths\observability\SpringDataRestModuleTracingBeanPostProcessor.java,org.moduliths.observability.SpringDataRestModuleTracingBeanPostProcessor$DataRestControllerInterceptor,innerclass,11,11,0,11,5,1,0,10,1,0.5,NaN,NaN,2,0,1,1,0,0,1,0,0,0,2,0,0,2,0,0,2,0,1,22,4,1,1,0,0,0,0,3,0,5,2,0,0,0,28,10,0
E:\Supriya's_Monolithic Projects\moduliths\moduliths-integration-test\src\test\java\org\moduliths\docs\DocumenterUnitTests.java,org.moduliths.docs.DocumenterUnitTests,class,9,9,0,9,2,1,0,22,0,0.0,1.0,1.0,2,0,0,0,0,2,2,0,0,0,1,0,0,0,0,1,0,0,9,19,0,0,0,0,0,19,2,6,0,9,1,0,0,4,32,0,0
E:\Supriya's_Monolithic Projects\moduliths\moduliths-events\moduliths-events-tests\src\test\java\example\events\InfrastructureConfiguration.java,example.events.InfrastructureConfiguration,class,10,11,1,10,5,1,0,8,10,0.0,0.0,0.0,5,0,0,0,0,5,5,0,0,0,0,0,0,0,0,0,0,0,0,24,5,0,0,0,0,1,0,2,0,2,0,0,0,0,32,0,0
E:\Supriya's_Monolithic Projects\moduliths\moduliths-sample\src\main\java\com\acme\myproject\complex\internal\SecondTypeBasePort.java,com.acme.myproject.complex.internal.SecondTypeBasePort,class,1,1,0,1,0,1,0,0,0,0.0,-1.0,-1.0,0,0,0,0,0,0,0,0,0,0,0,0,0,0,0,0,0,0,0,2,0,0,0,0,0,2,0,0,0,0,0,0,0,0,6,1,0
E:\Supriya's_Monolithic Projects\moduliths\moduliths-events\moduliths-events-jpa-jakarta\src\main\java\org\moduliths\events\jpa\JpaEventPublication.java,JpaEventPublication,class,12,17,5,12,2,1,0,3,1,0.5833333,0.0,0.0,2,1,0,0,0,2,2,0,0,0,6,0,0,6,0,0,5,0,0,15,2,0,0,0,0,0,1,1,0,6,0,0,0,0,26,0,0
E:\Supriya's_Monolithic Projects\moduliths\moduliths-observability\src\main\java\org\moduliths\observability\DefaultObservedModule.java,org.moduliths.observability.DefaultObservedModule,class,11,13,2,11,14,1,0,33,0,0.0,1.0,1.0,8,2,6,2,0,0,6,0,0,0,1,0,0,1,0,0,1,0,8,47,12,1,0,0,1,1,0,4,0,7,3,0,0,3,28,0,0
E:\Supriya's_Monolithic Projects\moduliths\moduliths-events\moduliths-events-jpa\src\main\java\org\moduliths\events\jpa\JpaEventPublicationRegistry.java,org.moduliths.events.jpa.JpaEventPublicationRegistry$JpaEventPublicationAdapter,innerclass,6,6,0,6,4,1,0,6,0,0.44444445,1.0,1.0,3,0,3,0,0,0,3,0,0,0,3,0,0,3,0,0,2,0,0,17,3,0,1,0,0,1,0,1,0,3,1,0,0,0,17,8,0
E:\Supriya's_Monolithic Projects\moduliths\moduliths-events\moduliths-events-jpa-jakarta\src\main\java\org\moduliths\events\jpa\JpaEventPublicationAutoConfiguration.java,JpaEventPublicationAutoConfiguration,class,2,2,0,2,0,1,0,0,0,0.0,-1.0,-1.0,0,0,0,0,0,0,0,0,0,0,0,0,0,0,0,0,0,0,0,2,0,0,0,0,0,0,0,0,0,0,0,0,0,0,11,0,0
E:\Supriya's_Monolithic Projects\moduliths\moduliths-core\src\main\java\org\moduliths\model\Types.java,org.moduliths.model.Types,class,6,16,10,6,4,1,0,8,3,0.0,0.0,0.0,3,0,0,0,0,3,3,0,0,0,0,0,0,0,0,0,0,0,0,84,3,0,0,0,0,1,0,1,0,1,0,0,4,0,15,0,0
E:\Supriya's_Monolithic Projects\moduliths\moduliths-sample\src\test\java\com\acme\myproject\moduleC\ModuleCTest.java,com.acme.myproject.moduleC.ModuleCTest$FailsWithDirectDependencyTest,innerclass,5,5,0,5,1,1,0,1,0,0.0,NaN,NaN,1,0,0,0,0,1,1,0,0,0,0,0,0,0,0,0,0,0,1,7,0,0,0,0,0,0,0,0,0,0,0,0,1,0,6,8,0
E:\Supriya's_Monolithic Projects\moduliths\moduliths-core\src\main\java\org\moduliths\model\JavaPackage.java,org.moduliths.model.JavaPackage,class,10,29,19,10,20,1,0,36,22,0.7058824,0.36190477,0.8666667,17,2,15,2,0,0,15,0,0,0,5,1,0,5,0,0,5,0,0,66,17,0,1,0,0,4,4,7,2,13,1,0,0,7,71,1,0
E:\Supriya's_Monolithic Projects\moduliths\moduliths-sample\src\main\java\com\acme\myproject\stereotypes\Stereotypes.java,com.acme.myproject.stereotypes.Stereotypes$SomeRepresentations,innerclass,1,1,0,1,0,1,0,0,0,0.0,-1.0,-1.0,0,0,0,0,0,0,0,0,0,0,0,0,0,0,0,0,0,0,0,2,0,0,0,0,0,0,0,0,0,0,0,0,0,0,2,8,0
E:\Supriya's_Monolithic Projects\moduliths\moduliths-core\src\main\java\org\moduliths\model\ModuleDetectionStrategies.java,org.moduliths.model.ModuleDetectionStrategies,enum,0,1,1,0,0,1,0,0,0,0.0,-1.0,-1.0,0,0,0,0,0,0,0,0,0,0,0,0,0,0,0,0,0,0,0,11,0,0,0,0,0,0,0,0,0,0,0,2,0,0,29,0,0
E:\Supriya's_Monolithic Projects\moduliths\moduliths-observability\src\main\java\org\moduliths\observability\ObservedModule.java,org.moduliths.observability.ObservedModule,interface,5,10,5,5,6,1,0,0,15,0.0,0.0,0.0,6,0,0,0,0,6,6,0,0,0,0,0,0,0,0,0,0,0,0,8,0,0,0,0,0,0,0,0,0,0,0,0,0,0,33,0,0
E:\Supriya's_Monolithic Projects\moduliths\moduliths-core\src\test\java\org\moduliths\model\ArchitecturallyEvidentTypeUnitTest.java,org.moduliths.model.ArchitecturallyEvidentTypeUnitTest$JMoleculesImplementingAggregateRoot,innerclass,1,1,0,1,0,1,0,0,0,0.0,-1.0,-1.0,0,0,0,0,0,0,0,0,0,0,0,0,0,0,0,0,0,0,0,2,0,0,0,0,0,0,0,0,0,0,0,0,0,0,5,1024,0
E:\Supriya's_Monolithic Projects\moduliths\moduliths-sample\src\main\java\com\acme\myproject\cycleB\CycleB.java,com.acme.myproject.cycleB.CycleB,class,1,2,1,1,0,1,0,0,0,NaN,-1.0,-1.0,0,0,0,0,0,0,0,0,0,0,1,0,0,0,0,1,0,0,0,3,0,0,0,0,0,0,0,0,0,1,0,0,0,0,6,1,0
E:\Supriya's_Monolithic Projects\moduliths\moduliths-moments\src\main\java\org\moduliths\moments\support\MomentsProperties.java,org.moduliths.moments.support.MomentsProperties,class,11,16,5,11,7,1,0,5,0,0.6111111,0.0,0.0,3,0,1,1,0,1,2,0,0,0,6,1,1,5,0,0,6,0,2,32,2,0,4,0,0,4,0,6,0,6,0,0,2,0,80,1,0
E:\Supriya's_Monolithic Projects\moduliths\moduliths-core\src\main\java\org\moduliths\model\ArchitecturallyEvidentType.java,org.moduliths.model.ArchitecturallyEvidentType,class,14,24,10,14,16,5,8,14,76,0.8846154,0.015151516,0.015151516,13,2,10,1,0,2,12,2,0,0,2,1,0,2,0,0,1,0,4,211,14,0,0,0,0,0,0,3,0,6,2,0,6,2,96,1025,0
E:\Supriya's_Monolithic Projects\moduliths\moduliths-moments\src\test\java\org\moduliths\moments\support\MomentsUnitTests.java,org.moduliths.moments.support.MomentsUnitTests,class,12,13,1,12,13,1,0,36,0,0.5625,0.8909091,1.0,12,0,0,1,0,11,11,0,0,0,4,0,0,0,0,4,0,0,26,79,1,1,0,0,1,0,22,27,2,25,1,0,0,0,83,0,0
E:\Supriya's_Monolithic Projects\moduliths\moduliths-core\src\main\java\org\moduliths\model\ArchitecturallyEvidentType.java,org.moduliths.model.ArchitecturallyEvidentType$DelegatingType,innerclass,5,5,0,5,11,2,0,8,17,0.72727275,0.16363636,0.8181818,11,1,10,0,0,1,11,0,0,0,3,0,0,3,0,0,3,0,1,56,10,0,0,0,0,0,0,18,0,18,0,0,0,9,28,8,0
E:\Supriya's_Monolithic Projects\moduliths\moduliths-core\src\main\java\org\moduliths\model\ModuleInformation.java,org.moduliths.model.ModuleInformation$ModulithsModule,innerclass,3,3,0,3,4,2,0,12,0,0.25,0.5,0.5,4,1,4,0,0,0,4,0,0,0,1,0,0,1,0,0,1,0,3,16,3,0,0,0,0,0,0,1,0,2,0,0,0,1,15,8,0
E:\Supriya's_Monolithic Projects\moduliths\moduliths-core\src\main\java\org\moduliths\model\Source.java,org.moduliths.model.Source,interface,1,4,3,1,1,1,0,0,0,0.0,NaN,NaN,1,0,0,0,0,1,1,0,0,0,0,0,0,0,0,0,0,0,0,3,0,0,0,0,0,0,0,0,0,0,0,0,0,0,27,1,0
E:\Supriya's_Monolithic Projects\moduliths\moduliths-events\moduliths-events-jpa-jakarta\src\main\java\org\moduliths\events\jpa\JpaEventPublicationRegistry.java,JpaEventPublicationRegistry,class,15,17,2,15,9,1,0,34,0,0.4166667,0.0,0.0,6,1,4,2,0,0,4,0,0,0,2,0,0,2,0,0,2,0,0,51,4,1,1,0,1,9,2,6,1,12,1,0,1,4,55,0,5
E:\Supriya's_Monolithic Projects\moduliths\moduliths-docs\src\main\java\org\moduliths\docs\Documenter.java,org.moduliths.docs.Documenter$Options$DiagramStyle,enum,0,0,0,0,0,1,0,0,0,0.0,-1.0,-1.0,0,0,0,0,0,0,0,0,0,0,0,0,0,0,0,0,0,0,0,3,0,0,0,0,0,0,0,0,0,0,0,0,0,0,15,1,0
E:\Supriya's_Monolithic Projects\moduliths\moduliths-core\src\test\java\org\moduliths\model\ModuleUnitTest.java,org.moduliths.model.ModuleUnitTest,class,11,11,0,11,2,1,0,20,0,0.625,1.0,1.0,2,0,1,0,0,1,2,0,0,0,4,0,0,0,0,4,0,0,2,19,0,0,0,0,0,2,1,7,0,9,1,0,0,2,31,0,0
E:\Supriya's_Monolithic Projects\moduliths\moduliths-events\moduliths-events-tests\src\test\java\example\events\PersistentDomainEventIntegrationTest.java,example.events.PersistentDomainEventIntegrationTest$FourthTxEventListener,innerclass,4,4,0,4,1,1,0,1,0,0.0,NaN,NaN,1,0,1,0,0,0,1,0,0,0,1,0,0,0,0,1,0,0,1,8,0,0,0,0,0,1,2,1,0,1,0,0,0,0,11,8,0
E:\Supriya's_Monolithic Projects\moduliths\moduliths-core\src\test\java\org\moduliths\model\ModuleDependencyUnitTest.java,org.moduliths.model.ModuleDependencyUnitTest$SingleConstructor,innerclass,1,1,0,1,1,1,0,0,0,0.0,NaN,NaN,1,0,0,0,0,1,1,0,0,0,0,0,0,0,0,0,0,0,0,4,0,0,0,0,0,0,0,0,0,0,0,0,0,0,4,8,0
E:\Supriya's_Monolithic Projects\moduliths\moduliths-core\src\test\java\org\moduliths\model\ArchitecturallyEvidentTypeUnitTest.java,org.moduliths.model.ArchitecturallyEvidentTypeUnitTest$SampleRepository,interface,1,1,0,1,0,1,0,0,0,0.0,-1.0,-1.0,0,0,0,0,0,0,0,0,0,0,0,0,0,0,0,0,0,0,0,2,0,0,0,0,0,0,0,0,0,0,0,0,0,0,2,0,0
E:\Supriya's_Monolithic Projects\moduliths\moduliths-core\src\main\java\org\moduliths\model\NamedInterface.java,org.moduliths.model.NamedInterface,class,9,15,6,9,10,3,4,16,31,0.8,0.08888889,0.13333334,10,3,7,0,1,2,10,2,0,0,3,2,0,2,1,0,3,0,3,69,8,0,0,0,0,3,0,3,0,6,0,0,2,3,56,1025,0
E:\Supriya's_Monolithic Projects\moduliths\moduliths-events\moduliths-events-core\src\main\java\org\moduliths\events\support\PersistentApplicationEventMulticaster.java,org.moduliths.events.support.PersistentApplicationEventMulticaster,class,14,17,3,14,11,2,0,25,13,0.6666667,0.33333334,0.33333334,6,1,3,3,0,0,3,0,0,0,1,0,0,1,0,0,1,0,1,72,4,2,1,0,1,3,0,5,0,8,1,0,1,3,73,1,1
E:\Supriya's_Monolithic Projects\moduliths\moduliths-core\src\test\java\org\moduliths\model\ViolationsUnitTests.java,org.moduliths.model.ViolationsUnitTests,class,2,2,0,2,1,1,0,4,0,0.0,NaN,NaN,1,0,0,0,0,1,1,0,0,0,0,0,0,0,0,0,0,0,0,6,0,0,0,0,0,3,0,1,0,1,0,0,0,0,14,0,0
E:\Supriya's_Monolithic Projects\moduliths\moduliths-docs\src\test\java\org\moduliths\docs\AsciidoctorUnitTests.java,org.moduliths.docs.AsciidoctorUnitTests,class,8,8,0,8,5,1,0,10,0,0.2,0.6,0.6,5,0,0,0,0,5,5,0,0,0,1,0,0,0,0,1,0,0,2,20,0,0,0,0,0,14,0,3,1,3,0,0,0,1,45,0,0
E:\Supriya's_Monolithic Projects\moduliths\moduliths-events\moduliths-events-core\src\main\java\org\moduliths\events\config\EventSerializationConfigurationExtension.java,org.moduliths.events.config.EventSerializationConfigurationExtension,interface,0,2,2,0,0,1,0,0,0,0.0,-1.0,-1.0,0,0,0,0,0,0,0,0,0,0,0,0,0,0,0,0,0,0,0,2,0,0,0,0,0,0,0,0,0,0,0,0,0,0,6,1,0
E:\Supriya's_Monolithic Projects\moduliths\moduliths-test\src\main\java\org\moduliths\test\TestUtils.java,org.moduliths.test.TestUtils,class,12,15,3,12,3,1,0,11,0,0.0,NaN,NaN,1,1,1,0,0,0,1,0,0,0,0,0,0,0,0,0,0,0,0,30,1,0,0,1,0,0,0,6,0,8,3,0,0,3,33,1,0
E:\Supriya's_Monolithic Projects\moduliths\moduliths-events\moduliths-events-starter\src\main\java\org\moduliths\events\starter\DomainEventsAutoConfiguration.java,org.moduliths.events.starter.DomainEventsAutoConfiguration$EnableAutoConfigForEventsPackage,innerclass,4,4,0,4,1,1,0,3,0,0.0,NaN,NaN,1,0,1,0,0,0,1,0,0,0,0,0,0,0,0,0,0,0,0,5,0,0,0,0,0,0,0,0,0,0,0,0,0,0,16,8,0
E:\Supriya's_Monolithic Projects\moduliths\moduliths-docs\src\main\java\org\moduliths\docs\Documenter.java,org.moduliths.docs.Documenter$Connection,innerclass,4,4,0,4,1,1,0,2,0,1.0,NaN,NaN,1,1,1,0,0,0,1,0,0,0,1,0,0,0,0,1,0,0,0,6,1,0,0,0,0,0,0,0,0,2,0,0,0,0,6,10,0
E:\Supriya's_Monolithic Projects\moduliths\moduliths-events\moduliths-events-jpa-jakarta\src\test\java\org\moduliths\events\jpa\JpaEventPublicationConfigurationIntegrationTests.java,JpaEventPublicationConfigurationIntegrationTests,class,8,8,0,8,1,1,0,3,0,0.0,NaN,NaN,1,0,0,0,0,1,1,0,0,0,1,0,0,1,0,0,1,0,0,18,0,0,0,0,0,0,0,0,0,1,0,0,1,0,17,1,0
E:\Supriya's_Monolithic Projects\moduliths\moduliths-core\src\test\java\com\acme\withatbean\TestEvents.java,com.acme.withatbean.TestEvents,class,2,2,0,2,2,1,0,1,1,0.0,0.0,0.0,2,0,2,0,0,0,2,0,0,0,0,0,0,0,0,0,0,0,1,15,0,0,0,0,0,0,0,0,0,0,0,0,2,0,14,1,0
E:\Supriya's_Monolithic Projects\moduliths\moduliths-sample\src\main\java\com\acme\myproject\stereotypes\Stereotypes.java,com.acme.myproject.stereotypes.Stereotypes$SomeService,innerclass,1,1,0,1,0,1,0,0,0,0.0,-1.0,-1.0,0,0,0,0,0,0,0,0,0,0,0,0,0,0,0,0,0,0,0,2,0,0,0,0,0,0,0,0,0,0,0,0,0,0,2,8,0
E:\Supriya's_Monolithic Projects\moduliths\moduliths-moments\src\main\java\org\moduliths\moments\YearHasPassed.java,org.moduliths.moments.YearHasPassed,class,3,7,4,3,3,1,0,4,0,0.0,1.0,1.0,3,1,1,0,0,2,3,0,0,0,1,0,0,1,0,0,1,0,4,12,3,0,0,0,0,1,2,0,0,1,0,0,0,0,40,1,0
E:\Supriya's_Monolithic Projects\moduliths\moduliths-observability\src\main\java\org\moduliths\observability\ModuleTracingSupport.java,org.moduliths.observability.ModuleTracingSupport,class,8,11,3,8,8,1,2,9,9,0.6666667,0.2,0.26666668,6,0,1,0,5,0,6,0,4,0,3,0,0,3,0,0,2,0,1,41,5,0,0,1,1,1,1,4,0,5,1,0,0,1,37,0,0
E:\Supriya's_Monolithic Projects\moduliths\moduliths-core\src\main\java\org\moduliths\model\SpringBean.java,org.moduliths.model.SpringBean,class,7,14,7,7,4,1,0,10,0,0.25,1.0,1.0,4,0,4,0,0,0,4,0,0,0,2,0,0,2,0,0,2,0,2,16,4,0,0,0,0,1,0,0,0,2,0,0,0,0,39,1,0
E:\Supriya's_Monolithic Projects\moduliths\moduliths-core\src\test\java\org\moduliths\model\ArchitecturallyEvidentTypeUnitTest.java,org.moduliths.model.ArchitecturallyEvidentTypeUnitTest$JMoleculesAnnotatedRepository,innerclass,1,1,0,1,0,1,0,0,0,0.0,-1.0,-1.0,0,0,0,0,0,0,0,0,0,0,0,0,0,0,0,0,0,0,0,2,0,0,0,0,0,0,0,0,0,0,0,0,0,0,4,0,0
E:\Supriya's_Monolithic Projects\moduliths\moduliths-core\src\test\java\org\moduliths\model\ArchitecturallyEvidentTypeUnitTest.java,org.moduliths.model.ArchitecturallyEvidentTypeUnitTest$SomeEventListener,innerclass,1,1,0,1,3,1,0,0,3,0.0,0.0,0.0,3,0,0,0,0,3,3,0,0,0,0,0,0,0,0,0,0,0,0,8,0,0,0,0,0,0,0,0,0,0,0,0,0,0,7,0,0
E:\Supriya's_Monolithic Projects\moduliths\moduliths-integration-test\src\test\java\org\moduliths\model\ModulesIntegrationTest.java,org.moduliths.model.ModulesIntegrationTest,class,10,10,0,10,11,1,0,35,0,0.18181819,0.8,0.8,11,1,6,1,0,4,10,0,0,0,1,0,0,0,0,1,0,0,4,77,0,0,0,0,0,20,0,12,0,22,2,0,0,12,66,0,0
E:\Supriya's_Monolithic Projects\moduliths\moduliths-events\moduliths-events-jpa-jakarta\src\test\java\org\moduliths\events\jpa\JpaEventPublicationRepositoryIntegrationTests.java,TestConfig,innerclass,12,14,0,14,5,1,0,11,10,0.0,0.0,0.0,5,0,0,0,0,5,5,0,0,0,0,0,0,0,0,0,0,0,0,23,5,0,0,0,0,0,0,2,0,2,0,0,0,0,32,8,0
E:\Supriya's_Monolithic Projects\moduliths\moduliths-sample\src\main\java\com\acme\myproject\invalid\InvalidComponent.java,com.acme.myproject.invalid.InvalidComponent,class,1,2,1,1,1,1,0,0,0,0.0,NaN,NaN,1,0,0,0,0,1,1,0,0,0,0,0,0,0,0,0,0,0,0,4,0,0,0,0,0,0,0,0,0,0,0,0,0,0,7,1,0
E:\Supriya's_Monolithic Projects\moduliths\moduliths-core\src\test\java\org\moduliths\model\ModulithMetadataUnitTest.java,org.moduliths.model.ModulithMetadataUnitTest$ModuliticAnnotated,innerclass,1,1,0,1,0,1,0,0,0,0.0,-1.0,-1.0,0,0,0,0,0,0,0,0,0,0,0,0,0,0,0,0,0,0,0,2,0,0,0,0,0,3,0,0,0,0,0,0,0,0,5,8,0
E:\Supriya's_Monolithic Projects\moduliths\moduliths-moments\src\main\java\org\moduliths\moments\support\Moments.java,org.moduliths.moments.support.Moments,class,10,14,4,10,17,1,1,39,0,0.6857143,0.46666667,0.6666667,7,0,0,1,0,6,6,0,0,0,5,1,0,5,0,0,4,0,9,64,4,1,1,0,0,2,6,13,0,14,2,0,0,0,63,1,0
E:\Supriya's_Monolithic Projects\moduliths\moduliths-events\moduliths-events-core\src\main\java\org\moduliths\events\support\CompletionRegisteringBeanPostProcessor.java,org.moduliths.events.support.CompletionRegisteringBeanPostProcessor$ProxyCreatingMethodCallback,innerclass,10,10,0,10,5,1,0,6,0,0.375,NaN,NaN,2,1,1,1,0,0,1,0,0,0,4,0,0,4,0,0,2,0,2,24,3,0,0,0,0,0,0,4,0,6,1,0,0,0,51,10,0
E:\Supriya's_Monolithic Projects\moduliths\moduliths-sample\src\test\java\com\acme\myproject\moduleC\ModuleCTest.java,com.acme.myproject.moduleC.ModuleCTest$FailsWithDirectDependencyTest$Config,innerclass,1,1,0,1,0,1,0,0,0,0.0,-1.0,-1.0,0,0,0,0,0,0,0,0,0,0,0,0,0,0,0,0,0,0,0,2,0,0,0,0,0,0,0,0,0,0,0,0,0,0,1,8,0
E:\Supriya's_Monolithic Projects\moduliths\moduliths-observability\src\test\java\org\moduliths\observability\autoconfigure\SpringBootApplicationRuntimeUnitTests.java,org.moduliths.observability.autoconfigure.SpringBootApplicationRuntimeUnitTests,class,9,9,0,9,1,1,0,6,0,0.0,NaN,NaN,1,0,0,0,0,1,1,0,0,0,1,0,0,0,0,1,0,0,0,11,0,0,0,0,0,1,0,2,0,3,0,0,1,0,25,1,0
E:\Supriya's_Monolithic Projects\moduliths\moduliths-events\moduliths-events-jpa\src\main\java\org\moduliths\events\jpa\JpaEventPublication.java,org.moduliths.events.jpa.JpaEventPublication,class,8,13,5,8,2,1,0,3,1,0.5833333,0.0,0.0,2,1,0,0,0,2,2,0,0,0,6,0,0,6,0,0,5,0,2,15,2,0,0,0,0,0,1,1,0,6,0,0,0,0,26,0,0
E:\Supriya's_Monolithic Projects\moduliths\moduliths-events\moduliths-events-core\src\main\java\org\moduliths\events\support\MapEventPublicationRegistry.java,org.moduliths.events.support.MapEventPublicationRegistry$Key,innerclass,2,2,0,2,0,1,0,0,0,NaN,-1.0,-1.0,0,0,0,0,0,0,0,0,0,0,2,0,0,0,0,2,0,0,0,4,0,0,0,0,0,1,0,0,0,2,0,0,0,0,9,10,0
E:\Supriya's_Monolithic Projects\moduliths\moduliths-events\moduliths-events-core\src\main\java\org\moduliths\events\DefaultEventPublication.java,org.moduliths.events.DefaultEventPublication,class,8,9,1,8,1,1,0,3,0,0.75,NaN,NaN,1,0,1,0,0,0,1,0,0,0,4,0,0,4,0,0,3,0,4,10,1,0,0,0,0,1,0,3,0,4,0,0,0,0,19,0,0
E:\Supriya's_Monolithic Projects\moduliths\moduliths-test\src\main\java\org\moduliths\test\ModuleContextCustomizerFactory.java,org.moduliths.test.ModuleContextCustomizerFactory,class,5,5,0,5,2,1,0,1,0,0.0,NaN,NaN,1,0,1,0,0,0,1,0,0,0,0,0,0,0,0,0,0,0,0,66,1,0,1,0,0,0,0,1,0,1,0,0,1,0,14,0,0
E:\Supriya's_Monolithic Projects\moduliths\moduliths-sample\src\main\java\com\acme\myproject\stereotypes\Stereotypes.java,com.acme.myproject.stereotypes.Stereotypes$SomeEventListener,innerclass,2,2,0,2,1,1,0,0,0,0.0,NaN,NaN,1,0,0,0,0,1,1,0,0,0,0,0,0,0,0,0,0,0,0,4,0,0,0,0,0,0,0,0,0,0,0,0,0,0,6,8,0
E:\Supriya's_Monolithic Projects\moduliths\moduliths-sample\src\main\java\com\acme\myproject\invalid2\InvalidModuleDependency.java,com.acme.myproject.invalid2.InvalidModuleDependency,class,1,1,0,1,1,1,0,0,0,0.0,NaN,NaN,1,0,1,0,0,0,1,0,0,0,0,0,0,0,0,0,0,0,0,4,0,0,0,0,0,0,0,0,0,0,0,0,0,0,20,1,0
E:\Supriya's_Monolithic Projects\moduliths\moduliths-events\moduliths-events-jpa\src\main\java\org\moduliths\events\jpa\JpaEventPublicationRegistry.java,org.moduliths.events.jpa.JpaEventPublicationRegistry,class,12,14,2,12,9,1,0,39,0,0.4166667,1.0,1.0,6,1,4,2,0,0,4,0,0,0,2,0,0,2,0,0,2,0,2,55,4,1,1,0,1,9,2,6,1,12,1,0,1,4,53,0,5
E:\Supriya's_Monolithic Projects\moduliths\moduliths-moments\src\main\java\org\moduliths\moments\support\TimeMachine.java,org.moduliths.moments.support.TimeMachine,class,3,4,1,3,3,2,0,2,3,0.0,0.0,0.0,3,0,3,0,0,0,3,0,0,0,0,0,0,0,0,0,0,0,0,11,2,0,0,0,0,0,0,0,0,0,0,0,0,0,35,1,0
E:\Supriya's_Monolithic Projects\moduliths\moduliths-moments\src\main\java\org\moduliths\moments\QuarterHasPassed.java,org.moduliths.moments.QuarterHasPassed,class,6,10,4,6,4,1,0,4,0,0.0,1.0,1.0,4,2,4,0,0,0,4,0,0,0,2,0,0,2,0,0,2,0,4,16,4,0,0,0,0,1,0,0,0,2,0,0,0,0,43,1,0
E:\Supriya's_Monolithic Projects\moduliths\moduliths-events\moduliths-events-jpa\src\main\java\org\moduliths\events\jpa\JpaEventPublicationConfiguration.java,org.moduliths.events.jpa.JpaEventPublicationConfiguration,class,8,10,2,8,2,1,0,0,1,0.0,0.0,0.0,2,0,2,0,0,0,2,0,0,0,0,0,0,0,0,0,0,0,0,8,2,0,0,0,0,0,0,0,0,0,0,0,0,0,19,0,0
E:\Supriya's_Monolithic Projects\moduliths\moduliths-observability\src\main\java\org\moduliths\observability\autoconfigure\ModuleObservabilityAutoConfiguration.java,org.moduliths.observability.autoconfigure.ModuleObservabilityAutoConfiguration,class,10,10,0,10,3,1,0,2,3,0.0,0.0,0.0,3,3,0,0,0,3,3,0,0,0,0,0,0,0,0,0,0,0,1,34,3,0,0,0,0,0,0,0,0,0,0,0,1,1,27,0,0
E:\Supriya's_Monolithic Projects\moduliths\moduliths-events\moduliths-events-core\src\test\java\org\moduliths\events\CompletableEventPublicationUnitTest.java,org.moduliths.events.CompletableEventPublicationUnitTest,class,3,3,0,3,4,1,0,13,6,0.0,0.0,0.0,4,0,0,0,0,4,4,0,0,0,0,0,0,0,0,0,0,0,2,18,0,0,0,0,0,5,0,2,0,2,0,0,0,2,25,0,0
E:\Supriya's_Monolithic Projects\moduliths\moduliths-core\src\main\java\org\moduliths\model\AnnotationModulithMetadata.java,org.moduliths.model.AnnotationModulithMetadata,class,4,7,3,4,6,1,0,12,0,0.5,0.4,0.4,6,1,6,0,0,0,6,0,0,0,2,0,0,2,0,0,2,0,4,24,6,0,0,0,0,1,0,1,0,4,0,0,0,1,42,0,0
E:\Supriya's_Monolithic Projects\moduliths\moduliths-observability\src\main\java\org\moduliths\observability\ObservedModuleType.java,org.moduliths.observability.ObservedModuleType,class,5,10,5,5,5,1,0,18,0,0.33333334,1.0,1.0,3,0,2,1,0,0,2,0,0,0,3,0,0,3,0,0,3,0,0,21,5,0,0,0,0,0,0,1,0,9,1,0,0,5,60,1,0
E:\Supriya's_Monolithic Projects\moduliths\moduliths-observability\src\main\java\org\moduliths\observability\autoconfigure\SpringDataRestModuleObservabilityAutoConfiguration.java,org.moduliths.observability.autoconfigure.SpringDataRestModuleObservabilityAutoConfiguration,class,7,7,0,7,1,1,0,0,0,0.0,NaN,NaN,1,1,0,0,0,1,1,0,0,0,0,0,0,0,0,0,0,0,0,5,1,0,0,0,0,0,0,0,0,0,0,0,0,0,21,0,0
E:\Supriya's_Monolithic Projects\moduliths\moduliths-docs\src\main\java\org\moduliths\docs\Documenter.java,org.moduliths.docs.Documenter$CanvasOptions$Groupings,innerclass,5,5,0,5,8,1,0,15,3,0.33333334,0.3,0.3,6,0,0,1,0,5,5,0,0,0,1,0,0,1,0,0,1,0,0,21,5,0,2,0,0,1,1,0,0,3,0,0,0,2,33,8,0
E:\Supriya's_Monolithic Projects\moduliths\moduliths-events\moduliths-events-jpa\src\test\java\org\moduliths\events\jpa\JpaEventPublicationConfigurationIntegrationTests.java,org.moduliths.events.jpa.JpaEventPublicationConfigurationIntegrationTests$TestConfig,innerclass,7,7,0,7,2,1,0,5,1,0.0,0.0,0.0,2,0,0,0,0,2,2,0,0,0,0,0,0,0,0,0,0,0,0,11,2,0,0,0,0,0,0,2,0,2,0,0,0,0,14,8,0
E:\Supriya's_Monolithic Projects\moduliths\moduliths-core\src\main\java\org\moduliths\model\Types.java,org.moduliths.model.Types$JavaXTypes,innerclass,3,3,0,3,1,1,0,1,0,0.75,NaN,NaN,1,1,0,0,0,1,1,0,0,0,4,4,0,1,0,3,4,0,0,9,1,0,0,0,0,4,0,4,3,4,0,0,0,0,26,8,0
E:\Supriya's_Monolithic Projects\moduliths\moduliths-core\src\test\java\org\moduliths\model\ArchitecturallyEvidentTypeUnitTest.java,org.moduliths.model.ArchitecturallyEvidentTypeUnitTest$JMoleculesAnnotatedAggregateRoot,innerclass,1,1,0,1,0,1,0,0,0,0.0,-1.0,-1.0,0,0,0,0,0,0,0,0,0,0,0,0,0,0,0,0,0,0,0,2,0,0,0,0,0,0,0,0,0,0,0,0,0,0,5,0,0
E:\Supriya's_Monolithic Projects\moduliths\moduliths-moments\src\main\java\org\moduliths\moments\Quarter.java,org.moduliths.moments.Quarter,enum,3,8,5,3,5,1,0,1,0,1.0,NaN,NaN,1,0,0,0,0,1,1,0,0,0,1,0,0,1,0,0,1,0,8,16,4,0,0,0,0,1,8,0,0,2,1,0,0,0,26,1,0
E:\Supriya's_Monolithic Projects\moduliths\moduliths-observability\src\main\java\org\moduliths\observability\ModuleTracingBeanPostProcessor.java,org.moduliths.observability.ModuleTracingBeanPostProcessor,class,15,16,1,15,6,3,0,15,0,0.5833333,1.0,1.0,3,0,2,1,0,0,2,0,0,0,4,1,1,3,0,0,4,0,0,38,5,0,1,0,0,1,0,10,0,12,1,0,1,2,60,1,0
E:\Supriya's_Monolithic Projects\moduliths\moduliths-sample\src\test\java\com\acme\myproject\moduleC\ModuleCTest.java,com.acme.myproject.moduleC.ModuleCTest$SucceedsWithAllDependenciesTest,innerclass,6,6,0,6,1,1,0,2,0,0.0,NaN,NaN,1,0,0,0,0,1,1,0,0,0,2,0,0,0,0,2,0,0,0,8,0,0,0,0,0,0,0,0,0,2,0,0,0,0,14,8,0
E:\Supriya's_Monolithic Projects\moduliths\moduliths-test\src\main\java\org\moduliths\test\ModuleTestAutoConfiguration.java,org.moduliths.test.ModuleTestAutoConfiguration,class,4,4,0,4,0,1,0,0,0,NaN,-1.0,-1.0,0,0,0,0,0,0,0,0,0,0,2,2,0,2,0,0,2,0,0,30,0,0,0,0,0,2,0,2,0,2,0,0,1,0,42,0,0
E:\Supriya's_Monolithic Projects\moduliths\moduliths-core\src\test\java\org\moduliths\model\ArchitecturallyEvidentTypeUnitTest.java,org.moduliths.model.ArchitecturallyEvidentTypeUnitTest,class,27,28,1,27,13,1,0,38,0,0.53846157,0.54545456,0.54545456,13,0,0,1,0,12,12,0,0,0,2,0,0,0,0,2,0,0,8,116,4,0,0,0,0,4,0,12,0,20,1,0,15,8,67,0,0
E:\Supriya's_Monolithic Projects\moduliths\moduliths-docs\src\main\java\org\moduliths\docs\Documenter.java,org.moduliths.docs.Documenter$Options$ElementsWithoutRelationships,enum,0,0,0,0,0,1,0,0,0,0.0,-1.0,-1.0,0,0,0,0,0,0,0,0,0,0,0,0,0,0,0,0,0,0,0,1,0,0,0,0,0,0,0,0,0,0,0,0,0,0,47,1,0
E:\Supriya's_Monolithic Projects\moduliths\moduliths-core\src\main\java\org\moduliths\model\Modules.java,org.moduliths.model.Modules$PackageKey,innerclass,5,5,0,5,1,1,0,1,0,0.5,NaN,NaN,1,0,1,0,0,0,1,0,0,0,2,0,0,0,0,2,0,0,1,7,1,0,0,0,0,1,0,0,0,2,0,0,0,0,10,26,0
E:\Supriya's_Monolithic Projects\moduliths\moduliths-sample\src\main\java\com\acme\myproject\moduleB\internal\InternalComponentB.java,com.acme.myproject.moduleB.internal.InternalComponentB,class,1,5,4,1,0,1,0,0,0,0.0,-1.0,-1.0,0,0,0,0,0,0,0,0,0,0,0,0,0,0,0,0,0,0,0,2,0,0,0,0,0,0,0,0,0,0,0,0,0,0,5,1,0
E:\Supriya's_Monolithic Projects\moduliths\moduliths-core\src\test\java\org\moduliths\model\ModuleDetectionStrategyUnitTest.java,org.moduliths.model.ModuleDetectionStrategyUnitTest,class,7,7,0,7,3,1,0,10,3,0.0,0.0,0.0,3,0,0,0,0,3,3,0,0,0,0,0,0,0,0,0,0,0,5,13,0,0,0,0,0,2,0,2,0,2,0,0,0,0,28,0,0
E:\Supriya's_Monolithic Projects\moduliths\moduliths-events\moduliths-events-tests\src\test\java\example\events\PersistentDomainEventIntegrationTest.java,example.events.PersistentDomainEventIntegrationTest$SecondTxEventListener,innerclass,3,3,0,3,1,1,0,0,0,0.0,NaN,NaN,1,0,1,0,0,0,1,0,0,0,1,0,0,0,0,1,0,0,0,7,0,0,0,0,0,0,1,1,0,1,0,0,0,0,11,8,0
E:\Supriya's_Monolithic Projects\moduliths\moduliths-sample\src\main\java\com\acme\myproject\moduleC\ServiceComponentC.java,com.acme.myproject.moduleC.ServiceComponentC,class,3,3,0,3,0,1,0,0,0,NaN,-1.0,-1.0,0,0,0,0,0,0,0,0,0,0,1,0,0,1,0,0,1,0,0,3,0,0,0,0,0,0,0,0,0,1,0,0,0,0,7,0,0
E:\Supriya's_Monolithic Projects\moduliths\moduliths-sample\src\test\java\com\acme\myproject\moduleC\ModuleCTest.java,com.acme.myproject.moduleC.ModuleCTest$SucceedsWithDirectDependencyPlusItsDependenciesMocksTest,innerclass,5,5,0,5,1,1,0,2,0,0.0,NaN,NaN,1,0,0,0,0,1,1,0,0,0,1,0,0,0,0,1,0,0,0,6,0,0,0,0,0,0,0,0,0,1,0,0,0,0,17,8,0
E:\Supriya's_Monolithic Projects\moduliths\moduliths-core\src\test\java\com\acme\withatbean\SampleConfiguration.java,com.acme.withatbean.SampleConfiguration,class,2,2,0,2,1,1,0,0,0,0.0,NaN,NaN,1,0,0,0,0,1,1,0,0,0,0,0,0,0,0,0,0,0,0,5,1,0,0,0,0,0,0,0,0,0,0,0,0,0,8,1,0
E:\Supriya's_Monolithic Projects\moduliths\moduliths-sample\src\test\java\com\acme\myproject\moduleA\ModuleATest.java,com.acme.myproject.moduleA.ModuleATest,class,10,10,0,10,3,1,0,11,0,0.33333334,0.6666667,1.0,3,0,0,0,0,3,3,0,0,0,2,0,0,0,0,2,0,0,0,16,0,0,0,0,0,1,1,1,0,4,0,0,0,2,24,0,0
E:\Supriya's_Monolithic Projects\moduliths\moduliths-sample\src\main\java\com\acme\myproject\stereotypes\web\WebRepresentations.java,com.acme.myproject.stereotypes.web.WebRepresentations,class,1,1,0,1,0,1,0,0,0,0.0,-1.0,-1.0,0,0,0,0,0,0,0,0,0,0,0,0,0,0,0,0,0,0,0,2,0,0,0,0,0,0,0,0,0,0,0,0,0,0,4,1,0
E:\Supriya's_Monolithic Projects\moduliths\moduliths-sample\src\main\java\com\acme\myproject\stereotypes\Stereotypes.java,com.acme.myproject.stereotypes.Stereotypes$SomeTxEventListener,innerclass,2,2,0,2,1,1,0,0,0,0.0,NaN,NaN,1,0,0,0,0,1,1,0,0,0,0,0,0,0,0,0,0,0,0,4,0,0,0,0,0,0,0,0,0,0,0,0,0,0,7,8,0
E:\Supriya's_Monolithic Projects\moduliths\moduliths-core\src\main\java\org\moduliths\model\Classes.java,org.moduliths.model.Classes,class,9,24,15,9,24,2,0,37,15,0.31578946,0.4852941,0.4852941,19,5,3,2,0,14,17,0,0,0,1,0,0,1,0,0,1,0,15,87,19,0,0,0,0,14,0,4,0,8,2,0,1,5,61,1,0
E:\Supriya's_Monolithic Projects\moduliths\moduliths-moments\src\main\java\org\moduliths\moments\support\MomentsProperties.java,org.moduliths.moments.support.MomentsProperties$ShiftedQuarters,innerclass,4,4,0,4,2,1,0,11,1,0.5,0.0,0.0,2,1,2,0,0,0,2,0,0,0,1,0,0,1,0,0,1,0,4,9,2,0,0,0,0,0,0,0,0,3,0,0,0,3,16,10,0
E:\Supriya's_Monolithic Projects\moduliths\moduliths-sample\src\main\java\com\acme\myproject\stereotypes\Stereotypes.java,com.acme.myproject.stereotypes.Stereotypes$SomeComponent,innerclass,1,1,0,1,0,1,0,0,0,0.0,-1.0,-1.0,0,0,0,0,0,0,0,0,0,0,0,0,0,0,0,0,0,0,0,2,0,0,0,0,0,0,0,0,0,0,0,0,0,0,2,8,0
E:\Supriya's_Monolithic Projects\moduliths\moduliths-moments\src\test\java\org\moduliths\moments\WeekHasPassedUnitTests.java,org.moduliths.moments.WeekHasPassedUnitTests,class,2,2,0,2,1,1,0,11,0,0.0,NaN,NaN,1,0,0,0,0,1,1,0,0,0,0,0,0,0,0,0,0,0,7,8,0,0,0,0,0,0,10,2,0,2,0,0,0,0,16,0,0
E:\Supriya's_Monolithic Projects\moduliths\moduliths-core\src\main\java\org\moduliths\model\EventType.java,org.moduliths.model.EventType,class,4,7,3,4,2,1,0,17,0,0.25,1.0,1.0,2,0,2,0,0,0,2,0,0,0,2,0,0,2,0,0,2,0,2,14,1,0,0,0,0,1,0,4,0,9,0,0,0,5,42,1,0
E:\Supriya's_Monolithic Projects\moduliths\moduliths-sample\src\test\java\com\acme\myproject\fieldinjected\FieldInjectedIntegrationTest.java,com.acme.myproject.fieldinjected.FieldInjectedIntegrationTest,class,7,7,0,7,1,1,0,5,0,0.5,NaN,NaN,1,0,0,0,0,1,1,0,0,0,2,0,0,0,0,2,0,0,0,8,0,0,0,0,0,2,0,1,0,3,0,0,0,0,25,0,0
E:\Supriya's_Monolithic Projects\moduliths\moduliths-integration-test\src\test\java\org\moduliths\model\JavaPackageUnitTests.java,org.moduliths.model.JavaPackageUnitTests,class,7,7,0,7,1,1,0,10,0,0.5,NaN,NaN,1,0,0,0,0,1,1,0,0,0,2,2,0,0,0,2,2,0,2,10,0,0,0,0,0,6,0,4,0,4,0,0,0,0,28,0,0
E:\Supriya's_Monolithic Projects\moduliths\moduliths-core\src\main\java\org\moduliths\model\DefaultModulithMetadata.java,org.moduliths.model.DefaultModulithMetadata,class,5,7,2,5,7,1,0,10,21,0.85714287,0.0,0.0,7,2,7,0,0,0,7,0,0,0,2,1,0,2,0,0,2,0,4,27,7,0,0,0,0,2,0,1,0,4,0,0,0,2,63,0,0
E:\Supriya's_Monolithic Projects\moduliths\moduliths-events\moduliths-events-core\src\main\java\org\moduliths\events\support\CompletionRegisteringBeanPostProcessor.java,org.moduliths.events.support.CompletionRegisteringBeanPostProcessor,class,7,9,2,7,2,1,0,3,0,0.0,NaN,NaN,1,0,1,0,0,0,1,0,0,0,1,0,0,1,0,0,1,0,0,82,1,0,0,0,0,0,0,1,0,2,0,0,3,0,46,1,0
E:\Supriya's_Monolithic Projects\moduliths\moduliths-core\src\main\java\org\moduliths\model\Types.java,org.moduliths.model.Types$JMoleculesTypes,innerclass,2,2,0,2,5,1,0,4,3,0.875,0.0,0.0,3,3,3,0,0,0,3,0,0,0,8,8,0,5,0,3,8,0,1,24,4,0,0,1,0,9,0,8,7,8,1,0,0,0,36,8,0
E:\Supriya's_Monolithic Projects\moduliths\moduliths-observability\src\main\java\org\moduliths\observability\ModulesRuntime.java,org.moduliths.observability.ModulesRuntime,class,4,8,4,4,5,1,0,10,0,0.5,0.33333334,0.33333334,4,2,2,1,0,1,3,0,0,0,3,1,0,3,0,0,3,0,3,30,6,0,0,1,0,0,1,3,0,6,2,0,0,3,37,1,0
E:\Supriya's_Monolithic Projects\moduliths\moduliths-events\moduliths-events-tests\src\test\java\example\events\PersistentDomainEventIntegrationTest.java,example.events.PersistentDomainEventIntegrationTest$Client,innerclass,4,4,0,4,1,1,0,1,0,0.0,NaN,NaN,1,0,1,0,0,0,1,0,0,0,1,0,0,1,0,0,1,0,0,6,0,0,0,0,0,0,0,0,0,1,0,0,0,0,7,8,0
E:\Supriya's_Monolithic Projects\moduliths\moduliths-core\src\test\java\org\moduliths\model\ArchitecturallyEvidentTypeUnitTest.java,org.moduliths.model.ArchitecturallyEvidentTypeUnitTest$JMoleculesEventListener,interface,1,1,0,1,1,1,0,0,0,0.0,NaN,NaN,1,0,0,0,0,1,1,0,0,0,0,0,0,0,0,0,0,0,0,3,0,0,0,0,0,0,0,0,0,0,0,0,0,0,7,0,0
E:\Supriya's_Monolithic Projects\moduliths\moduliths-core\src\main\java\org\moduliths\model\ArchitecturallyEvidentType.java,org.moduliths.model.ArchitecturallyEvidentType$Key,innerclass,3,3,0,3,0,1,0,0,0,NaN,-1.0,-1.0,0,0,0,0,0,0,0,0,0,0,2,0,0,0,0,2,0,0,0,4,0,0,0,0,0,1,0,0,0,2,0,0,0,0,9,10,0
E:\Supriya's_Monolithic Projects\moduliths\moduliths-core\src\main\java\org\moduliths\model\Types.java,org.moduliths.model.Types$SpringDataTypes,innerclass,5,5,0,5,2,1,0,5,0,0.5,0.0,0.0,2,2,0,0,0,2,2,0,0,0,3,3,0,1,0,2,3,0,0,11,2,0,0,0,0,3,0,3,3,3,0,0,0,0,27,8,0
E:\Supriya's_Monolithic Projects\moduliths\moduliths-core\src\main\java\org\moduliths\model\FormatableJavaClass.java,org.moduliths.model.FormatableJavaClass,class,7,17,10,7,10,1,0,32,1,0.6111111,0.5,0.5,6,2,4,2,0,0,4,0,0,0,3,1,0,3,0,0,3,0,3,43,10,0,1,0,0,9,4,6,0,8,1,0,0,3,49,1,0
E:\Supriya's_Monolithic Projects\moduliths\moduliths-integration-test\src\test\java\org\moduliths\model\TestModuleDetectionStrategy.java,org.moduliths.model.TestModuleDetectionStrategy,class,2,2,0,2,1,1,0,2,0,0.0,NaN,NaN,1,0,1,0,0,0,1,0,0,0,2,1,0,1,0,1,1,0,1,8,1,0,0,0,0,0,0,2,0,2,0,0,0,0,15,0,0
E:\Supriya's_Monolithic Projects\moduliths\moduliths-core\src\test\java\com\acme\withatbean\TestEvents.java,com.acme.withatbean.TestEvents$JMoleculesImplementing,innerclass,1,1,0,1,0,1,0,0,0,0.0,-1.0,-1.0,0,0,0,0,0,0,0,0,0,0,0,0,0,0,0,0,0,0,0,2,0,0,0,0,0,0,0,0,0,0,0,0,0,0,3,9,0
E:\Supriya's_Monolithic Projects\moduliths\moduliths-core\src\main\java\org\moduliths\model\ModuleDetectionStrategies.java,org.moduliths.model.ModuleDetectionStrategies$Anonymous2,anonymous,3,3,0,3,1,1,0,4,0,0.0,NaN,NaN,1,0,1,0,0,0,1,0,0,0,0,0,0,0,0,0,0,0,2,5,1,0,0,0,0,0,0,0,0,0,0,0,0,0,7,-1,0
E:\Supriya's_Monolithic Projects\moduliths\moduliths-observability\src\main\java\org\moduliths\observability\SpringDataRestModuleTracingBeanPostProcessor.java,org.moduliths.observability.SpringDataRestModuleTracingBeanPostProcessor,class,10,11,1,10,3,2,0,5,0,0.0,1.0,1.0,2,0,2,0,0,0,2,0,0,0,2,0,0,2,0,0,2,0,0,40,2,0,0,0,0,0,0,5,0,6,1,0,1,1,38,1,0
E:\Supriya's_Monolithic Projects\moduliths\moduliths-core\src\main\java\org\moduliths\model\ModuleDetectionStrategies.java,org.moduliths.model.ModuleDetectionStrategies$Anonymous1,anonymous,1,1,0,1,1,1,0,2,0,0.0,NaN,NaN,1,0,1,0,0,0,1,0,0,0,0,0,0,0,0,0,0,0,0,5,1,0,0,0,0,0,0,0,0,0,0,0,0,0,7,-1,0
E:\Supriya's_Monolithic Projects\moduliths\moduliths-moments\src\test\java\org\moduliths\moments\YearHasPassedUnitTests.java,org.moduliths.moments.YearHasPassedUnitTests,class,2,2,0,2,1,1,0,6,0,0.0,NaN,NaN,1,0,0,0,0,1,1,0,0,0,0,0,0,0,0,0,0,0,3,7,0,0,0,0,0,0,5,1,0,1,0,0,0,0,17,0,0
E:\Supriya's_Monolithic Projects\moduliths\moduliths-core\src\main\java\org\moduliths\model\ModuleInformation.java,org.moduliths.model.ModuleInformation,interface,5,8,3,5,5,3,0,3,3,0.0,0.0,0.0,3,1,1,0,0,2,3,0,0,0,0,0,0,0,0,0,0,0,1,48,2,0,0,0,0,1,0,0,0,0,1,0,3,0,28,0,0
E:\Supriya's_Monolithic Projects\moduliths\moduliths-core\src\main\java\org\moduliths\model\Violations.java,org.moduliths.model.Violations$ArchitecturalViolation,innerclass,0,0,0,0,1,4,0,0,0,1.0,NaN,NaN,1,0,1,0,0,0,1,0,0,0,1,1,0,1,0,0,1,0,0,6,0,0,0,0,0,0,1,1,0,1,0,0,0,0,12,10,0
E:\Supriya's_Monolithic Projects\moduliths\moduliths-moments\src\test\java\org\moduliths\moments\QuarterHasPassedUnitTests.java,org.moduliths.moments.QuarterHasPassedUnitTests,class,2,2,0,2,2,1,0,8,1,0.0,0.0,0.0,2,0,0,0,0,2,2,0,0,0,0,0,0,0,0,0,0,0,8,12,0,0,0,0,0,0,14,2,0,2,0,0,0,0,19,0,0
E:\Supriya's_Monolithic Projects\moduliths\moduliths-sample\src\main\java\com\acme\myproject\complex\internal\ComplextInternalComponent.java,com.acme.myproject.complex.internal.ComplextInternalComponent,class,1,1,0,1,0,1,0,0,0,0.0,-1.0,-1.0,0,0,0,0,0,0,0,0,0,0,0,0,0,0,0,0,0,0,0,2,0,0,0,0,0,0,0,0,0,0,0,0,0,0,5,0,0
E:\Supriya's_Monolithic Projects\moduliths\moduliths-sample\src\test\java\com\acme\myproject\moduleC\ModuleCTest.java,com.acme.myproject.moduleC.ModuleCTest$FailsStandaloneTest,innerclass,5,5,0,5,1,1,0,1,0,0.0,NaN,NaN,1,0,0,0,0,1,1,0,0,0,0,0,0,0,0,0,0,0,1,7,0,0,0,0,0,0,0,0,0,0,0,0,1,0,4,9,0
E:\Supriya's_Monolithic Projects\moduliths\moduliths-core\src\main\java\org\moduliths\model\Module.java,org.moduliths.model.Module$DependencyType$Anonymous4,anonymous,3,3,0,3,2,1,0,3,1,0.0,0.0,0.0,2,0,2,0,0,0,2,0,0,0,0,0,0,0,0,0,0,0,1,8,2,0,0,0,0,1,0,0,0,0,0,0,0,0,11,-1,0
E:\Supriya's_Monolithic Projects\moduliths\moduliths-events\moduliths-events-core\src\main\java\org\moduliths\events\EventPublicationRegistry.java,org.moduliths.events.EventPublicationRegistry,interface,3,12,9,3,4,1,0,4,6,0.0,0.0,0.0,4,0,0,0,0,4,4,0,0,0,0,0,0,0,0,0,0,0,0,9,0,0,0,0,0,1,0,0,0,0,0,0,0,0,50,1,0
E:\Supriya's_Monolithic Projects\moduliths\moduliths-sample\src\main\java\com\acme\myproject\cycleA\CycleA.java,com.acme.myproject.cycleA.CycleA,class,1,2,1,1,0,1,0,0,0,NaN,-1.0,-1.0,0,0,0,0,0,0,0,0,0,0,1,0,0,0,0,1,0,0,0,3,0,0,0,0,0,0,0,0,0,1,0,0,0,0,6,1,0
E:\Supriya's_Monolithic Projects\moduliths\moduliths-observability\src\main\java\org\moduliths\observability\autoconfigure\SpringBootApplicationRuntime.java,org.moduliths.observability.autoconfigure.SpringBootApplicationRuntime,class,5,8,3,5,6,1,0,16,0,0.375,1.0,1.0,4,0,4,0,0,0,4,0,0,0,2,1,0,2,0,0,2,0,0,24,6,0,0,0,0,1,1,3,0,6,2,0,0,2,35,0,0
E:\Supriya's_Monolithic Projects\moduliths\moduliths-core\src\main\java\org\moduliths\model\Module.java,org.moduliths.model.Module$DependencyType$Anonymous1,anonymous,1,1,0,1,1,1,0,2,0,0.0,NaN,NaN,1,0,1,0,0,0,1,0,0,0,0,0,0,0,0,0,0,0,1,5,1,0,0,0,0,1,0,0,0,0,0,0,0,0,6,-1,0
E:\Supriya's_Monolithic Projects\moduliths\moduliths-core\src\main\java\org\moduliths\model\Module.java,org.moduliths.model.Module$DependencyType$Anonymous2,anonymous,1,1,0,1,1,1,0,2,0,0.0,NaN,NaN,1,0,1,0,0,0,1,0,0,0,0,0,0,0,0,0,0,0,1,5,1,0,0,0,0,1,0,0,0,0,0,0,0,0,7,-1,0
E:\Supriya's_Monolithic Projects\moduliths\moduliths-core\src\main\java\org\moduliths\model\ModulithMetadata.java,org.moduliths.model.ModulithMetadata,interface,5,13,8,5,7,1,0,10,21,0.85714287,0.0,0.0,7,2,2,0,0,5,7,0,0,0,1,1,0,0,0,1,1,0,4,17,2,0,0,0,0,2,0,3,0,3,0,0,0,2,98,0,0
E:\Supriya's_Monolithic Projects\moduliths\moduliths-events\moduliths-events-jpa-jakarta\src\main\java\org\moduliths\events\jpa\JpaEventPublicationRepository.java,JpaEventPublicationRepository,class,8,12,4,8,5,1,0,9,0,0.0,0.0,0.0,4,0,0,0,0,4,4,0,0,0,1,0,0,1,0,0,1,0,0,26,5,0,0,1,0,2,2,3,0,4,1,0,0,0,56,1,0
E:\Supriya's_Monolithic Projects\moduliths\moduliths-test\src\main\java\org\moduliths\test\PublishedEventsExtension.java,org.moduliths.test.PublishedEventsExtension,class,1,1,0,1,0,2,0,0,0,0.0,-1.0,-1.0,0,0,0,0,0,0,0,0,0,0,0,0,0,0,0,0,0,0,0,2,0,0,0,0,0,0,0,0,0,0,0,0,0,0,14,17,0
E:\Supriya's_Monolithic Projects\moduliths\moduliths-core\src\main\java\org\moduliths\model\Module.java,org.moduliths.model.Module$DependencyType$Anonymous3,anonymous,1,1,0,1,1,1,0,2,0,0.0,NaN,NaN,1,0,1,0,0,0,1,0,0,0,0,0,0,0,0,0,0,0,1,5,1,0,0,0,0,1,0,0,0,0,0,0,0,0,10,-1,0
E:\Supriya's_Monolithic Projects\moduliths\moduliths-events\moduliths-events-core\src\main\java\org\moduliths\events\EventPublication.java,org.moduliths.events.EventPublication,interface,4,12,8,4,7,1,0,8,15,0.0,0.0,0.0,6,0,1,0,0,5,6,0,0,0,0,0,0,0,0,0,0,0,0,16,3,0,0,0,0,1,0,1,0,1,0,0,0,0,47,1,0
E:\Supriya's_Monolithic Projects\moduliths\moduliths-sample\src\test\java\com\acme\myproject\moduleB\ModuleBTest.java,com.acme.myproject.moduleB.ModuleBTest$WithMocksTest,innerclass,10,10,0,10,3,1,0,8,0,0.5,1.0,1.0,3,0,0,0,0,3,3,0,0,0,2,0,0,0,0,2,0,0,0,14,0,0,0,0,0,0,0,0,0,2,0,0,0,0,29,8,0
E:\Supriya's_Monolithic Projects\moduliths\moduliths-moments\src\main\java\org\moduliths\moments\ShiftedQuarter.java,org.moduliths.moments.ShiftedQuarter,class,6,12,6,6,10,1,0,25,12,0.7222222,0.35714287,0.35714287,9,1,8,1,0,0,8,0,0,0,4,2,0,4,0,0,4,0,6,48,9,0,0,0,0,4,6,6,2,9,0,0,1,1,58,1,0
E:\Supriya's_Monolithic Projects\moduliths\moduliths-observability\src\main\java\org\moduliths\observability\ModuleTracingBeanPostProcessor.java,org.moduliths.observability.ModuleTracingBeanPostProcessor$ObservableTypeMethodMatcher,innerclass,3,3,0,3,1,2,0,2,0,0.0,NaN,NaN,1,0,1,0,0,0,1,0,0,0,1,0,0,1,0,0,1,0,0,6,1,0,0,0,0,0,0,0,0,1,0,0,0,0,12,10,0
E:\Supriya's_Monolithic Projects\moduliths\moduliths-core\src\main\java\org\moduliths\model\Modules.java,org.moduliths.model.Modules$Filters,innerclass,3,3,0,3,2,1,0,7,1,0.0,0.0,0.0,2,2,2,0,0,0,2,0,0,0,0,0,0,0,0,0,0,0,2,8,2,0,0,0,0,2,0,0,0,3,0,0,0,2,12,9,0
E:\Supriya's_Monolithic Projects\moduliths\moduliths-moments\src\main\java\org\moduliths\moments\autoconfigure\MomentsAutoConfiguration.java,org.moduliths.moments.autoconfigure.MomentsAutoConfiguration,class,10,11,1,10,2,1,0,2,1,0.0,0.0,0.0,2,0,0,0,0,2,2,0,0,0,0,0,0,0,0,0,0,0,0,10,2,0,0,0,0,6,0,2,0,2,0,0,0,2,23,0,0
E:\Supriya's_Monolithic Projects\moduliths\moduliths-sample\src\test\java\com\acme\myproject\ModulithTest.java,com.acme.myproject.ModulithTest,class,9,9,0,9,3,1,0,14,1,0.33333334,0.33333334,0.33333334,3,0,0,0,0,3,3,0,0,0,1,1,0,0,0,1,1,0,5,13,0,0,0,0,0,14,0,2,0,2,0,0,0,2,51,0,0
E:\Supriya's_Monolithic Projects\moduliths\moduliths-core\src\main\java\org\moduliths\model\Modules.java,org.moduliths.model.Modules,class,19,41,22,19,29,1,0,86,80,0.83928573,0.20261438,0.24836601,21,5,17,4,0,0,18,0,0,0,8,2,0,8,0,0,7,0,18,160,22,1,1,0,0,15,2,23,0,34,2,0,4,12,157,1,0
E:\Supriya's_Monolithic Projects\moduliths\moduliths-core\src\test\java\org\moduliths\model\ModulithMetadataUnitTest.java,org.moduliths.model.ModulithMetadataUnitTest$ModulithAnnotated,innerclass,1,1,0,1,0,1,0,0,0,0.0,-1.0,-1.0,0,0,0,0,0,0,0,0,0,0,0,0,0,0,0,0,0,0,0,2,0,0,0,0,0,3,0,0,0,0,0,0,0,0,5,8,0
E:\Supriya's_Monolithic Projects\moduliths\moduliths-docs\src\main\java\org\moduliths\docs\CodeReplacingDocumentationSource.java,org.moduliths.docs.CodeReplacingDocumentationSource,class,4,5,1,4,1,1,0,2,0,0.0,NaN,NaN,1,0,1,0,0,0,1,0,0,0,2,0,0,2,0,0,2,0,0,7,1,0,0,0,0,0,0,0,0,2,0,0,0,0,21,0,0
E:\Supriya's_Monolithic Projects\moduliths\moduliths-sample\src\test\java\com\acme\myproject\moduleB\ModuleBTest.java,com.acme.myproject.moduleB.ModuleBTest$WithoutMocksTest,innerclass,7,7,0,7,1,1,0,1,0,1.0,NaN,NaN,1,0,0,0,0,1,1,0,0,0,1,0,0,0,0,1,0,0,1,8,0,0,0,0,0,0,0,0,0,1,0,0,1,0,15,8,0
E:\Supriya's_Monolithic Projects\moduliths\moduliths-sample\src\main\java\com\acme\myproject\complex\spi\ComplexSpiComponent.java,com.acme.myproject.complex.spi.ComplexSpiComponent,class,0,0,0,0,0,1,0,0,0,0.0,-1.0,-1.0,0,0,0,0,0,0,0,0,0,0,0,0,0,0,0,0,0,0,0,2,0,0,0,0,0,0,0,0,0,0,0,0,0,0,5,1,0
E:\Supriya's_Monolithic Projects\moduliths\moduliths-events\moduliths-events-core\src\main\java\org\moduliths\events\EventSerializer.java,org.moduliths.events.EventSerializer,interface,0,6,6,0,2,1,0,0,1,0.0,0.0,0.0,2,0,0,0,0,2,2,0,0,0,0,0,0,0,0,0,0,0,0,4,0,0,0,0,0,0,0,0,0,0,0,0,0,0,27,1,0
E:\Supriya's_Monolithic Projects\moduliths\moduliths-test\src\main\java\org\moduliths\test\ModuleContextCustomizerFactory.java,org.moduliths.test.ModuleContextCustomizerFactory$ModuleContextCustomizer,innerclass,11,11,0,11,10,1,0,41,9,0.6666666,NaN,NaN,6,4,1,5,0,0,1,0,0,0,2,1,0,2,0,0,2,0,16,60,1,0,0,0,0,13,0,14,0,19,2,0,0,6,55,8,8
E:\Supriya's_Monolithic Projects\moduliths\moduliths-test\src\main\java\org\moduliths\test\DefaultPublishedEvents.java,org.moduliths.test.DefaultPublishedEvents$SimpleTypedPublishedEvents,innerclass,5,5,0,5,8,1,0,15,9,0.42857143,0.3,0.3,7,1,5,2,0,0,5,0,0,0,1,0,0,1,0,0,1,0,6,28,8,0,0,0,0,1,0,1,0,3,1,0,0,1,33,10,0
E:\Supriya's_Monolithic Projects\moduliths\moduliths-moments\src\main\java\org\moduliths\moments\ShiftedQuarter.java,org.moduliths.moments.ShiftedQuarter$Range,innerclass,1,1,0,1,1,1,0,3,0,0.0,NaN,NaN,1,0,1,0,0,0,1,0,0,0,1,0,0,0,0,1,0,0,0,8,1,0,0,0,0,1,0,2,0,4,0,0,0,0,13,10,0
E:\Supriya's_Monolithic Projects\moduliths\moduliths-moments\src\main\java\org\moduliths\moments\DayHasPassed.java,org.moduliths.moments.DayHasPassed,class,2,3,1,2,0,1,0,0,0,NaN,-1.0,-1.0,0,0,0,0,0,0,0,0,0,0,1,0,0,1,0,0,1,0,0,3,0,0,0,0,0,1,0,0,0,1,0,0,0,0,21,1,0
E:\Supriya's_Monolithic Projects\moduliths\moduliths-core\src\main\java\org\moduliths\model\Module.java,org.moduliths.model.Module$ModuleDependency,innerclass,18,18,0,18,22,1,0,73,63,0.8,0.055555556,0.083333336,14,9,1,5,0,8,9,0,0,0,4,1,0,4,0,0,4,0,31,86,14,0,1,0,0,18,2,30,3,47,1,0,0,19,95,8,0
E:\Supriya's_Monolithic Projects\moduliths\moduliths-docs\src\main\java\org\moduliths\docs\SpringAutoRestDocsDocumentationSource.java,org.moduliths.docs.SpringAutoRestDocsDocumentationSource,class,3,4,1,3,1,1,0,8,0,0.0,NaN,NaN,1,0,1,0,0,0,1,0,0,0,1,0,0,1,0,0,1,0,1,6,1,0,0,0,0,0,0,1,0,2,0,0,0,1,26,0,0
E:\Supriya's_Monolithic Projects\moduliths\moduliths-core\src\test\java\org\moduliths\model\ModulithMetadataUnitTest.java,org.moduliths.model.ModulithMetadataUnitTest$Unannotated,innerclass,0,0,0,0,0,1,0,0,0,0.0,-1.0,-1.0,0,0,0,0,0,0,0,0,0,0,0,0,0,0,0,0,0,0,0,2,0,0,0,0,0,0,0,0,0,0,0,0,0,0,1,8,0
E:\Supriya's_Monolithic Projects\moduliths\moduliths-core\src\test\java\org\moduliths\model\AnnotationModulithMetadataUnitTest.java,org.moduliths.model.AnnotationModulithMetadataUnitTest$MetaSample,innerclass,1,1,0,1,0,1,0,0,0,0.0,-1.0,-1.0,0,0,0,0,0,0,0,0,0,0,0,0,0,0,0,0,0,0,0,2,0,0,0,0,0,0,0,0,0,0,0,0,0,0,2,8,0
E:\Supriya's_Monolithic Projects\moduliths\moduliths-core\src\main\java\org\moduliths\model\Module.java,org.moduliths.model.Module$InjectionModuleDependency,innerclass,11,11,0,11,8,2,0,15,0,0.16666667,1.0,1.0,3,1,1,1,0,1,2,0,0,0,2,0,0,2,0,0,2,0,5,29,4,0,0,0,0,5,0,5,0,4,1,0,0,0,35,10,0
E:\Supriya's_Monolithic Projects\moduliths\moduliths-core\src\test\java\org\moduliths\model\ModulithMetadataUnitTest.java,org.moduliths.model.ModulithMetadataUnitTest,class,9,9,0,9,3,1,0,21,3,0.0,0.0,0.0,3,0,3,0,0,0,3,0,0,0,0,0,0,0,0,0,0,0,2,29,0,0,0,0,0,3,0,1,0,2,1,0,4,2,31,0,0
E:\Supriya's_Monolithic Projects\moduliths\moduliths-sample\src\main\java\com\acme\myproject\moduleA\SomeConfigurationA.java,com.acme.myproject.moduleA.SomeConfigurationA$SomeAtBeanComponentA,innerclass,0,0,0,0,0,1,0,0,0,0.0,-1.0,-1.0,0,0,0,0,0,0,0,0,0,0,0,0,0,0,0,0,0,0,0,2,0,0,0,0,0,0,0,0,0,0,0,0,0,0,5,9,0
E:\Supriya's_Monolithic Projects\moduliths\moduliths-docs\src\main\java\org\moduliths\docs\ConfigurationProperties.java,org.moduliths.docs.ConfigurationProperties,class,8,11,3,8,8,1,0,28,4,0.6666667,1.0,1.0,5,1,2,2,0,1,3,0,0,0,3,2,0,3,0,0,3,0,5,66,6,0,0,2,0,4,0,8,0,11,1,0,2,3,61,0,0
E:\Supriya's_Monolithic Projects\moduliths\moduliths-sample\src\main\java\com\acme\myproject\complex\internal\FirstTypeBasedPort.java,com.acme.myproject.complex.internal.FirstTypeBasedPort,class,1,1,0,1,0,1,0,0,0,0.0,-1.0,-1.0,0,0,0,0,0,0,0,0,0,0,0,0,0,0,0,0,0,0,0,2,0,0,0,0,0,2,0,0,0,0,0,0,0,0,6,1,0
E:\Supriya's_Monolithic Projects\moduliths\moduliths-events\moduliths-events-jpa\src\test\java\org\moduliths\events\jpa\JpaEventPublicationRepositoryIntegrationTests.java,org.moduliths.events.jpa.JpaEventPublicationRepositoryIntegrationTests$TestConfig,innerclass,13,13,0,13,5,1,0,11,10,0.0,0.0,0.0,5,0,0,0,0,5,5,0,0,0,0,0,0,0,0,0,0,0,0,23,5,0,0,0,0,0,0,2,0,2,0,0,0,0,32,8,0
E:\Supriya's_Monolithic Projects\moduliths\moduliths-core\src\main\java\org\moduliths\model\Module.java,org.moduliths.model.Module,class,21,43,22,21,45,2,0,120,470,0.90909094,0.07114624,0.2173913,33,2,19,10,0,4,23,0,0,0,7,0,0,7,0,0,7,0,32,336,34,0,4,0,0,24,1,20,0,43,1,0,4,26,257,1,0
E:\Supriya's_Monolithic Projects\moduliths\moduliths-core\src\test\java\org\moduliths\model\ArchitecturallyEvidentTypeUnitTest.java,org.moduliths.model.ArchitecturallyEvidentTypeUnitTest$JMoleculesImplementingEntity,innerclass,1,1,0,1,0,1,0,0,0,0.0,-1.0,-1.0,0,0,0,0,0,0,0,0,0,0,0,0,0,0,0,0,0,0,0,2,0,0,0,0,0,0,0,0,0,0,0,0,0,0,4,1024,0
E:\Supriya's_Monolithic Projects\moduliths\moduliths-core\src\test\java\org\moduliths\model\ModuleDependencyUnitTest.java,org.moduliths.model.ModuleDependencyUnitTest$MultipleConstructors,innerclass,3,3,0,3,2,1,0,0,1,0.0,0.0,0.0,2,0,0,0,0,2,2,0,0,0,0,0,0,0,0,0,0,0,0,6,0,0,0,0,0,0,0,0,0,0,0,0,0,0,6,8,0
E:\Supriya's_Monolithic Projects\moduliths\moduliths-core\src\main\java\org\moduliths\model\Modules.java,org.moduliths.model.Modules$TypeKey,innerclass,5,5,0,5,2,1,0,3,0,0.5,1.0,1.0,2,0,2,0,0,0,2,0,0,0,2,0,0,0,0,2,0,0,1,10,2,0,0,0,0,1,0,0,0,2,0,0,0,0,12,26,0
E:\Supriya's_Monolithic Projects\moduliths\moduliths-events\moduliths-events-jpa\src\test\java\org\moduliths\events\jpa\JpaEventPublicationRepositoryIntegrationTests.java,org.moduliths.events.jpa.JpaEventPublicationRepositoryIntegrationTests,class,8,8,0,8,1,1,0,11,0,0.0,NaN,NaN,1,0,0,0,0,1,1,0,0,0,1,0,0,1,0,0,1,0,2,35,0,0,0,0,0,3,0,2,0,3,0,0,1,0,17,0,0
E:\Supriya's_Monolithic Projects\moduliths\moduliths-events\moduliths-events-core\src\main\java\org\moduliths\events\PublicationTargetIdentifier.java,org.moduliths.events.PublicationTargetIdentifier,class,2,11,9,2,1,1,0,0,0,0.0,NaN,NaN,1,0,1,0,0,0,1,0,0,0,1,0,0,0,0,1,0,0,0,6,1,0,0,0,0,1,0,0,0,1,0,0,0,0,12,1,0
E:\Supriya's_Monolithic Projects\moduliths\moduliths-docs\src\test\java\org\moduliths\docs\DocumenterTest.java,org.moduliths.docs.DocumenterTest,class,6,6,0,6,4,1,0,33,0,0.0,1.0,1.0,4,0,0,0,0,4,4,0,0,0,1,0,0,0,0,1,0,0,6,27,0,0,0,1,0,3,0,5,0,10,1,0,0,6,37,0,0
E:\Supriya's_Monolithic Projects\moduliths\.mvn\wrapper\MavenWrapperDownloader.java,MavenWrapperDownloader$Anonymous1,anonymous,0,0,0,0,1,1,0,0,0,0.0,NaN,NaN,1,0,0,0,1,0,1,0,0,0,0,0,0,0,0,0,0,0,0,5,1,0,0,0,0,0,0,0,0,0,0,0,0,0,3,-1,0
E:\Supriya's_Monolithic Projects\moduliths\moduliths-core\src\main\java\org\moduliths\model\ArchitecturallyEvidentType.java,org.moduliths.model.ArchitecturallyEvidentType$JMoleculesArchitecturallyEvidentType,innerclass,5,5,0,5,6,2,0,8,15,0.8333333,0.0,0.0,6,0,5,0,0,1,6,0,0,0,1,1,0,1,0,0,1,0,0,25,5,0,0,0,0,0,0,5,0,5,0,0,0,0,29,8,0
E:\Supriya's_Monolithic Projects\moduliths\moduliths-test\src\main\java\org\moduliths\test\ModuleTypeExcludeFilter.java,org.moduliths.test.ModuleTypeExcludeFilter,class,5,5,0,5,2,2,0,5,0,0.0,1.0,1.0,2,0,2,0,0,0,2,0,0,0,1,0,0,1,0,0,1,0,1,9,1,0,0,0,0,0,0,1,0,1,0,0,0,0,20,0,0
E:\Supriya's_Monolithic Projects\moduliths\moduliths-core\src\test\java\org\moduliths\model\ArchitecturallyEvidentTypeUnitTest.java,org.moduliths.model.ArchitecturallyEvidentTypeUnitTest$ImplementingEventListener,innerclass,2,2,0,2,1,1,0,0,0,0.0,NaN,NaN,1,0,1,0,0,0,1,0,0,0,0,0,0,0,0,0,0,0,0,4,0,0,0,0,0,0,0,0,0,0,0,0,0,0,7,0,0
E:\Supriya's_Monolithic Projects\moduliths\moduliths-core\src\test\java\org\moduliths\model\ArchitecturallyEvidentTypeUnitTest.java,org.moduliths.model.ArchitecturallyEvidentTypeUnitTest$SampleEntity,innerclass,1,1,0,1,0,1,0,0,0,0.0,-1.0,-1.0,0,0,0,0,0,0,0,0,0,0,0,0,0,0,0,0,0,0,0,2,0,0,0,0,0,0,0,0,0,0,0,0,0,0,2,0,0
E:\Supriya's_Monolithic Projects\moduliths\moduliths-events\moduliths-events-tests\src\test\java\example\events\PersistentDomainEventIntegrationTest.java,example.events.PersistentDomainEventIntegrationTest$ThirdTxEventListener,innerclass,3,3,0,3,1,1,0,0,0,0.0,NaN,NaN,1,0,1,0,0,0,1,0,0,0,1,0,0,0,0,1,0,0,0,6,0,0,0,0,0,0,1,1,0,1,0,0,0,0,8,8,0
E:\Supriya's_Monolithic Projects\moduliths\moduliths-events\moduliths-events-core\src\main\java\org\moduliths\events\CompletableEventPublication.java,org.moduliths.events.CompletableEventPublication,interface,3,8,5,3,4,1,0,3,6,0.0,0.0,0.0,4,1,0,0,0,4,4,0,0,0,0,0,0,0,0,0,0,0,0,10,2,0,0,0,0,0,0,0,0,0,0,0,0,0,40,1,0
E:\Supriya's_Monolithic Projects\moduliths\moduliths-events\moduliths-events-starter\src\main\java\org\moduliths\events\starter\DomainEventsAutoConfiguration.java,org.moduliths.events.starter.DomainEventsAutoConfiguration,class,7,7,0,7,0,1,0,0,0,0.0,-1.0,-1.0,0,0,0,0,0,0,0,0,0,0,0,0,0,0,0,0,0,0,0,7,0,0,0,0,0,0,0,0,0,0,0,0,1,0,11,1,0
E:\Supriya's_Monolithic Projects\moduliths\moduliths-events\moduliths-events-jpa\src\main\java\org\moduliths\events\jpa\JpaEventPublicationAutoConfiguration.java,org.moduliths.events.jpa.JpaEventPublicationAutoConfiguration,class,2,2,0,2,0,1,0,0,0,0.0,-1.0,-1.0,0,0,0,0,0,0,0,0,0,0,0,0,0,0,0,0,0,0,0,2,0,0,0,0,0,0,0,0,0,0,0,0,0,0,11,0,0
E:\Supriya's_Monolithic Projects\moduliths\moduliths-core\src\test\java\org\moduliths\model\ModuleDependencyUnitTest.java,org.moduliths.model.ModuleDependencyUnitTest$SomeComponent,innerclass,3,3,0,3,1,1,0,0,0,1.0,NaN,NaN,1,0,0,0,0,1,1,0,0,0,1,0,0,0,0,1,0,0,0,5,0,0,0,0,0,0,0,0,0,1,0,0,0,0,7,8,0
E:\Supriya's_Monolithic Projects\moduliths\moduliths-events\moduliths-events-jpa-jakarta\src\main\java\org\moduliths\events\jpa\JpaEventPublicationRegistry.java,JpaEventPublicationAdapter,innerclass,9,9,0,9,3,1,0,6,0,0.33333334,0.0,0.0,3,0,3,0,0,0,3,0,0,0,2,0,0,2,0,0,2,0,0,13,3,0,0,0,0,1,0,0,0,2,0,0,0,0,15,8,0
E:\Supriya's_Monolithic Projects\moduliths\moduliths-sample\src\main\java\com\acme\myproject\complex\api\ComplexApiComponent.java,com.acme.myproject.complex.api.ComplexApiComponent,class,0,0,0,0,0,1,0,0,0,0.0,-1.0,-1.0,0,0,0,0,0,0,0,0,0,0,0,0,0,0,0,0,0,0,0,2,0,0,0,0,0,0,0,0,0,0,0,0,0,0,5,1,0
E:\Supriya's_Monolithic Projects\moduliths\moduliths-core\src\main\java\org\moduliths\model\NamedInterfaces.java,org.moduliths.model.NamedInterfaces,class,8,12,4,8,17,1,0,47,15,0.65,0.41666666,0.41666666,10,4,8,1,0,1,9,0,0,0,2,1,1,1,0,0,2,0,10,60,11,2,0,0,0,0,2,6,0,14,2,0,0,7,40,1,0
E:\Supriya's_Monolithic Projects\moduliths\moduliths-sample\src\main\java\com\acme\myproject\moduleA\ServiceComponentA.java,com.acme.myproject.moduleA.ServiceComponentA,class,4,15,11,4,1,1,0,1,0,0.0,NaN,NaN,1,0,1,0,0,0,1,0,0,0,1,0,0,1,0,0,1,0,0,6,0,0,0,0,0,1,0,0,0,1,0,0,0,0,11,1,0
E:\Supriya's_Monolithic Projects\moduliths\moduliths-docs\src\main\java\org\moduliths\docs\ConfigurationProperties.java,org.moduliths.docs.ConfigurationProperties$ConfigurationProperty,innerclass,3,3,0,3,5,1,0,6,1,0.8666667,0.0,0.0,3,2,0,1,0,2,2,0,0,0,4,0,0,0,0,4,0,0,7,21,4,0,1,0,0,6,0,3,0,8,1,0,0,0,19,8,0
E:\Supriya's_Monolithic Projects\moduliths\moduliths-events\moduliths-events-core\src\main\java\org\moduliths\events\support\CompletionRegisteringBeanPostProcessor.java,org.moduliths.events.support.CompletionRegisteringBeanPostProcessor$CompletionRegisteringMethodInterceptor,innerclass,13,13,0,13,10,1,0,18,8,0.75,0.0,0.0,5,3,2,2,0,1,3,0,0,0,4,2,0,4,0,0,4,0,2,46,7,0,1,1,0,3,4,8,1,9,2,0,0,0,88,10,2
E:\Supriya's_Monolithic Projects\moduliths\moduliths-sample\src\main\java\com\acme\myproject\stereotypes\Stereotypes.java,com.acme.myproject.stereotypes.Stereotypes$SomeAppInterface,interface,1,1,0,1,0,1,0,0,0,0.0,-1.0,-1.0,0,0,0,0,0,0,0,0,0,0,0,0,0,0,0,0,0,0,0,2,0,0,0,0,0,0,0,0,0,0,0,0,0,0,3,9,0
E:\Supriya's_Monolithic Projects\moduliths\moduliths-test\src\main\java\org\moduliths\test\AggregateTestUtils.java,org.moduliths.test.AggregateTestUtils,class,3,3,0,3,2,1,0,9,1,0.5,NaN,NaN,2,2,1,1,0,0,1,0,0,0,1,1,0,1,0,0,0,0,2,24,2,0,0,0,0,0,0,3,0,4,0,0,1,1,46,1,0
E:\Supriya's_Monolithic Projects\moduliths\moduliths-events\moduliths-events-core\src\main\java\org\moduliths\events\config\EnablePersistentDomainEvents.java,org.moduliths.events.config.EnablePersistentDomainEvents$PersistentDomainEventsImportSelector,class,8,8,0,8,2,1,0,7,0,0.0,1.0,1.0,2,0,2,0,0,0,2,0,0,0,1,0,0,1,0,0,0,0,0,13,1,0,0,0,0,0,0,2,0,2,0,0,0,0,20,8,0
E:\Supriya's_Monolithic Projects\moduliths\moduliths-test\src\test\java\org\moduliths\test\PublishedEventsParameterResolverUnitTests.java,org.moduliths.test.PublishedEventsParameterResolverUnitTests,class,7,8,1,7,4,1,0,25,0,0.0,1.0,1.0,3,1,0,1,0,2,2,0,0,0,1,0,0,0,0,1,0,0,3,41,1,1,0,0,0,4,3,9,0,12,2,0,1,4,41,1,0
E:\Supriya's_Monolithic Projects\moduliths\moduliths-core\src\main\java\org\moduliths\model\ModuleInformation.java,org.moduliths.model.ModuleInformation$AbstractModuleInformation,innerclass,3,3,0,3,1,1,0,1,0,0.0,NaN,NaN,1,0,1,0,0,0,1,0,0,0,1,0,0,1,0,0,1,0,0,6,1,0,0,0,0,0,0,0,0,1,0,0,0,0,10,1032,0
E:\Supriya's_Monolithic Projects\moduliths\moduliths-moments\src\test\java\org\moduliths\moments\autoconfigure\MomentsAutoConfigurationTests.java,org.moduliths.moments.autoconfigure.MomentsAutoConfigurationTests,class,6,6,0,6,5,1,0,13,10,0.0,0.0,0.0,5,0,0,0,0,5,5,0,0,0,0,0,0,0,0,0,0,0,0,36,0,0,0,0,0,5,3,0,0,6,2,0,0,6,36,0,0
E:\Supriya's_Monolithic Projects\moduliths\moduliths-observability\src\main\java\org\moduliths\observability\autoconfigure\ModuleObservabilityAutoConfiguration.java,org.moduliths.observability.autoconfigure.ModuleObservabilityAutoConfiguration$ModulithsBraveIntegrationAutoConfiguration$Anonymous1,anonymous,4,4,0,4,3,1,0,4,0,0.0,NaN,NaN,1,0,1,0,0,0,1,0,0,0,0,0,0,0,0,0,0,0,0,15,2,0,2,0,0,0,0,3,0,2,1,0,0,0,13,-1,0
E:\Supriya's_Monolithic Projects\moduliths\moduliths-core\src\main\java\org\moduliths\model\Module.java,org.moduliths.model.Module$DependencyType,enum,7,7,0,7,11,1,0,14,28,0.0,0.035714287,0.035714287,8,6,8,0,0,0,8,1,0,0,0,0,0,0,0,0,0,0,7,52,7,0,0,0,0,3,0,1,0,1,0,4,0,0,75,1,0
E:\Supriya's_Monolithic Projects\moduliths\moduliths-sample\src\main\java\com\acme\myproject\moduleB\ServiceComponentB.java,com.acme.myproject.moduleB.ServiceComponentB,class,4,10,6,4,0,1,0,0,0,NaN,-1.0,-1.0,0,0,0,0,0,0,0,0,0,0,2,0,0,2,0,0,2,0,0,4,0,0,0,0,0,0,0,0,0,2,0,0,0,0,9,1,0
E:\Supriya's_Monolithic Projects\moduliths\moduliths-events\moduliths-events-jackson\src\main\java\org\moduliths\events\jackson\JacksonEventSerializationConfiguration.java,org.moduliths.events.jackson.JacksonEventSerializationConfiguration,class,7,7,0,7,2,1,0,3,0,0.0,NaN,NaN,2,1,1,1,0,0,1,0,0,0,1,0,0,1,0,0,1,0,0,11,2,0,0,0,0,0,0,1,0,2,0,0,0,2,17,0,0
E:\Supriya's_Monolithic Projects\moduliths\moduliths-sample\src\main\java\com\acme\myproject\moduleA\SomeEventA.java,com.acme.myproject.moduleA.SomeEventA,class,2,5,3,2,0,1,0,0,0,NaN,-1.0,-1.0,0,0,0,0,0,0,0,0,0,0,1,0,0,0,0,1,0,0,0,3,0,0,0,0,0,0,0,0,0,1,0,0,0,0,6,1,0
E:\Supriya's_Monolithic Projects\moduliths\moduliths-events\moduliths-events-tests\src\test\java\example\events\PersistentDomainEventIntegrationTest.java,example.events.PersistentDomainEventIntegrationTest$FirstTxEventListener,innerclass,3,3,0,3,1,1,0,0,0,0.0,NaN,NaN,1,0,1,0,0,0,1,0,0,0,1,0,0,0,0,1,0,0,0,6,0,0,0,0,0,0,1,1,0,1,0,0,0,0,8,8,0
E:\Supriya's_Monolithic Projects\moduliths\moduliths-test\src\main\java\org\moduliths\test\ModuleTestAutoConfiguration.java,org.moduliths.test.ModuleTestAutoConfiguration$AutoConfigurationAndEntityScanPackageCustomizer,innerclass,9,9,0,9,4,1,0,30,1,0.0,NaN,NaN,2,0,1,1,0,0,1,0,0,0,0,0,0,0,0,0,0,0,3,26,1,0,1,0,2,9,2,5,0,9,1,0,0,4,47,8,1
E:\Supriya's_Monolithic Projects\moduliths\moduliths-core\src\main\java\org\moduliths\model\ArchitecturallyEvidentType.java,org.moduliths.model.ArchitecturallyEvidentType$SpringAwareArchitecturallyEvidentType,innerclass,6,6,0,6,11,2,0,25,30,0.8888889,0.083333336,0.083333336,9,0,9,0,0,0,9,0,0,0,3,3,0,3,0,0,3,0,3,38,10,0,0,0,0,1,0,3,0,7,1,0,0,4,45,8,0
E:\Supriya's_Monolithic Projects\moduliths\moduliths-sample\src\main\java\com\acme\myproject\Application.java,com.acme.myproject.Application,class,1,5,4,1,0,1,0,0,0,0.0,-1.0,-1.0,0,0,0,0,0,0,0,0,0,0,0,0,0,0,0,0,0,0,0,2,0,0,0,0,0,0,0,0,0,0,0,0,0,0,3,1,0
E:\Supriya's_Monolithic Projects\moduliths\moduliths-sample\src\main\java\com\acme\myproject\fieldinjected\WithFieldInjection.java,com.acme.myproject.fieldinjected.WithFieldInjection,class,3,3,0,3,0,1,0,0,0,NaN,-1.0,-1.0,0,0,0,0,0,0,0,0,0,0,1,0,0,0,0,1,0,0,0,3,0,0,0,0,0,0,0,0,0,1,0,0,0,0,9,1,0
E:\Supriya's_Monolithic Projects\moduliths\moduliths-moments\src\main\java\org\moduliths\moments\HourHasPassed.java,org.moduliths.moments.HourHasPassed,class,2,3,1,2,0,1,0,0,0,NaN,-1.0,-1.0,0,0,0,0,0,0,0,0,0,0,1,0,0,1,0,0,1,0,0,3,0,0,0,0,0,1,0,0,0,1,0,0,0,0,22,1,0
E:\Supriya's_Monolithic Projects\moduliths\moduliths-observability\src\test\java\org\moduliths\observability\autoconfigure\SpringBootApplicationRuntimeUnitTests.java,org.moduliths.observability.autoconfigure.SpringBootApplicationRuntimeUnitTests$Sample,innerclass,0,0,0,0,0,1,0,0,0,0.0,-1.0,-1.0,0,0,0,0,0,0,0,0,0,0,0,0,0,0,0,0,0,0,0,2,0,0,0,0,0,0,0,0,0,0,0,0,0,0,1,8,0
E:\Supriya's_Monolithic Projects\moduliths\moduliths-events\moduliths-events-core\src\main\java\org\moduliths\events\support\MapEventPublicationRegistry.java,org.moduliths.events.support.MapEventPublicationRegistry,class,5,5,0,5,3,1,0,13,0,0.0,1.0,1.0,3,0,3,0,0,0,3,0,0,0,1,0,0,1,0,0,1,0,1,19,1,0,0,0,0,0,0,1,0,7,1,0,1,5,22,1,0
E:\Supriya's_Monolithic Projects\moduliths\moduliths-core\src\test\java\org\moduliths\model\ModuleDependencyUnitTest.java,org.moduliths.model.ModuleDependencyUnitTest$SubType,innerclass,6,6,0,6,2,2,0,0,1,1.0,0.0,0.0,2,0,0,0,0,2,2,0,0,0,1,0,0,0,0,1,0,0,0,7,0,0,0,0,0,0,0,0,0,1,0,0,0,0,12,8,0
E:\Supriya's_Monolithic Projects\moduliths\moduliths-core\src\test\java\org\moduliths\model\ModuleDependencyUnitTest.java,org.moduliths.model.ModuleDependencyUnitTest,class,14,15,1,14,4,2,0,6,6,0.75,0.0,0.0,4,0,3,1,0,0,3,0,0,0,1,0,0,0,0,1,0,0,1,49,1,0,0,0,0,0,0,1,0,1,0,0,10,0,23,0,0
E:\Supriya's_Monolithic Projects\moduliths\moduliths-events\moduliths-events-core\src\main\java\org\moduliths\events\support\PersistentApplicationEventMulticaster.java,org.moduliths.events.support.PersistentApplicationEventMulticaster$TransactionalEventListeners,innerclass,4,4,0,4,8,1,0,16,0,0.0,1.0,1.0,7,0,6,1,0,0,6,0,0,0,1,0,0,1,0,0,1,0,2,33,2,0,0,0,0,8,0,3,0,4,1,0,0,2,62,8,0
E:\Supriya's_Monolithic Projects\moduliths\moduliths-test\src\main\java\org\moduliths\test\PublishedEventsParameterResolver.java,org.moduliths.test.PublishedEventsParameterResolver,class,11,13,2,11,6,1,1,8,7,0.5833334,0.26666668,0.4,6,0,4,0,0,2,6,0,0,0,2,0,0,2,0,0,1,0,0,41,2,0,0,0,1,0,0,4,0,5,0,0,1,1,36,0,0
E:\Supriya's_Monolithic Projects\moduliths\moduliths-test\src\main\java\org\moduliths\test\PublishedEventsParameterResolver.java,org.moduliths.test.PublishedEventsParameterResolver$ThreadBoundApplicationListenerAdapter,innerclass,2,2,0,2,4,1,0,5,0,0.0,1.0,1.0,3,0,1,0,0,2,3,0,0,0,1,0,0,1,0,0,1,0,0,16,0,0,1,0,0,1,0,2,0,2,1,0,0,0,55,10,0
E:\Supriya's_Monolithic Projects\moduliths\moduliths-observability\src\main\java\org\moduliths\observability\autoconfigure\ModuleObservabilityAutoConfiguration.java,org.moduliths.observability.autoconfigure.ModuleObservabilityAutoConfiguration$ModulithsBraveIntegrationAutoConfiguration,innerclass,6,6,0,6,2,1,0,3,1,0.0,0.0,0.0,2,0,0,0,0,2,2,0,0,0,0,0,0,0,0,0,0,0,0,23,2,0,0,0,0,0,0,0,0,1,0,1,0,1,17,8,0
E:\Supriya's_Monolithic Projects\moduliths\moduliths-core\src\main\java\org\moduliths\model\Classes.java,org.moduliths.model.Classes$SameClass,innerclass,3,3,0,3,3,2,0,2,0,0.0,1.0,1.0,2,0,2,0,0,0,2,0,0,0,1,0,0,1,0,0,1,0,0,10,1,0,1,0,0,1,0,1,0,1,0,0,0,0,11,10,0
E:\Supriya's_Monolithic Projects\moduliths\moduliths-events\moduliths-events-jackson\src\main\java\org\moduliths\events\jackson\JacksonEventSerializer.java,org.moduliths.events.jackson.JacksonEventSerializer,class,3,4,1,3,4,1,0,5,0,0.0,1.0,1.0,2,0,2,0,0,0,2,0,0,0,1,0,0,1,0,0,1,0,0,19,2,0,0,2,0,0,0,0,0,1,1,0,0,0,18,0,0
E:\Supriya's_Monolithic Projects\moduliths\moduliths-events\moduliths-events-core\src\test\java\org\moduliths\events\support\CompletionRegisteringBeanPostProcessorUnitTest.java,org.moduliths.events.support.CompletionRegisteringBeanPostProcessorUnitTest$SomeEventListener,innerclass,2,2,0,2,4,1,0,0,6,0.0,0.0,0.0,4,0,0,0,0,4,4,0,0,0,0,0,0,0,0,0,0,0,0,10,0,0,0,0,0,0,0,0,0,0,0,0,0,0,13,8,0
E:\Supriya's_Monolithic Projects\moduliths\moduliths-core\src\main\java\org\moduliths\model\ModuleInformation.java,org.moduliths.model.ModuleInformation$MoleculesModule,innerclass,4,4,0,4,4,2,0,6,0,0.25,0.5,0.5,4,1,4,0,0,0,4,0,0,0,1,0,0,1,0,0,1,0,1,16,3,0,0,0,0,0,0,1,0,1,0,0,0,1,14,8,0
E:\Supriya's_Monolithic Projects\moduliths\moduliths-core\src\main\java\org\moduliths\model\NamedInterface.java,org.moduliths.model.NamedInterface$TypeBasedNamedInterface,innerclass,5,5,0,5,3,2,0,4,0,0.0,1.0,1.0,3,0,3,0,0,0,3,0,0,0,2,0,0,2,0,0,2,0,1,15,2,0,0,0,0,1,0,2,0,2,0,0,0,0,18,8,0
E:\Supriya's_Monolithic Projects\moduliths\moduliths-core\src\main\java\org\moduliths\model\Modules.java,org.moduliths.model.Modules$CacheKey,interface,3,3,0,3,3,1,0,0,3,0.0,0.0,0.0,3,0,0,0,0,3,3,0,0,0,0,0,0,0,0,0,0,0,0,5,0,0,0,0,0,0,0,0,0,0,0,0,0,0,8,10,0
E:\Supriya's_Monolithic Projects\moduliths\moduliths-core\src\main\java\org\moduliths\model\NamedInterface.java,org.moduliths.model.NamedInterface$PackageBasedNamedInterface,innerclass,6,6,0,6,4,2,0,13,0,0.0,1.0,1.0,4,0,3,1,0,0,3,0,0,0,2,0,0,2,0,0,2,0,1,22,2,0,0,0,0,3,0,4,0,2,0,0,0,0,37,8,0
E:\Supriya's_Monolithic Projects\moduliths\moduliths-test\src\main\java\org\moduliths\test\ModuleTest.java,org.moduliths.test.ModuleTest$BootstrapMode,enum,3,3,0,3,0,1,0,0,0,NaN,-1.0,-1.0,0,0,0,0,0,0,0,0,0,0,1,0,0,1,0,0,1,0,0,5,0,0,0,0,0,0,0,0,0,1,0,0,0,0,34,1,0
E:\Supriya's_Monolithic Projects\moduliths\moduliths-test\src\main\java\org\moduliths\test\ModuleTestExecution.java,org.moduliths.test.ModuleTestExecution,class,14,20,6,14,11,1,0,44,0,0.7407407,0.33333334,0.47619048,9,2,7,2,0,0,7,0,0,0,9,2,0,9,0,0,7,0,5,74,9,0,0,0,0,3,0,20,0,25,1,0,1,9,84,1,1
E:\Supriya's_Monolithic Projects\moduliths\moduliths-core\src\main\java\org\moduliths\model\Types.java,org.moduliths.model.Types$SpringTypes,innerclass,4,4,0,4,4,1,0,2,6,0.9285714,0.0,0.0,4,4,0,0,0,4,4,0,0,0,14,14,0,1,0,13,14,0,0,28,4,0,0,0,0,14,0,14,13,14,0,0,0,0,37,8,0
E:\Supriya's_Monolithic Projects\moduliths\moduliths-sample\src\main\java\com\acme\myproject\stereotypes\Stereotypes.java,com.acme.myproject.stereotypes.Stereotypes$SomeConfigurationProperties,innerclass,3,3,0,3,1,1,0,0,0,0.0,NaN,NaN,1,0,1,0,0,0,1,0,0,0,1,0,0,0,0,1,0,0,0,6,0,0,0,0,0,1,0,1,0,1,0,0,0,0,4,8,0
E:\Supriya's_Monolithic Projects\moduliths\moduliths-sample\src\main\java\com\acme\myproject\stereotypes\Stereotypes.java,com.acme.myproject.stereotypes.Stereotypes$SomeController,innerclass,1,1,0,1,0,1,0,0,0,0.0,-1.0,-1.0,0,0,0,0,0,0,0,0,0,0,0,0,0,0,0,0,0,0,0,2,0,0,0,0,0,0,0,0,0,0,0,0,0,0,2,8,0
E:\Supriya's_Monolithic Projects\moduliths\moduliths-moments\src\test\java\org\moduliths\moments\QuarterUnitTests.java,org.moduliths.moments.QuarterUnitTests,class,3,3,0,3,1,1,0,10,0,0.0,NaN,NaN,1,0,0,0,0,1,1,0,0,0,0,0,0,0,0,0,0,0,0,10,1,0,0,0,0,1,0,1,0,3,0,0,0,2,13,0,0
E:\Supriya's_Monolithic Projects\moduliths\moduliths-events\moduliths-events-core\src\main\java\org\moduliths\events\config\EventPublicationConfiguration.java,org.moduliths.events.config.EventPublicationConfiguration,class,7,8,1,7,2,1,0,2,1,0.0,0.0,0.0,2,1,0,0,0,2,2,0,0,0,0,0,0,0,0,0,0,0,0,8,2,0,0,0,0,0,0,0,0,0,0,0,0,3,22,0,0
E:\Supriya's_Monolithic Projects\moduliths\moduliths-sample\src\main\java\com\acme\myproject\stereotypes\Stereotypes.java,com.acme.myproject.stereotypes.Stereotypes$SomeAppInterfaceImplementation,innerclass,2,2,0,2,0,1,0,0,0,0.0,-1.0,-1.0,0,0,0,0,0,0,0,0,0,0,0,0,0,0,0,0,0,0,0,2,0,0,0,0,0,0,0,0,0,0,0,0,0,0,4,8,0
E:\Supriya's_Monolithic Projects\moduliths\moduliths-core\src\test\java\org\moduliths\model\ArchitecturallyEvidentTypeUnitTest.java,org.moduliths.model.ArchitecturallyEvidentTypeUnitTest$JMoleculesAnnotatedEntity,innerclass,1,1,0,1,0,1,0,0,0,0.0,-1.0,-1.0,0,0,0,0,0,0,0,0,0,0,0,0,0,0,0,0,0,0,0,2,0,0,0,0,0,0,0,0,0,0,0,0,0,0,4,0,0
E:\Supriya's_Monolithic Projects\moduliths\moduliths-core\src\main\java\org\moduliths\model\JavaAccessSource.java,org.moduliths.model.JavaAccessSource,class,5,5,0,5,4,1,0,12,0,0.125,1.0,1.0,2,0,2,0,0,0,2,0,0,0,4,1,0,4,0,0,4,0,3,17,1,0,0,0,0,4,1,7,0,7,0,0,0,0,46,0,0
E:\Supriya's_Monolithic Projects\moduliths\moduliths-sample\src\test\java\com\acme\myproject\moduleC\ModuleCTest.java,com.acme.myproject.moduleC.ModuleCTest,class,0,0,0,0,0,1,0,0,0,0.0,-1.0,-1.0,0,0,0,0,0,0,0,0,0,0,0,0,0,0,0,0,0,0,0,30,0,0,0,0,0,0,0,0,0,0,0,0,4,0,5,0,0
E:\Supriya's_Monolithic Projects\moduliths\moduliths-events\moduliths-events-jpa\src\main\java\org\moduliths\events\jpa\JpaEventPublicationRepository.java,org.moduliths.events.jpa.JpaEventPublicationRepository,class,5,9,4,5,5,1,0,9,0,0.0,1.0,1.0,4,0,0,0,0,4,4,0,0,0,1,0,0,1,0,0,1,0,2,26,5,0,0,1,0,2,2,3,0,4,1,0,0,0,56,1,0
E:\Supriya's_Monolithic Projects\moduliths\moduliths-sample\src\test\java\com\acme\myproject\moduleB\ModuleBTest.java,com.acme.myproject.moduleB.ModuleBTest$WithUpstreamModuleTest,innerclass,6,6,0,6,1,1,0,0,0,1.0,NaN,NaN,1,0,0,0,0,1,1,0,0,0,2,0,0,0,0,2,0,0,0,6,0,0,0,0,0,0,0,0,0,2,0,0,0,0,11,8,0
E:\Supriya's_Monolithic Projects\moduliths\.mvn\wrapper\MavenWrapperDownloader.java,MavenWrapperDownloader,class,2,3,1,2,11,1,0,20,1,0.6,NaN,NaN,2,2,1,1,0,0,1,0,0,0,5,5,0,5,0,0,5,0,9,72,0,0,3,3,0,21,4,18,6,16,4,1,0,0,85,1,0
E:\Supriya's_Monolithic Projects\moduliths\moduliths-events\moduliths-events-tests\src\test\java\example\events\PersistentDomainEventIntegrationTest.java,example.events.PersistentDomainEventIntegrationTest,class,12,12,0,12,2,1,0,18,0,0.0,NaN,NaN,1,0,0,0,0,1,1,0,0,0,0,0,0,0,0,0,0,0,2,97,0,0,0,1,0,0,14,3,0,5,2,0,8,2,28,0,0
E:\Supriya's_Monolithic Projects\moduliths\moduliths-observability\src\main\java\org\moduliths\observability\ModuleEntryInterceptor.java,org.moduliths.observability.ModuleEntryInterceptor,class,9,11,2,9,5,1,0,17,0,0.16666667,1.0,1.0,2,1,2,0,0,0,2,0,0,0,3,1,0,3,0,0,2,0,0,32,4,0,2,1,0,3,0,9,0,12,2,0,0,1,32,0,2
E:\Supriya's_Monolithic Projects\moduliths\moduliths-test\src\main\java\org\moduliths\test\DefaultPublishedEvents.java,org.moduliths.test.DefaultPublishedEvents,class,8,12,4,8,6,1,0,10,4,0.4,0.5,0.5,5,1,2,1,0,2,4,0,0,0,1,0,0,1,0,0,1,0,3,47,2,0,0,0,1,1,0,1,0,1,0,0,1,0,29,0,0
E:\Supriya's_Monolithic Projects\moduliths\moduliths-moments\src\main\java\org\moduliths\moments\MonthHasPassed.java,org.moduliths.moments.MonthHasPassed,class,2,3,1,2,0,1,0,0,0,NaN,-1.0,-1.0,0,0,0,0,0,0,0,0,0,0,1,0,0,1,0,0,1,0,0,3,0,0,0,0,0,1,0,0,0,1,0,0,0,0,22,1,0
E:\Supriya's_Monolithic Projects\moduliths\moduliths-docs\src\main\java\org\moduliths\docs\DocumentationSource.java,org.moduliths.docs.DocumentationSource,interface,1,4,3,1,1,1,0,0,0,0.0,NaN,NaN,1,0,0,0,0,1,1,0,0,0,0,0,0,0,0,0,0,0,0,3,0,0,0,0,0,0,0,0,0,0,0,0,0,0,27,0,0
E:\Supriya's_Monolithic Projects\moduliths\moduliths-core\src\test\java\org\moduliths\model\ArchitecturallyEvidentTypeUnitTest.java,org.moduliths.model.ArchitecturallyEvidentTypeUnitTest$SpringRepository,interface,1,1,0,1,0,1,0,0,0,0.0,-1.0,-1.0,0,0,0,0,0,0,0,0,0,0,0,0,0,0,0,0,0,0,0,2,0,0,0,0,0,0,0,0,0,0,0,0,0,0,2,0,0
E:\Supriya's_Monolithic Projects\moduliths\moduliths-docs\src\main\java\org\moduliths\docs\ConfigurationProperties.java,org.moduliths.docs.ConfigurationProperties$ModuleProperty,innerclass,3,3,0,3,0,1,0,0,0,NaN,-1.0,-1.0,0,0,0,0,0,0,0,0,0,0,5,0,0,0,0,5,0,0,0,7,0,0,0,0,0,0,0,0,0,5,0,0,0,0,10,8,0
E:\Supriya's_Monolithic Projects\moduliths\moduliths-docs\src\main\java\org\moduliths\docs\Documenter.java,org.moduliths.docs.Documenter$CanvasOptions$Grouping,innerclass,5,5,0,5,6,1,0,8,11,0.77777785,0.13333334,0.2,6,5,6,0,0,0,6,0,0,0,3,0,0,0,0,3,0,0,1,23,6,0,0,0,0,1,0,0,0,7,0,0,0,4,19,9,0
E:\Supriya's_Monolithic Projects\moduliths\moduliths-core\src\main\java\org\moduliths\model\Violations.java,org.moduliths.model.Violations,class,3,10,7,3,8,7,0,14,9,0.8095238,0.2857143,0.2857143,7,1,3,0,0,4,7,0,0,0,3,2,1,2,0,0,2,0,4,41,6,0,0,0,0,5,2,4,2,5,1,0,1,0,68,1,0
E:\Supriya's_Monolithic Projects\moduliths\moduliths-docs\src\main\java\org\moduliths\docs\Documenter.java,org.moduliths.docs.Documenter,class,26,29,3,26,42,1,0,148,309,0.875,0.083333336,0.083333336,30,2,15,15,0,0,16,0,0,0,8,2,0,8,0,0,7,0,28,356,25,0,2,4,1,41,1,41,2,62,2,0,3,26,309,1,0
E:\Supriya's_Monolithic Projects\moduliths\moduliths-sample\src\main\java\com\acme\myproject\stereotypes\Stereotypes.java,com.acme.myproject.stereotypes.Stereotypes,class,1,1,0,1,0,1,0,0,0,0.0,-1.0,-1.0,0,0,0,0,0,0,0,0,0,0,0,0,0,0,0,0,0,0,0,30,0,0,0,0,0,0,0,0,0,0,0,0,10,0,3,1,0
E:\Supriya's_Monolithic Projects\moduliths\moduliths-core\src\test\java\org\moduliths\model\AnnotationModulithMetadataUnitTest.java,org.moduliths.model.AnnotationModulithMetadataUnitTest$Sample,innerclass,1,1,0,1,0,1,0,0,0,0.0,-1.0,-1.0,0,0,0,0,0,0,0,0,0,0,0,0,0,0,0,0,0,0,0,2,0,0,0,0,0,0,0,0,0,0,0,0,0,0,7,8,0
E:\Supriya's_Monolithic Projects\moduliths\moduliths-moments\src\main\java\org\moduliths\moments\WeekHasPassed.java,org.moduliths.moments.WeekHasPassed,class,5,9,4,5,3,1,0,9,1,0.44444445,0.33333334,0.33333334,3,1,3,0,0,0,3,0,0,0,3,0,0,3,0,0,3,0,4,14,3,0,0,0,0,1,4,0,0,3,0,0,0,0,50,1,0
E:\Supriya's_Monolithic Projects\moduliths\moduliths-docs\src\main\java\org\moduliths\docs\Documenter.java,org.moduliths.docs.Documenter$Options,innerclass,11,11,0,11,5,1,0,10,4,0.7454546,0.0,0.0,5,1,2,3,0,0,2,0,0,0,11,1,0,11,0,0,10,0,6,34,5,0,0,0,0,1,0,2,0,17,0,0,2,5,148,9,0
E:\Supriya's_Monolithic Projects\moduliths\moduliths-sample\src\main\java\com\acme\myproject\stereotypes\Stereotypes.java,com.acme.myproject.stereotypes.Stereotypes$SomeRepository,innerclass,1,1,0,1,0,1,0,0,0,0.0,-1.0,-1.0,0,0,0,0,0,0,0,0,0,0,0,0,0,0,0,0,0,0,0,2,0,0,0,0,0,0,0,0,0,0,0,0,0,0,2,8,0
