file,class,method,variable,usage
E:\Supriya's_MicroserviceProjects\spring-petclinic\src\main\java\org\springframework\samples\petclinic\owner\Pet.java,org.springframework.samples.petclinic.owner.Pet,getType/0,type,1
E:\Supriya's_MicroserviceProjects\spring-petclinic\src\main\java\org\springframework\samples\petclinic\owner\Pet.java,org.springframework.samples.petclinic.owner.Pet,getBirthDate/0,birthDate,1
E:\Supriya's_MicroserviceProjects\spring-petclinic\src\main\java\org\springframework\samples\petclinic\owner\Pet.java,org.springframework.samples.petclinic.owner.Pet,setType/1[org.springframework.samples.petclinic.owner.PetType],type,3
E:\Supriya's_MicroserviceProjects\spring-petclinic\src\main\java\org\springframework\samples\petclinic\owner\Pet.java,org.springframework.samples.petclinic.owner.Pet,getVisits/0,visits,1
E:\Supriya's_MicroserviceProjects\spring-petclinic\src\main\java\org\springframework\samples\petclinic\owner\Pet.java,org.springframework.samples.petclinic.owner.Pet,setBirthDate/1[java.time.LocalDate],birthDate,3
E:\Supriya's_MicroserviceProjects\spring-petclinic\src\test\java\org\springframework\samples\petclinic\PetClinicIntegrationTests.java,org.springframework.samples.petclinic.PetClinicIntegrationTests,testOwnerDetails/0,port,1
E:\Supriya's_MicroserviceProjects\spring-petclinic\src\test\java\org\springframework\samples\petclinic\PetClinicIntegrationTests.java,org.springframework.samples.petclinic.PetClinicIntegrationTests,testOwnerDetails/0,builder,1
E:\Supriya's_MicroserviceProjects\spring-petclinic\src\test\java\org\springframework\samples\petclinic\PetClinicIntegrationTests.java,org.springframework.samples.petclinic.PetClinicIntegrationTests,testFindAll/0,vets,2
E:\Supriya's_MicroserviceProjects\spring-petclinic\src\test\java\org\springframework\samples\petclinic\vet\VetControllerTests.java,org.springframework.samples.petclinic.vet.VetControllerTests,testShowVetListHtml/0,mockMvc,1
E:\Supriya's_MicroserviceProjects\spring-petclinic\src\test\java\org\springframework\samples\petclinic\vet\VetControllerTests.java,org.springframework.samples.petclinic.vet.VetControllerTests,testShowResourcesVetList/0,mockMvc,1
E:\Supriya's_MicroserviceProjects\spring-petclinic\src\test\java\org\springframework\samples\petclinic\vet\VetControllerTests.java,org.springframework.samples.petclinic.vet.VetControllerTests,setup/0,vets,2
E:\Supriya's_MicroserviceProjects\spring-petclinic\src\main\java\org\springframework\samples\petclinic\owner\Visit.java,org.springframework.samples.petclinic.owner.Visit,getDate/0,date,1
E:\Supriya's_MicroserviceProjects\spring-petclinic\src\main\java\org\springframework\samples\petclinic\owner\Visit.java,org.springframework.samples.petclinic.owner.Visit,getDescription/0,description,1
E:\Supriya's_MicroserviceProjects\spring-petclinic\src\main\java\org\springframework\samples\petclinic\owner\Visit.java,org.springframework.samples.petclinic.owner.Visit,Visit/0,date,1
E:\Supriya's_MicroserviceProjects\spring-petclinic\src\main\java\org\springframework\samples\petclinic\owner\Visit.java,org.springframework.samples.petclinic.owner.Visit,setDate/1[java.time.LocalDate],date,3
E:\Supriya's_MicroserviceProjects\spring-petclinic\src\main\java\org\springframework\samples\petclinic\owner\Visit.java,org.springframework.samples.petclinic.owner.Visit,setDescription/1[java.lang.String],description,3
E:\Supriya's_MicroserviceProjects\spring-petclinic\src\main\java\org\springframework\samples\petclinic\owner\PetTypeFormatter.java,org.springframework.samples.petclinic.owner.PetTypeFormatter,PetTypeFormatter/1[org.springframework.samples.petclinic.owner.OwnerRepository],owners,3
E:\Supriya's_MicroserviceProjects\spring-petclinic\src\main\java\org\springframework\samples\petclinic\owner\PetTypeFormatter.java,org.springframework.samples.petclinic.owner.PetTypeFormatter,"parse/2[java.lang.String,java.util.Locale]",owners,1
E:\Supriya's_MicroserviceProjects\spring-petclinic\src\main\java\org\springframework\samples\petclinic\vet\VetController.java,org.springframework.samples.petclinic.vet.VetController,findPaginated/1[int],vetRepository,1
E:\Supriya's_MicroserviceProjects\spring-petclinic\src\main\java\org\springframework\samples\petclinic\vet\VetController.java,org.springframework.samples.petclinic.vet.VetController,showResourcesVetList/0,vetRepository,1
E:\Supriya's_MicroserviceProjects\spring-petclinic\src\main\java\org\springframework\samples\petclinic\vet\VetController.java,org.springframework.samples.petclinic.vet.VetController,VetController/1[org.springframework.samples.petclinic.vet.VetRepository],vetRepository,1
E:\Supriya's_MicroserviceProjects\spring-petclinic\src\test\java\org\springframework\samples\petclinic\system\CrashControllerTests.java,org.springframework.samples.petclinic.system.CrashControllerTests,testTriggerException/0,testee,1
E:\Supriya's_MicroserviceProjects\spring-petclinic\src\main\java\org\springframework\samples\petclinic\owner\PetValidator.java,org.springframework.samples.petclinic.owner.PetValidator,"validate/2[java.lang.Object,org.springframework.samples.petclinic.owner.Errors]",REQUIRED,6
E:\Supriya's_MicroserviceProjects\spring-petclinic\.mvn\wrapper\MavenWrapperDownloader.java,MavenWrapperDownloader,main/1[java.lang.String[]],DEFAULT_DOWNLOAD_URL,1
E:\Supriya's_MicroserviceProjects\spring-petclinic\.mvn\wrapper\MavenWrapperDownloader.java,MavenWrapperDownloader,main/1[java.lang.String[]],MAVEN_WRAPPER_JAR_PATH,1
E:\Supriya's_MicroserviceProjects\spring-petclinic\.mvn\wrapper\MavenWrapperDownloader.java,MavenWrapperDownloader,main/1[java.lang.String[]],PROPERTY_NAME_WRAPPER_URL,1
E:\Supriya's_MicroserviceProjects\spring-petclinic\.mvn\wrapper\MavenWrapperDownloader.java,MavenWrapperDownloader,main/1[java.lang.String[]],MAVEN_WRAPPER_PROPERTIES_PATH,2
E:\Supriya's_MicroserviceProjects\spring-petclinic\src\test\java\org\springframework\samples\petclinic\owner\VisitControllerTests.java,org.springframework.samples.petclinic.owner.VisitControllerTests,init/0,TEST_PET_ID,1
E:\Supriya's_MicroserviceProjects\spring-petclinic\src\test\java\org\springframework\samples\petclinic\owner\VisitControllerTests.java,org.springframework.samples.petclinic.owner.VisitControllerTests,init/0,owners,1
E:\Supriya's_MicroserviceProjects\spring-petclinic\src\test\java\org\springframework\samples\petclinic\owner\VisitControllerTests.java,org.springframework.samples.petclinic.owner.VisitControllerTests,init/0,TEST_OWNER_ID,1
E:\Supriya's_MicroserviceProjects\spring-petclinic\src\test\java\org\springframework\samples\petclinic\owner\VisitControllerTests.java,org.springframework.samples.petclinic.owner.VisitControllerTests,testInitNewVisitForm/0,mockMvc,1
E:\Supriya's_MicroserviceProjects\spring-petclinic\src\test\java\org\springframework\samples\petclinic\owner\VisitControllerTests.java,org.springframework.samples.petclinic.owner.VisitControllerTests,testInitNewVisitForm/0,TEST_PET_ID,1
E:\Supriya's_MicroserviceProjects\spring-petclinic\src\test\java\org\springframework\samples\petclinic\owner\VisitControllerTests.java,org.springframework.samples.petclinic.owner.VisitControllerTests,testInitNewVisitForm/0,TEST_OWNER_ID,1
E:\Supriya's_MicroserviceProjects\spring-petclinic\src\test\java\org\springframework\samples\petclinic\owner\VisitControllerTests.java,org.springframework.samples.petclinic.owner.VisitControllerTests,testProcessNewVisitFormSuccess/0,mockMvc,1
E:\Supriya's_MicroserviceProjects\spring-petclinic\src\test\java\org\springframework\samples\petclinic\owner\VisitControllerTests.java,org.springframework.samples.petclinic.owner.VisitControllerTests,testProcessNewVisitFormSuccess/0,TEST_PET_ID,1
E:\Supriya's_MicroserviceProjects\spring-petclinic\src\test\java\org\springframework\samples\petclinic\owner\VisitControllerTests.java,org.springframework.samples.petclinic.owner.VisitControllerTests,testProcessNewVisitFormSuccess/0,TEST_OWNER_ID,1
E:\Supriya's_MicroserviceProjects\spring-petclinic\src\test\java\org\springframework\samples\petclinic\owner\VisitControllerTests.java,org.springframework.samples.petclinic.owner.VisitControllerTests,testProcessNewVisitFormHasErrors/0,mockMvc,1
E:\Supriya's_MicroserviceProjects\spring-petclinic\src\test\java\org\springframework\samples\petclinic\owner\VisitControllerTests.java,org.springframework.samples.petclinic.owner.VisitControllerTests,testProcessNewVisitFormHasErrors/0,TEST_PET_ID,1
E:\Supriya's_MicroserviceProjects\spring-petclinic\src\test\java\org\springframework\samples\petclinic\owner\VisitControllerTests.java,org.springframework.samples.petclinic.owner.VisitControllerTests,testProcessNewVisitFormHasErrors/0,TEST_OWNER_ID,1
E:\Supriya's_MicroserviceProjects\spring-petclinic\src\test\java\org\springframework\samples\petclinic\owner\PetControllerTests.java,org.springframework.samples.petclinic.owner.PetControllerTests,testProcessCreationFormSuccess/0,mockMvc,1
E:\Supriya's_MicroserviceProjects\spring-petclinic\src\test\java\org\springframework\samples\petclinic\owner\PetControllerTests.java,org.springframework.samples.petclinic.owner.PetControllerTests,testProcessCreationFormSuccess/0,TEST_OWNER_ID,1
E:\Supriya's_MicroserviceProjects\spring-petclinic\src\test\java\org\springframework\samples\petclinic\owner\PetControllerTests.java,org.springframework.samples.petclinic.owner.PetControllerTests,testInitUpdateForm/0,mockMvc,1
E:\Supriya's_MicroserviceProjects\spring-petclinic\src\test\java\org\springframework\samples\petclinic\owner\PetControllerTests.java,org.springframework.samples.petclinic.owner.PetControllerTests,testInitUpdateForm/0,TEST_PET_ID,1
E:\Supriya's_MicroserviceProjects\spring-petclinic\src\test\java\org\springframework\samples\petclinic\owner\PetControllerTests.java,org.springframework.samples.petclinic.owner.PetControllerTests,testInitUpdateForm/0,TEST_OWNER_ID,1
E:\Supriya's_MicroserviceProjects\spring-petclinic\src\test\java\org\springframework\samples\petclinic\owner\PetControllerTests.java,org.springframework.samples.petclinic.owner.PetControllerTests,testInitCreationForm/0,mockMvc,1
E:\Supriya's_MicroserviceProjects\spring-petclinic\src\test\java\org\springframework\samples\petclinic\owner\PetControllerTests.java,org.springframework.samples.petclinic.owner.PetControllerTests,testInitCreationForm/0,TEST_OWNER_ID,1
E:\Supriya's_MicroserviceProjects\spring-petclinic\src\test\java\org\springframework\samples\petclinic\owner\PetControllerTests.java,org.springframework.samples.petclinic.owner.PetControllerTests,testProcessUpdateFormHasErrors/0,mockMvc,1
E:\Supriya's_MicroserviceProjects\spring-petclinic\src\test\java\org\springframework\samples\petclinic\owner\PetControllerTests.java,org.springframework.samples.petclinic.owner.PetControllerTests,testProcessUpdateFormHasErrors/0,TEST_PET_ID,1
E:\Supriya's_MicroserviceProjects\spring-petclinic\src\test\java\org\springframework\samples\petclinic\owner\PetControllerTests.java,org.springframework.samples.petclinic.owner.PetControllerTests,testProcessUpdateFormHasErrors/0,TEST_OWNER_ID,1
E:\Supriya's_MicroserviceProjects\spring-petclinic\src\test\java\org\springframework\samples\petclinic\owner\PetControllerTests.java,org.springframework.samples.petclinic.owner.PetControllerTests,testProcessCreationFormHasErrors/0,mockMvc,1
E:\Supriya's_MicroserviceProjects\spring-petclinic\src\test\java\org\springframework\samples\petclinic\owner\PetControllerTests.java,org.springframework.samples.petclinic.owner.PetControllerTests,testProcessCreationFormHasErrors/0,TEST_OWNER_ID,1
E:\Supriya's_MicroserviceProjects\spring-petclinic\src\test\java\org\springframework\samples\petclinic\owner\PetControllerTests.java,org.springframework.samples.petclinic.owner.PetControllerTests,setup/0,TEST_PET_ID,1
E:\Supriya's_MicroserviceProjects\spring-petclinic\src\test\java\org\springframework\samples\petclinic\owner\PetControllerTests.java,org.springframework.samples.petclinic.owner.PetControllerTests,setup/0,owners,2
E:\Supriya's_MicroserviceProjects\spring-petclinic\src\test\java\org\springframework\samples\petclinic\owner\PetControllerTests.java,org.springframework.samples.petclinic.owner.PetControllerTests,setup/0,TEST_OWNER_ID,1
E:\Supriya's_MicroserviceProjects\spring-petclinic\src\test\java\org\springframework\samples\petclinic\owner\PetControllerTests.java,org.springframework.samples.petclinic.owner.PetControllerTests,testProcessUpdateFormSuccess/0,mockMvc,1
E:\Supriya's_MicroserviceProjects\spring-petclinic\src\test\java\org\springframework\samples\petclinic\owner\PetControllerTests.java,org.springframework.samples.petclinic.owner.PetControllerTests,testProcessUpdateFormSuccess/0,TEST_PET_ID,1
E:\Supriya's_MicroserviceProjects\spring-petclinic\src\test\java\org\springframework\samples\petclinic\owner\PetControllerTests.java,org.springframework.samples.petclinic.owner.PetControllerTests,testProcessUpdateFormSuccess/0,TEST_OWNER_ID,1
E:\Supriya's_MicroserviceProjects\spring-petclinic\src\test\java\org\springframework\samples\petclinic\PostgresIntegrationTests.java,org.springframework.samples.petclinic.PostgresIntegrationTests,testOwnerDetails/0,port,1
E:\Supriya's_MicroserviceProjects\spring-petclinic\src\test\java\org\springframework\samples\petclinic\PostgresIntegrationTests.java,org.springframework.samples.petclinic.PostgresIntegrationTests,testOwnerDetails/0,builder,1
E:\Supriya's_MicroserviceProjects\spring-petclinic\src\test\java\org\springframework\samples\petclinic\PostgresIntegrationTests.java,org.springframework.samples.petclinic.PostgresIntegrationTests,testFindAll/0,vets,2
E:\Supriya's_MicroserviceProjects\spring-petclinic\src\main\java\org\springframework\samples\petclinic\owner\VisitController.java,org.springframework.samples.petclinic.owner.VisitController,"processNewVisitForm/5[org.springframework.samples.petclinic.owner.Owner,int,org.springframework.samples.petclinic.owner.Visit,org.springframework.samples.petclinic.owner.BindingResult,org.springframework.samples.petclinic.owner.RedirectAttributes]",owners,1
E:\Supriya's_MicroserviceProjects\spring-petclinic\src\main\java\org\springframework\samples\petclinic\owner\VisitController.java,org.springframework.samples.petclinic.owner.VisitController,VisitController/1[org.springframework.samples.petclinic.owner.OwnerRepository],owners,3
E:\Supriya's_MicroserviceProjects\spring-petclinic\src\main\java\org\springframework\samples\petclinic\owner\VisitController.java,org.springframework.samples.petclinic.owner.VisitController,"loadPetWithVisit/3[int,int,java.util.Map<java.lang.String,java.lang.Object>]",owners,1
E:\Supriya's_MicroserviceProjects\spring-petclinic\src\test\java\org\springframework\samples\petclinic\PostgresIntegrationTests.java,org.springframework.samples.petclinic.PostgresIntegrationTests$PropertiesLogger,findPropertiesPropertySources/0,environment,1
E:\Supriya's_MicroserviceProjects\spring-petclinic\src\test\java\org\springframework\samples\petclinic\PostgresIntegrationTests.java,org.springframework.samples.petclinic.PostgresIntegrationTests$PropertiesLogger,onApplicationEvent/1[org.springframework.samples.petclinic.ApplicationPreparedEvent],environment,1
E:\Supriya's_MicroserviceProjects\spring-petclinic\src\test\java\org\springframework\samples\petclinic\PostgresIntegrationTests.java,org.springframework.samples.petclinic.PostgresIntegrationTests$PropertiesLogger,onApplicationEvent/1[org.springframework.samples.petclinic.ApplicationPreparedEvent],isFirstRun,2
E:\Supriya's_MicroserviceProjects\spring-petclinic\src\test\java\org\springframework\samples\petclinic\PostgresIntegrationTests.java,org.springframework.samples.petclinic.PostgresIntegrationTests$PropertiesLogger,printProperties/0,environment,1
E:\Supriya's_MicroserviceProjects\spring-petclinic\src\test\java\org\springframework\samples\petclinic\PostgresIntegrationTests.java,org.springframework.samples.petclinic.PostgresIntegrationTests$PropertiesLogger,printProperties/0,log,3
E:\Supriya's_MicroserviceProjects\spring-petclinic\src\main\java\org\springframework\samples\petclinic\model\BaseEntity.java,org.springframework.samples.petclinic.model.BaseEntity,isNew/0,id,1
E:\Supriya's_MicroserviceProjects\spring-petclinic\src\main\java\org\springframework\samples\petclinic\model\BaseEntity.java,org.springframework.samples.petclinic.model.BaseEntity,getId/0,id,1
E:\Supriya's_MicroserviceProjects\spring-petclinic\src\main\java\org\springframework\samples\petclinic\model\BaseEntity.java,org.springframework.samples.petclinic.model.BaseEntity,setId/1[java.lang.Integer],id,3
E:\Supriya's_MicroserviceProjects\spring-petclinic\src\main\java\org\springframework\samples\petclinic\model\NamedEntity.java,org.springframework.samples.petclinic.model.NamedEntity,getName/0,name,1
E:\Supriya's_MicroserviceProjects\spring-petclinic\src\main\java\org\springframework\samples\petclinic\model\NamedEntity.java,org.springframework.samples.petclinic.model.NamedEntity,setName/1[java.lang.String],name,3
E:\Supriya's_MicroserviceProjects\spring-petclinic\src\main\java\org\springframework\samples\petclinic\vet\Vets.java,org.springframework.samples.petclinic.vet.Vets,getVetList/0,vets,3
E:\Supriya's_MicroserviceProjects\spring-petclinic\src\test\java\org\springframework\samples\petclinic\system\CrashControllerIntegrationTests.java,org.springframework.samples.petclinic.system.CrashControllerIntegrationTests,testTriggerExceptionHtml/0,rest,1
E:\Supriya's_MicroserviceProjects\spring-petclinic\src\test\java\org\springframework\samples\petclinic\system\CrashControllerIntegrationTests.java,org.springframework.samples.petclinic.system.CrashControllerIntegrationTests,testTriggerExceptionHtml/0,port,1
E:\Supriya's_MicroserviceProjects\spring-petclinic\src\test\java\org\springframework\samples\petclinic\system\CrashControllerIntegrationTests.java,org.springframework.samples.petclinic.system.CrashControllerIntegrationTests,testTriggerExceptionJson/0,rest,1
E:\Supriya's_MicroserviceProjects\spring-petclinic\src\test\java\org\springframework\samples\petclinic\system\CrashControllerIntegrationTests.java,org.springframework.samples.petclinic.system.CrashControllerIntegrationTests,testTriggerExceptionJson/0,port,1
E:\Supriya's_MicroserviceProjects\spring-petclinic\src\test\java\org\springframework\samples\petclinic\MySqlIntegrationTests.java,org.springframework.samples.petclinic.MySqlIntegrationTests,testFindAll/0,vets,2
E:\Supriya's_MicroserviceProjects\spring-petclinic\src\test\java\org\springframework\samples\petclinic\MySqlIntegrationTests.java,org.springframework.samples.petclinic.MySqlIntegrationTests,testOwnerDetails/0,port,1
E:\Supriya's_MicroserviceProjects\spring-petclinic\src\test\java\org\springframework\samples\petclinic\MySqlIntegrationTests.java,org.springframework.samples.petclinic.MySqlIntegrationTests,testOwnerDetails/0,builder,1
E:\Supriya's_MicroserviceProjects\spring-petclinic\src\main\java\org\springframework\samples\petclinic\owner\Owner.java,org.springframework.samples.petclinic.owner.Owner,toString/0,address,1
E:\Supriya's_MicroserviceProjects\spring-petclinic\src\main\java\org\springframework\samples\petclinic\owner\Owner.java,org.springframework.samples.petclinic.owner.Owner,toString/0,city,1
E:\Supriya's_MicroserviceProjects\spring-petclinic\src\main\java\org\springframework\samples\petclinic\owner\Owner.java,org.springframework.samples.petclinic.owner.Owner,toString/0,telephone,1
E:\Supriya's_MicroserviceProjects\spring-petclinic\src\main\java\org\springframework\samples\petclinic\owner\Owner.java,org.springframework.samples.petclinic.owner.Owner,getPets/0,pets,1
E:\Supriya's_MicroserviceProjects\spring-petclinic\src\main\java\org\springframework\samples\petclinic\owner\Owner.java,org.springframework.samples.petclinic.owner.Owner,getAddress/0,address,1
E:\Supriya's_MicroserviceProjects\spring-petclinic\src\main\java\org\springframework\samples\petclinic\owner\Owner.java,org.springframework.samples.petclinic.owner.Owner,setTelephone/1[java.lang.String],telephone,3
E:\Supriya's_MicroserviceProjects\spring-petclinic\src\main\java\org\springframework\samples\petclinic\owner\Owner.java,org.springframework.samples.petclinic.owner.Owner,getCity/0,city,1
E:\Supriya's_MicroserviceProjects\spring-petclinic\src\main\java\org\springframework\samples\petclinic\owner\Owner.java,org.springframework.samples.petclinic.owner.Owner,setCity/1[java.lang.String],city,3
E:\Supriya's_MicroserviceProjects\spring-petclinic\src\main\java\org\springframework\samples\petclinic\owner\Owner.java,org.springframework.samples.petclinic.owner.Owner,setAddress/1[java.lang.String],address,3
E:\Supriya's_MicroserviceProjects\spring-petclinic\src\main\java\org\springframework\samples\petclinic\owner\Owner.java,org.springframework.samples.petclinic.owner.Owner,getTelephone/0,telephone,1
E:\Supriya's_MicroserviceProjects\spring-petclinic\src\main\java\org\springframework\samples\petclinic\model\Person.java,org.springframework.samples.petclinic.model.Person,getLastName/0,lastName,1
E:\Supriya's_MicroserviceProjects\spring-petclinic\src\main\java\org\springframework\samples\petclinic\model\Person.java,org.springframework.samples.petclinic.model.Person,setLastName/1[java.lang.String],lastName,3
E:\Supriya's_MicroserviceProjects\spring-petclinic\src\main\java\org\springframework\samples\petclinic\model\Person.java,org.springframework.samples.petclinic.model.Person,getFirstName/0,firstName,1
E:\Supriya's_MicroserviceProjects\spring-petclinic\src\main\java\org\springframework\samples\petclinic\model\Person.java,org.springframework.samples.petclinic.model.Person,setFirstName/1[java.lang.String],firstName,3
E:\Supriya's_MicroserviceProjects\spring-petclinic\src\test\java\org\springframework\samples\petclinic\owner\OwnerControllerTests.java,org.springframework.samples.petclinic.owner.OwnerControllerTests,testInitCreationForm/0,mockMvc,1
E:\Supriya's_MicroserviceProjects\spring-petclinic\src\test\java\org\springframework\samples\petclinic\owner\OwnerControllerTests.java,org.springframework.samples.petclinic.owner.OwnerControllerTests,testInitUpdateOwnerForm/0,mockMvc,1
E:\Supriya's_MicroserviceProjects\spring-petclinic\src\test\java\org\springframework\samples\petclinic\owner\OwnerControllerTests.java,org.springframework.samples.petclinic.owner.OwnerControllerTests,testInitUpdateOwnerForm/0,TEST_OWNER_ID,1
E:\Supriya's_MicroserviceProjects\spring-petclinic\src\test\java\org\springframework\samples\petclinic\owner\OwnerControllerTests.java,org.springframework.samples.petclinic.owner.OwnerControllerTests,testProcessFindFormSuccess/0,mockMvc,1
E:\Supriya's_MicroserviceProjects\spring-petclinic\src\test\java\org\springframework\samples\petclinic\owner\OwnerControllerTests.java,org.springframework.samples.petclinic.owner.OwnerControllerTests,testProcessFindFormSuccess/0,owners,1
E:\Supriya's_MicroserviceProjects\spring-petclinic\src\test\java\org\springframework\samples\petclinic\owner\OwnerControllerTests.java,org.springframework.samples.petclinic.owner.OwnerControllerTests,testProcessCreationFormHasErrors/0,mockMvc,1
E:\Supriya's_MicroserviceProjects\spring-petclinic\src\test\java\org\springframework\samples\petclinic\owner\OwnerControllerTests.java,org.springframework.samples.petclinic.owner.OwnerControllerTests,testInitFindForm/0,mockMvc,1
E:\Supriya's_MicroserviceProjects\spring-petclinic\src\test\java\org\springframework\samples\petclinic\owner\OwnerControllerTests.java,org.springframework.samples.petclinic.owner.OwnerControllerTests,testProcessFindFormNoOwnersFound/0,mockMvc,1
E:\Supriya's_MicroserviceProjects\spring-petclinic\src\test\java\org\springframework\samples\petclinic\owner\OwnerControllerTests.java,org.springframework.samples.petclinic.owner.OwnerControllerTests,testProcessFindFormNoOwnersFound/0,owners,1
E:\Supriya's_MicroserviceProjects\spring-petclinic\src\test\java\org\springframework\samples\petclinic\owner\OwnerControllerTests.java,org.springframework.samples.petclinic.owner.OwnerControllerTests,testProcessUpdateOwnerFormSuccess/0,mockMvc,1
E:\Supriya's_MicroserviceProjects\spring-petclinic\src\test\java\org\springframework\samples\petclinic\owner\OwnerControllerTests.java,org.springframework.samples.petclinic.owner.OwnerControllerTests,testProcessUpdateOwnerFormSuccess/0,TEST_OWNER_ID,1
E:\Supriya's_MicroserviceProjects\spring-petclinic\src\test\java\org\springframework\samples\petclinic\owner\OwnerControllerTests.java,org.springframework.samples.petclinic.owner.OwnerControllerTests,setup/0,owners,3
E:\Supriya's_MicroserviceProjects\spring-petclinic\src\test\java\org\springframework\samples\petclinic\owner\OwnerControllerTests.java,org.springframework.samples.petclinic.owner.OwnerControllerTests,setup/0,TEST_OWNER_ID,1
E:\Supriya's_MicroserviceProjects\spring-petclinic\src\test\java\org\springframework\samples\petclinic\owner\OwnerControllerTests.java,org.springframework.samples.petclinic.owner.OwnerControllerTests,testProcessUpdateOwnerFormHasErrors/0,mockMvc,1
E:\Supriya's_MicroserviceProjects\spring-petclinic\src\test\java\org\springframework\samples\petclinic\owner\OwnerControllerTests.java,org.springframework.samples.petclinic.owner.OwnerControllerTests,testProcessUpdateOwnerFormHasErrors/0,TEST_OWNER_ID,1
E:\Supriya's_MicroserviceProjects\spring-petclinic\src\test\java\org\springframework\samples\petclinic\owner\OwnerControllerTests.java,org.springframework.samples.petclinic.owner.OwnerControllerTests,george/0,TEST_OWNER_ID,1
E:\Supriya's_MicroserviceProjects\spring-petclinic\src\test\java\org\springframework\samples\petclinic\owner\OwnerControllerTests.java,org.springframework.samples.petclinic.owner.OwnerControllerTests,testProcessCreationFormSuccess/0,mockMvc,1
E:\Supriya's_MicroserviceProjects\spring-petclinic\src\test\java\org\springframework\samples\petclinic\owner\OwnerControllerTests.java,org.springframework.samples.petclinic.owner.OwnerControllerTests,testProcessUpdateOwnerFormUnchangedSuccess/0,mockMvc,1
E:\Supriya's_MicroserviceProjects\spring-petclinic\src\test\java\org\springframework\samples\petclinic\owner\OwnerControllerTests.java,org.springframework.samples.petclinic.owner.OwnerControllerTests,testProcessUpdateOwnerFormUnchangedSuccess/0,TEST_OWNER_ID,1
E:\Supriya's_MicroserviceProjects\spring-petclinic\src\test\java\org\springframework\samples\petclinic\owner\OwnerControllerTests.java,org.springframework.samples.petclinic.owner.OwnerControllerTests,testShowOwner/0,mockMvc,1
E:\Supriya's_MicroserviceProjects\spring-petclinic\src\test\java\org\springframework\samples\petclinic\owner\OwnerControllerTests.java,org.springframework.samples.petclinic.owner.OwnerControllerTests,testShowOwner/0,TEST_OWNER_ID,1
E:\Supriya's_MicroserviceProjects\spring-petclinic\src\test\java\org\springframework\samples\petclinic\owner\OwnerControllerTests.java,org.springframework.samples.petclinic.owner.OwnerControllerTests,testProcessFindFormByLastName/0,mockMvc,1
E:\Supriya's_MicroserviceProjects\spring-petclinic\src\test\java\org\springframework\samples\petclinic\owner\OwnerControllerTests.java,org.springframework.samples.petclinic.owner.OwnerControllerTests,testProcessFindFormByLastName/0,owners,1
E:\Supriya's_MicroserviceProjects\spring-petclinic\src\test\java\org\springframework\samples\petclinic\owner\OwnerControllerTests.java,org.springframework.samples.petclinic.owner.OwnerControllerTests,testProcessFindFormByLastName/0,TEST_OWNER_ID,1
E:\Supriya's_MicroserviceProjects\spring-petclinic\src\test\java\org\springframework\samples\petclinic\owner\PetTypeFormatterTests.java,org.springframework.samples.petclinic.owner.PetTypeFormatterTests,testPrint/0,petTypeFormatter,1
E:\Supriya's_MicroserviceProjects\spring-petclinic\src\test\java\org\springframework\samples\petclinic\owner\PetTypeFormatterTests.java,org.springframework.samples.petclinic.owner.PetTypeFormatterTests,setup/0,pets,1
E:\Supriya's_MicroserviceProjects\spring-petclinic\src\test\java\org\springframework\samples\petclinic\owner\PetTypeFormatterTests.java,org.springframework.samples.petclinic.owner.PetTypeFormatterTests,setup/0,petTypeFormatter,1
E:\Supriya's_MicroserviceProjects\spring-petclinic\src\test\java\org\springframework\samples\petclinic\owner\PetTypeFormatterTests.java,org.springframework.samples.petclinic.owner.PetTypeFormatterTests,shouldParse/0,pets,1
E:\Supriya's_MicroserviceProjects\spring-petclinic\src\test\java\org\springframework\samples\petclinic\owner\PetTypeFormatterTests.java,org.springframework.samples.petclinic.owner.PetTypeFormatterTests,shouldParse/0,petTypeFormatter,1
E:\Supriya's_MicroserviceProjects\spring-petclinic\src\test\java\org\springframework\samples\petclinic\owner\PetTypeFormatterTests.java,org.springframework.samples.petclinic.owner.PetTypeFormatterTests,shouldThrowParseException/0,pets,1
E:\Supriya's_MicroserviceProjects\spring-petclinic\src\test\java\org\springframework\samples\petclinic\owner\PetTypeFormatterTests.java,org.springframework.samples.petclinic.owner.PetTypeFormatterTests,shouldThrowParseException/0,petTypeFormatter,1
E:\Supriya's_MicroserviceProjects\spring-petclinic\src\main\java\org\springframework\samples\petclinic\owner\PetController.java,org.springframework.samples.petclinic.owner.PetController,populatePetTypes/0,owners,1
E:\Supriya's_MicroserviceProjects\spring-petclinic\src\main\java\org\springframework\samples\petclinic\owner\PetController.java,org.springframework.samples.petclinic.owner.PetController,PetController/1[org.springframework.samples.petclinic.owner.OwnerRepository],owners,3
E:\Supriya's_MicroserviceProjects\spring-petclinic\src\main\java\org\springframework\samples\petclinic\owner\PetController.java,org.springframework.samples.petclinic.owner.PetController,"findPet/2[int,java.lang.Integer]",owners,1
E:\Supriya's_MicroserviceProjects\spring-petclinic\src\main\java\org\springframework\samples\petclinic\owner\PetController.java,org.springframework.samples.petclinic.owner.PetController,"initCreationForm/2[org.springframework.samples.petclinic.owner.Owner,org.springframework.samples.petclinic.owner.ModelMap]",VIEWS_PETS_CREATE_OR_UPDATE_FORM,1
E:\Supriya's_MicroserviceProjects\spring-petclinic\src\main\java\org\springframework\samples\petclinic\owner\PetController.java,org.springframework.samples.petclinic.owner.PetController,"processCreationForm/5[org.springframework.samples.petclinic.owner.Owner,org.springframework.samples.petclinic.owner.Pet,org.springframework.samples.petclinic.owner.BindingResult,org.springframework.samples.petclinic.owner.ModelMap,org.springframework.samples.petclinic.owner.RedirectAttributes]",VIEWS_PETS_CREATE_OR_UPDATE_FORM,1
E:\Supriya's_MicroserviceProjects\spring-petclinic\src\main\java\org\springframework\samples\petclinic\owner\PetController.java,org.springframework.samples.petclinic.owner.PetController,"processCreationForm/5[org.springframework.samples.petclinic.owner.Owner,org.springframework.samples.petclinic.owner.Pet,org.springframework.samples.petclinic.owner.BindingResult,org.springframework.samples.petclinic.owner.ModelMap,org.springframework.samples.petclinic.owner.RedirectAttributes]",owners,1
E:\Supriya's_MicroserviceProjects\spring-petclinic\src\main\java\org\springframework\samples\petclinic\owner\PetController.java,org.springframework.samples.petclinic.owner.PetController,"initUpdateForm/4[org.springframework.samples.petclinic.owner.Owner,int,org.springframework.samples.petclinic.owner.ModelMap,org.springframework.samples.petclinic.owner.RedirectAttributes]",VIEWS_PETS_CREATE_OR_UPDATE_FORM,1
E:\Supriya's_MicroserviceProjects\spring-petclinic\src\main\java\org\springframework\samples\petclinic\owner\PetController.java,org.springframework.samples.petclinic.owner.PetController,"processUpdateForm/5[org.springframework.samples.petclinic.owner.Pet,org.springframework.samples.petclinic.owner.BindingResult,org.springframework.samples.petclinic.owner.Owner,org.springframework.samples.petclinic.owner.ModelMap,org.springframework.samples.petclinic.owner.RedirectAttributes]",VIEWS_PETS_CREATE_OR_UPDATE_FORM,1
E:\Supriya's_MicroserviceProjects\spring-petclinic\src\main\java\org\springframework\samples\petclinic\owner\PetController.java,org.springframework.samples.petclinic.owner.PetController,"processUpdateForm/5[org.springframework.samples.petclinic.owner.Pet,org.springframework.samples.petclinic.owner.BindingResult,org.springframework.samples.petclinic.owner.Owner,org.springframework.samples.petclinic.owner.ModelMap,org.springframework.samples.petclinic.owner.RedirectAttributes]",owners,1
E:\Supriya's_MicroserviceProjects\spring-petclinic\src\main\java\org\springframework\samples\petclinic\owner\PetController.java,org.springframework.samples.petclinic.owner.PetController,findOwner/1[int],owners,1
E:\Supriya's_MicroserviceProjects\spring-petclinic\src\main\java\org\springframework\samples\petclinic\owner\OwnerController.java,org.springframework.samples.petclinic.owner.OwnerController,OwnerController/1[org.springframework.samples.petclinic.owner.OwnerRepository],owners,1
E:\Supriya's_MicroserviceProjects\spring-petclinic\src\main\java\org\springframework\samples\petclinic\owner\OwnerController.java,org.springframework.samples.petclinic.owner.OwnerController,"findPaginatedForOwnersLastName/2[int,java.lang.String]",owners,1
E:\Supriya's_MicroserviceProjects\spring-petclinic\src\main\java\org\springframework\samples\petclinic\owner\OwnerController.java,org.springframework.samples.petclinic.owner.OwnerController,"processCreationForm/3[org.springframework.samples.petclinic.owner.Owner,org.springframework.samples.petclinic.owner.BindingResult,org.springframework.samples.petclinic.owner.RedirectAttributes]",VIEWS_OWNER_CREATE_OR_UPDATE_FORM,1
E:\Supriya's_MicroserviceProjects\spring-petclinic\src\main\java\org\springframework\samples\petclinic\owner\OwnerController.java,org.springframework.samples.petclinic.owner.OwnerController,"processCreationForm/3[org.springframework.samples.petclinic.owner.Owner,org.springframework.samples.petclinic.owner.BindingResult,org.springframework.samples.petclinic.owner.RedirectAttributes]",owners,1
E:\Supriya's_MicroserviceProjects\spring-petclinic\src\main\java\org\springframework\samples\petclinic\owner\OwnerController.java,org.springframework.samples.petclinic.owner.OwnerController,"initCreationForm/1[java.util.Map<java.lang.String,java.lang.Object>]",VIEWS_OWNER_CREATE_OR_UPDATE_FORM,1
E:\Supriya's_MicroserviceProjects\spring-petclinic\src\main\java\org\springframework\samples\petclinic\owner\OwnerController.java,org.springframework.samples.petclinic.owner.OwnerController,"processUpdateOwnerForm/4[org.springframework.samples.petclinic.owner.Owner,org.springframework.samples.petclinic.owner.BindingResult,int,org.springframework.samples.petclinic.owner.RedirectAttributes]",VIEWS_OWNER_CREATE_OR_UPDATE_FORM,1
E:\Supriya's_MicroserviceProjects\spring-petclinic\src\main\java\org\springframework\samples\petclinic\owner\OwnerController.java,org.springframework.samples.petclinic.owner.OwnerController,"processUpdateOwnerForm/4[org.springframework.samples.petclinic.owner.Owner,org.springframework.samples.petclinic.owner.BindingResult,int,org.springframework.samples.petclinic.owner.RedirectAttributes]",owners,1
E:\Supriya's_MicroserviceProjects\spring-petclinic\src\main\java\org\springframework\samples\petclinic\owner\OwnerController.java,org.springframework.samples.petclinic.owner.OwnerController,findOwner/1[java.lang.Integer],owners,1
E:\Supriya's_MicroserviceProjects\spring-petclinic\src\main\java\org\springframework\samples\petclinic\owner\OwnerController.java,org.springframework.samples.petclinic.owner.OwnerController,showOwner/1[int],owners,1
E:\Supriya's_MicroserviceProjects\spring-petclinic\src\main\java\org\springframework\samples\petclinic\owner\OwnerController.java,org.springframework.samples.petclinic.owner.OwnerController,"initUpdateOwnerForm/2[int,org.springframework.samples.petclinic.owner.Model]",VIEWS_OWNER_CREATE_OR_UPDATE_FORM,1
E:\Supriya's_MicroserviceProjects\spring-petclinic\src\main\java\org\springframework\samples\petclinic\owner\OwnerController.java,org.springframework.samples.petclinic.owner.OwnerController,"initUpdateOwnerForm/2[int,org.springframework.samples.petclinic.owner.Model]",owners,1
E:\Supriya's_MicroserviceProjects\spring-petclinic\src\main\java\org\springframework\samples\petclinic\vet\Vet.java,org.springframework.samples.petclinic.vet.Vet,setSpecialtiesInternal/1[java.util.Set<org.springframework.samples.petclinic.vet.Specialty>],specialties,3
E:\Supriya's_MicroserviceProjects\spring-petclinic\src\main\java\org\springframework\samples\petclinic\vet\Vet.java,org.springframework.samples.petclinic.vet.Vet,getSpecialtiesInternal/0,specialties,3
E:\Supriya's_MicroserviceProjects\spring-petclinic\src\test\java\org\springframework\samples\petclinic\service\ClinicServiceTests.java,org.springframework.samples.petclinic.service.ClinicServiceTests,shouldUpdatePetName/0,owners,3
E:\Supriya's_MicroserviceProjects\spring-petclinic\src\test\java\org\springframework\samples\petclinic\service\ClinicServiceTests.java,org.springframework.samples.petclinic.service.ClinicServiceTests,shouldFindVisitsByPetId/0,owners,1
E:\Supriya's_MicroserviceProjects\spring-petclinic\src\test\java\org\springframework\samples\petclinic\service\ClinicServiceTests.java,org.springframework.samples.petclinic.service.ClinicServiceTests,shouldInsertOwner/0,pageable,2
E:\Supriya's_MicroserviceProjects\spring-petclinic\src\test\java\org\springframework\samples\petclinic\service\ClinicServiceTests.java,org.springframework.samples.petclinic.service.ClinicServiceTests,shouldInsertOwner/0,owners,3
E:\Supriya's_MicroserviceProjects\spring-petclinic\src\test\java\org\springframework\samples\petclinic\service\ClinicServiceTests.java,org.springframework.samples.petclinic.service.ClinicServiceTests,shouldFindAllPetTypes/0,owners,1
E:\Supriya's_MicroserviceProjects\spring-petclinic\src\test\java\org\springframework\samples\petclinic\service\ClinicServiceTests.java,org.springframework.samples.petclinic.service.ClinicServiceTests,shouldFindSingleOwnerWithPet/0,owners,1
E:\Supriya's_MicroserviceProjects\spring-petclinic\src\test\java\org\springframework\samples\petclinic\service\ClinicServiceTests.java,org.springframework.samples.petclinic.service.ClinicServiceTests,shouldUpdateOwner/0,owners,3
E:\Supriya's_MicroserviceProjects\spring-petclinic\src\test\java\org\springframework\samples\petclinic\service\ClinicServiceTests.java,org.springframework.samples.petclinic.service.ClinicServiceTests,shouldFindVets/0,vets,1
E:\Supriya's_MicroserviceProjects\spring-petclinic\src\test\java\org\springframework\samples\petclinic\service\ClinicServiceTests.java,org.springframework.samples.petclinic.service.ClinicServiceTests,shouldFindOwnersByLastName/0,pageable,2
E:\Supriya's_MicroserviceProjects\spring-petclinic\src\test\java\org\springframework\samples\petclinic\service\ClinicServiceTests.java,org.springframework.samples.petclinic.service.ClinicServiceTests,shouldFindOwnersByLastName/0,owners,2
E:\Supriya's_MicroserviceProjects\spring-petclinic\src\test\java\org\springframework\samples\petclinic\service\ClinicServiceTests.java,org.springframework.samples.petclinic.service.ClinicServiceTests,shouldInsertPetIntoDatabaseAndGenerateId/0,owners,4
E:\Supriya's_MicroserviceProjects\spring-petclinic\src\test\java\org\springframework\samples\petclinic\service\ClinicServiceTests.java,org.springframework.samples.petclinic.service.ClinicServiceTests,shouldAddNewVisitForPet/0,owners,3
