file,class,method,variable,usage
E:\Supriya's_MicroserviceProjects\spring-petclinic-microservices\spring-petclinic-vets-service\src\main\java\org\springframework\samples\petclinic\vets\web\VetResource.java,org.springframework.samples.petclinic.vets.web.VetResource,showResourcesVetList/0,vetRepository,1
E:\Supriya's_MicroserviceProjects\spring-petclinic-microservices\spring-petclinic-api-gateway\src\test\java\org\springframework\samples\petclinic\api\application\VisitsServiceClientIntegrationTest.java,org.springframework.samples.petclinic.api.application.VisitsServiceClientIntegrationTest,prepareResponse/1[java.util.function.Consumer<org.springframework.samples.petclinic.api.application.MockResponse>],server,1
E:\Supriya's_MicroserviceProjects\spring-petclinic-microservices\spring-petclinic-api-gateway\src\test\java\org\springframework\samples\petclinic\api\application\VisitsServiceClientIntegrationTest.java,org.springframework.samples.petclinic.api.application.VisitsServiceClientIntegrationTest,shutdown/0,server,1
E:\Supriya's_MicroserviceProjects\spring-petclinic-microservices\spring-petclinic-api-gateway\src\test\java\org\springframework\samples\petclinic\api\application\VisitsServiceClientIntegrationTest.java,org.springframework.samples.petclinic.api.application.VisitsServiceClientIntegrationTest,getVisitsForPets_withAvailableVisitsService/0,PET_ID,1
E:\Supriya's_MicroserviceProjects\spring-petclinic-microservices\spring-petclinic-api-gateway\src\test\java\org\springframework\samples\petclinic\api\application\VisitsServiceClientIntegrationTest.java,org.springframework.samples.petclinic.api.application.VisitsServiceClientIntegrationTest,getVisitsForPets_withAvailableVisitsService/0,visitsServiceClient,1
E:\Supriya's_MicroserviceProjects\spring-petclinic-microservices\spring-petclinic-api-gateway\src\test\java\org\springframework\samples\petclinic\api\application\VisitsServiceClientIntegrationTest.java,org.springframework.samples.petclinic.api.application.VisitsServiceClientIntegrationTest,setUp/0,server,2
E:\Supriya's_MicroserviceProjects\spring-petclinic-microservices\spring-petclinic-api-gateway\src\test\java\org\springframework\samples\petclinic\api\application\VisitsServiceClientIntegrationTest.java,org.springframework.samples.petclinic.api.application.VisitsServiceClientIntegrationTest,setUp/0,visitsServiceClient,2
E:\Supriya's_MicroserviceProjects\spring-petclinic-microservices\spring-petclinic-api-gateway\src\main\java\org\springframework\samples\petclinic\api\application\VisitsServiceClient.java,org.springframework.samples.petclinic.api.application.VisitsServiceClient,getVisitsForPets/1[java.util.List<java.lang.Integer>],hostname,1
E:\Supriya's_MicroserviceProjects\spring-petclinic-microservices\spring-petclinic-api-gateway\src\main\java\org\springframework\samples\petclinic\api\application\VisitsServiceClient.java,org.springframework.samples.petclinic.api.application.VisitsServiceClient,getVisitsForPets/1[java.util.List<java.lang.Integer>],webClientBuilder,1
E:\Supriya's_MicroserviceProjects\spring-petclinic-microservices\spring-petclinic-api-gateway\src\main\java\org\springframework\samples\petclinic\api\application\VisitsServiceClient.java,org.springframework.samples.petclinic.api.application.VisitsServiceClient,setHostname/1[java.lang.String],hostname,3
E:\Supriya's_MicroserviceProjects\spring-petclinic-microservices\spring-petclinic-api-gateway\src\test\java\org\springframework\samples\petclinic\api\boundary\web\ApiGatewayControllerTest.java,org.springframework.samples.petclinic.api.boundary.web.ApiGatewayControllerTest,getOwnerDetails_withServiceError/0,client,1
E:\Supriya's_MicroserviceProjects\spring-petclinic-microservices\spring-petclinic-api-gateway\src\test\java\org\springframework\samples\petclinic\api\boundary\web\ApiGatewayControllerTest.java,org.springframework.samples.petclinic.api.boundary.web.ApiGatewayControllerTest,getOwnerDetails_withServiceError/0,visitsServiceClient,1
E:\Supriya's_MicroserviceProjects\spring-petclinic-microservices\spring-petclinic-api-gateway\src\test\java\org\springframework\samples\petclinic\api\boundary\web\ApiGatewayControllerTest.java,org.springframework.samples.petclinic.api.boundary.web.ApiGatewayControllerTest,getOwnerDetails_withServiceError/0,customersServiceClient,1
E:\Supriya's_MicroserviceProjects\spring-petclinic-microservices\spring-petclinic-api-gateway\src\test\java\org\springframework\samples\petclinic\api\boundary\web\ApiGatewayControllerTest.java,org.springframework.samples.petclinic.api.boundary.web.ApiGatewayControllerTest,getOwnerDetails_withAvailableVisitsService/0,client,1
E:\Supriya's_MicroserviceProjects\spring-petclinic-microservices\spring-petclinic-api-gateway\src\test\java\org\springframework\samples\petclinic\api\boundary\web\ApiGatewayControllerTest.java,org.springframework.samples.petclinic.api.boundary.web.ApiGatewayControllerTest,getOwnerDetails_withAvailableVisitsService/0,visitsServiceClient,1
E:\Supriya's_MicroserviceProjects\spring-petclinic-microservices\spring-petclinic-api-gateway\src\test\java\org\springframework\samples\petclinic\api\boundary\web\ApiGatewayControllerTest.java,org.springframework.samples.petclinic.api.boundary.web.ApiGatewayControllerTest,getOwnerDetails_withAvailableVisitsService/0,customersServiceClient,1
E:\Supriya's_MicroserviceProjects\spring-petclinic-microservices\spring-petclinic-api-gateway\src\main\java\org\springframework\samples\petclinic\api\boundary\web\ApiGatewayController.java,org.springframework.samples.petclinic.api.boundary.web.ApiGatewayController,getOwnerDetails/1[int],cbFactory,1
E:\Supriya's_MicroserviceProjects\spring-petclinic-microservices\spring-petclinic-api-gateway\src\main\java\org\springframework\samples\petclinic\api\boundary\web\ApiGatewayController.java,org.springframework.samples.petclinic.api.boundary.web.ApiGatewayController,getOwnerDetails/1[int],visitsServiceClient,1
E:\Supriya's_MicroserviceProjects\spring-petclinic-microservices\spring-petclinic-api-gateway\src\main\java\org\springframework\samples\petclinic\api\boundary\web\ApiGatewayController.java,org.springframework.samples.petclinic.api.boundary.web.ApiGatewayController,getOwnerDetails/1[int],customersServiceClient,1
E:\Supriya's_MicroserviceProjects\spring-petclinic-microservices\spring-petclinic-api-gateway\src\main\java\org\springframework\samples\petclinic\api\application\CustomersServiceClient.java,org.springframework.samples.petclinic.api.application.CustomersServiceClient,getOwner/1[int],webClientBuilder,1
E:\Supriya's_MicroserviceProjects\spring-petclinic-microservices\spring-petclinic-customers-service\src\main\java\org\springframework\samples\petclinic\customers\web\PetResource.java,org.springframework.samples.petclinic.customers.web.PetResource,"processCreationForm/2[org.springframework.samples.petclinic.customers.web.PetRequest,int]",ownerRepository,1
E:\Supriya's_MicroserviceProjects\spring-petclinic-microservices\spring-petclinic-customers-service\src\main\java\org\springframework\samples\petclinic\customers\web\PetResource.java,org.springframework.samples.petclinic.customers.web.PetResource,getPetTypes/0,petRepository,1
E:\Supriya's_MicroserviceProjects\spring-petclinic-microservices\spring-petclinic-customers-service\src\main\java\org\springframework\samples\petclinic\customers\web\PetResource.java,org.springframework.samples.petclinic.customers.web.PetResource,"save/2[org.springframework.samples.petclinic.customers.model.Pet,org.springframework.samples.petclinic.customers.web.PetRequest]",petRepository,2
E:\Supriya's_MicroserviceProjects\spring-petclinic-microservices\spring-petclinic-customers-service\src\main\java\org\springframework\samples\petclinic\customers\web\PetResource.java,org.springframework.samples.petclinic.customers.web.PetResource,findPetById/1[int],petRepository,1
E:\Supriya's_MicroserviceProjects\spring-petclinic-microservices\spring-petclinic-customers-service\src\test\java\org\springframework\samples\petclinic\customers\web\PetResourceTest.java,org.springframework.samples.petclinic.customers.web.PetResourceTest,shouldGetAPetInJSonFormat/0,petRepository,1
E:\Supriya's_MicroserviceProjects\spring-petclinic-microservices\spring-petclinic-customers-service\src\test\java\org\springframework\samples\petclinic\customers\web\PetResourceTest.java,org.springframework.samples.petclinic.customers.web.PetResourceTest,shouldGetAPetInJSonFormat/0,mvc,1
E:\Supriya's_MicroserviceProjects\spring-petclinic-microservices\spring-petclinic-api-gateway\src\main\java\org\springframework\samples\petclinic\api\dto\OwnerDetails.java,org.springframework.samples.petclinic.api.dto.OwnerDetails,getPetIds/0,pets,1
E:\Supriya's_MicroserviceProjects\spring-petclinic-microservices\spring-petclinic-vets-service\src\main\java\org\springframework\samples\petclinic\vets\model\Vet.java,org.springframework.samples.petclinic.vets.model.Vet,getSpecialtiesInternal/0,specialties,3
E:\Supriya's_MicroserviceProjects\spring-petclinic-microservices\spring-petclinic-visits-service\src\test\java\org\springframework\samples\petclinic\visits\web\VisitResourceTest.java,org.springframework.samples.petclinic.visits.web.VisitResourceTest,shouldFetchVisits/0,visitRepository,1
E:\Supriya's_MicroserviceProjects\spring-petclinic-microservices\spring-petclinic-visits-service\src\test\java\org\springframework\samples\petclinic\visits\web\VisitResourceTest.java,org.springframework.samples.petclinic.visits.web.VisitResourceTest,shouldFetchVisits/0,mvc,1
E:\Supriya's_MicroserviceProjects\spring-petclinic-microservices\spring-petclinic-customers-service\src\main\java\org\springframework\samples\petclinic\customers\web\OwnerResource.java,org.springframework.samples.petclinic.customers.web.OwnerResource,createOwner/1[org.springframework.samples.petclinic.customers.web.OwnerRequest],ownerRepository,1
E:\Supriya's_MicroserviceProjects\spring-petclinic-microservices\spring-petclinic-customers-service\src\main\java\org\springframework\samples\petclinic\customers\web\OwnerResource.java,org.springframework.samples.petclinic.customers.web.OwnerResource,createOwner/1[org.springframework.samples.petclinic.customers.web.OwnerRequest],ownerEntityMapper,1
E:\Supriya's_MicroserviceProjects\spring-petclinic-microservices\spring-petclinic-customers-service\src\main\java\org\springframework\samples\petclinic\customers\web\OwnerResource.java,org.springframework.samples.petclinic.customers.web.OwnerResource,findOwner/1[int],ownerRepository,1
E:\Supriya's_MicroserviceProjects\spring-petclinic-microservices\spring-petclinic-customers-service\src\main\java\org\springframework\samples\petclinic\customers\web\OwnerResource.java,org.springframework.samples.petclinic.customers.web.OwnerResource,"updateOwner/2[int,org.springframework.samples.petclinic.customers.web.OwnerRequest]",ownerRepository,2
E:\Supriya's_MicroserviceProjects\spring-petclinic-microservices\spring-petclinic-customers-service\src\main\java\org\springframework\samples\petclinic\customers\web\OwnerResource.java,org.springframework.samples.petclinic.customers.web.OwnerResource,"updateOwner/2[int,org.springframework.samples.petclinic.customers.web.OwnerRequest]",ownerEntityMapper,1
E:\Supriya's_MicroserviceProjects\spring-petclinic-microservices\spring-petclinic-customers-service\src\main\java\org\springframework\samples\petclinic\customers\web\OwnerResource.java,org.springframework.samples.petclinic.customers.web.OwnerResource,findAll/0,ownerRepository,1
E:\Supriya's_MicroserviceProjects\spring-petclinic-microservices\spring-petclinic-customers-service\src\main\java\org\springframework\samples\petclinic\customers\model\Owner.java,org.springframework.samples.petclinic.customers.model.Owner,toString/0,address,1
E:\Supriya's_MicroserviceProjects\spring-petclinic-microservices\spring-petclinic-customers-service\src\main\java\org\springframework\samples\petclinic\customers\model\Owner.java,org.springframework.samples.petclinic.customers.model.Owner,toString/0,city,1
E:\Supriya's_MicroserviceProjects\spring-petclinic-microservices\spring-petclinic-customers-service\src\main\java\org\springframework\samples\petclinic\customers\model\Owner.java,org.springframework.samples.petclinic.customers.model.Owner,toString/0,telephone,1
E:\Supriya's_MicroserviceProjects\spring-petclinic-microservices\spring-petclinic-customers-service\src\main\java\org\springframework\samples\petclinic\customers\model\Owner.java,org.springframework.samples.petclinic.customers.model.Owner,getPetsInternal/0,pets,3
E:\Supriya's_MicroserviceProjects\spring-petclinic-microservices\spring-petclinic-visits-service\src\main\java\org\springframework\samples\petclinic\visits\web\VisitResource.java,org.springframework.samples.petclinic.visits.web.VisitResource,read/1[int],visitRepository,1
E:\Supriya's_MicroserviceProjects\spring-petclinic-microservices\spring-petclinic-visits-service\src\main\java\org\springframework\samples\petclinic\visits\web\VisitResource.java,org.springframework.samples.petclinic.visits.web.VisitResource,read/1[java.util.List<java.lang.Integer>],visitRepository,1
E:\Supriya's_MicroserviceProjects\spring-petclinic-microservices\spring-petclinic-visits-service\src\main\java\org\springframework\samples\petclinic\visits\web\VisitResource.java,org.springframework.samples.petclinic.visits.web.VisitResource,"create/2[org.springframework.samples.petclinic.visits.model.Visit,int]",visitRepository,1
E:\Supriya's_MicroserviceProjects\spring-petclinic-microservices\spring-petclinic-api-gateway\src\main\java\org\springframework\samples\petclinic\api\ApiGatewayApplication.java,org.springframework.samples.petclinic.api.ApiGatewayApplication,routerFunction/0,indexHtml,1
E:\Supriya's_MicroserviceProjects\spring-petclinic-microservices\spring-petclinic-vets-service\src\test\java\org\springframework\samples\petclinic\vets\web\VetResourceTest.java,org.springframework.samples.petclinic.vets.web.VetResourceTest,shouldGetAListOfVets/0,vetRepository,1
E:\Supriya's_MicroserviceProjects\spring-petclinic-microservices\spring-petclinic-vets-service\src\test\java\org\springframework\samples\petclinic\vets\web\VetResourceTest.java,org.springframework.samples.petclinic.vets.web.VetResourceTest,shouldGetAListOfVets/0,mvc,1
