file,class,type,cbo,cboModified,fanin,fanout,wmc,dit,noc,rfc,lcom,lcom*,tcc,lcc,totalMethodsQty,staticMethodsQty,publicMethodsQty,privateMethodsQty,protectedMethodsQty,defaultMethodsQty,visibleMethodsQty,abstractMethodsQty,finalMethodsQty,synchronizedMethodsQty,totalFieldsQty,staticFieldsQty,publicFieldsQty,privateFieldsQty,protectedFieldsQty,defaultFieldsQty,finalFieldsQty,synchronizedFieldsQty,nosi,loc,returnQty,loopQty,comparisonsQty,tryCatchQty,parenthesizedExpsQty,stringLiteralsQty,numbersQty,assignmentsQty,mathOperationsQty,variablesQty,maxNestedBlocksQty,anonymousClassesQty,innerClassesQty,lambdasQty,uniqueWordsQty,modifiers,logStatementsQty
E:\Supriya's_MicroserviceProjects\spring-petclinic-microservices\spring-petclinic-vets-service\src\main\java\org\springframework\samples\petclinic\vets\VetsServiceApplication.java,org.springframework.samples.petclinic.vets.VetsServiceApplication,class,5,6,1,5,1,1,0,1,0,0.0,NaN,NaN,1,1,1,0,0,0,1,0,0,0,0,0,0,0,0,0,0,0,0,5,0,0,0,0,0,0,0,0,0,0,0,0,0,0,7,1,0
E:\Supriya's_MicroserviceProjects\spring-petclinic-microservices\spring-petclinic-visits-service\src\main\java\org\springframework\samples\petclinic\visits\model\Visit.java,org.springframework.samples.petclinic.visits.model.Visit,class,13,16,3,13,0,1,0,0,0,NaN,-1.0,-1.0,0,0,0,0,0,0,0,0,0,0,4,0,0,4,0,0,0,0,0,6,0,0,0,0,0,6,1,1,0,4,0,0,0,0,29,1,0
E:\Supriya's_MicroserviceProjects\spring-petclinic-microservices\spring-petclinic-customers-service\src\main\java\org\springframework\samples\petclinic\customers\model\PetType.java,org.springframework.samples.petclinic.customers.model.PetType,class,7,11,4,7,0,1,0,0,0,NaN,-1.0,-1.0,0,0,0,0,0,0,0,0,0,0,2,0,0,2,0,0,0,0,0,4,0,0,0,0,0,2,0,0,0,2,0,0,0,0,12,1,0
E:\Supriya's_MicroserviceProjects\spring-petclinic-microservices\spring-petclinic-config-server\src\main\java\org\springframework\samples\petclinic\config\ConfigServerApplication.java,org.springframework.samples.petclinic.config.ConfigServerApplication,class,3,4,1,3,1,1,0,1,0,0.0,NaN,NaN,1,1,1,0,0,0,1,0,0,0,0,0,0,0,0,0,0,0,0,5,0,0,0,0,0,0,0,0,0,0,0,0,0,0,7,1,0
E:\Supriya's_MicroserviceProjects\spring-petclinic-microservices\spring-petclinic-vets-service\src\main\java\org\springframework\samples\petclinic\vets\web\VetResource.java,org.springframework.samples.petclinic.vets.web.VetResource,class,7,8,1,7,1,1,0,1,0,0.0,NaN,NaN,1,0,1,0,0,0,1,0,0,0,1,0,0,1,0,0,1,0,0,6,1,0,0,0,0,2,0,0,0,1,0,0,0,0,17,0,0
E:\Supriya's_MicroserviceProjects\spring-petclinic-microservices\spring-petclinic-api-gateway\src\test\java\org\springframework\samples\petclinic\api\application\VisitsServiceClientIntegrationTest.java,org.springframework.samples.petclinic.api.application.VisitsServiceClientIntegrationTest,class,9,10,1,9,5,1,0,21,2,0.6,0.6666667,1.0,5,0,0,2,0,3,3,0,0,0,3,1,0,3,0,0,1,0,1,29,0,0,0,0,0,5,6,5,0,6,0,0,0,1,38,0,0
E:\Supriya's_MicroserviceProjects\spring-petclinic-microservices\spring-petclinic-vets-service\src\main\java\org\springframework\samples\petclinic\vets\system\CacheConfig.java,org.springframework.samples.petclinic.vets.system.CacheConfig,class,3,3,0,3,0,1,0,0,0,0.0,-1.0,-1.0,0,0,0,0,0,0,0,0,0,0,0,0,0,0,0,0,0,0,0,2,0,0,0,0,0,1,0,0,0,0,0,0,0,0,9,0,0
E:\Supriya's_MicroserviceProjects\spring-petclinic-microservices\spring-petclinic-customers-service\src\main\java\org\springframework\samples\petclinic\customers\web\ResourceNotFoundException.java,org.springframework.samples.petclinic.customers.web.ResourceNotFoundException,class,1,1,0,1,1,4,0,0,0,0.0,NaN,NaN,1,0,1,0,0,0,1,0,0,0,0,0,0,0,0,0,0,0,0,5,0,0,0,0,0,0,0,0,0,0,0,0,0,0,7,1,0
E:\Supriya's_MicroserviceProjects\spring-petclinic-microservices\spring-petclinic-api-gateway\src\main\java\org\springframework\samples\petclinic\api\application\VisitsServiceClient.java,org.springframework.samples.petclinic.api.application.VisitsServiceClient,class,6,10,4,6,3,1,0,10,1,0.5,1.0,1.0,3,0,1,1,0,1,2,0,0,0,2,0,0,2,0,0,1,0,1,13,2,0,0,0,0,3,0,2,1,2,0,0,0,0,20,1,0
E:\Supriya's_MicroserviceProjects\spring-petclinic-microservices\spring-petclinic-customers-service\src\main\java\org\springframework\samples\petclinic\customers\model\OwnerRepository.java,org.springframework.samples.petclinic.customers.model.OwnerRepository,interface,1,4,3,1,0,1,0,0,0,0.0,-1.0,-1.0,0,0,0,0,0,0,0,0,0,0,0,0,0,0,0,0,0,0,0,2,0,0,0,0,0,0,0,0,0,0,0,0,0,0,39,1,0
E:\Supriya's_MicroserviceProjects\spring-petclinic-microservices\spring-petclinic-api-gateway\src\main\java\org\springframework\samples\petclinic\api\dto\PetDetails.java,org.springframework.samples.petclinic.api.dto.PetDetails,class,3,5,2,3,0,1,0,0,0,NaN,-1.0,-1.0,0,0,0,0,0,0,0,0,0,0,5,0,0,5,0,0,1,0,0,7,0,0,0,0,0,0,0,1,0,5,0,0,0,0,11,1,0
E:\Supriya's_MicroserviceProjects\spring-petclinic-microservices\spring-petclinic-vets-service\src\main\java\org\springframework\samples\petclinic\vets\system\VetsProperties.java,org.springframework.samples.petclinic.vets.system.VetsProperties,class,3,4,1,3,0,1,0,0,0,NaN,-1.0,-1.0,0,0,0,0,0,0,0,0,0,0,1,0,0,1,0,0,0,0,0,7,0,0,0,0,0,1,0,0,0,1,0,0,1,0,9,1,0
E:\Supriya's_MicroserviceProjects\spring-petclinic-microservices\spring-petclinic-api-gateway\src\test\java\org\springframework\samples\petclinic\api\boundary\web\ApiGatewayControllerTest.java,org.springframework.samples.petclinic.api.boundary.web.ApiGatewayControllerTest,class,17,17,0,17,2,1,0,24,0,0.0,1.0,1.0,2,0,0,0,0,2,2,0,0,0,3,0,0,3,0,0,0,0,2,31,0,0,0,0,0,13,5,6,0,9,0,0,0,0,32,0,1
E:\Supriya's_MicroserviceProjects\spring-petclinic-microservices\spring-petclinic-vets-service\src\main\java\org\springframework\samples\petclinic\vets\model\Specialty.java,org.springframework.samples.petclinic.vets.model.Specialty,class,7,8,1,7,0,1,0,0,0,NaN,-1.0,-1.0,0,0,0,0,0,0,0,0,0,0,2,0,0,2,0,0,0,0,0,4,0,0,0,0,0,2,0,0,0,2,0,0,0,0,14,1,0
E:\Supriya's_MicroserviceProjects\spring-petclinic-microservices\spring-petclinic-customers-service\src\main\java\org\springframework\samples\petclinic\customers\web\mapper\Mapper.java,org.springframework.samples.petclinic.customers.web.mapper.Mapper,interface,2,3,1,2,1,1,0,0,0,0.0,NaN,NaN,1,0,0,0,0,1,1,0,0,0,0,0,0,0,0,0,0,0,0,3,0,0,0,0,0,0,0,0,0,0,0,0,0,0,4,1,0
E:\Supriya's_MicroserviceProjects\spring-petclinic-microservices\spring-petclinic-customers-service\src\main\java\org\springframework\samples\petclinic\customers\web\mapper\OwnerEntityMapper.java,org.springframework.samples.petclinic.customers.web.mapper.OwnerEntityMapper,class,4,5,1,4,1,1,0,10,0,0.0,NaN,NaN,1,0,1,0,0,0,1,0,0,0,0,0,0,0,0,0,0,0,0,10,1,0,0,0,0,0,0,0,0,0,0,0,0,0,7,1,0
E:\Supriya's_MicroserviceProjects\spring-petclinic-microservices\spring-petclinic-vets-service\src\main\java\org\springframework\samples\petclinic\vets\system\VetsProperties.java,org.springframework.samples.petclinic.vets.system.VetsProperties$Cache,innerclass,1,1,0,1,0,1,0,0,0,NaN,-1.0,-1.0,0,0,0,0,0,0,0,0,0,0,2,0,0,2,0,0,0,0,0,4,0,0,0,0,0,0,0,0,0,2,0,0,0,0,4,9,0
E:\Supriya's_MicroserviceProjects\spring-petclinic-microservices\spring-petclinic-vets-service\src\main\java\org\springframework\samples\petclinic\vets\model\VetRepository.java,org.springframework.samples.petclinic.vets.model.VetRepository,interface,1,3,2,1,0,1,0,0,0,0.0,-1.0,-1.0,0,0,0,0,0,0,0,0,0,0,0,0,0,0,0,0,0,0,0,2,0,0,0,0,0,0,0,0,0,0,0,0,0,0,39,1,0
E:\Supriya's_MicroserviceProjects\spring-petclinic-microservices\spring-petclinic-api-gateway\src\main\java\org\springframework\samples\petclinic\api\boundary\web\ApiGatewayController.java,org.springframework.samples.petclinic.api.boundary.web.ApiGatewayController,class,12,13,1,12,4,1,0,22,3,0.6666667,NaN,NaN,3,0,1,2,0,0,1,0,0,0,3,0,0,3,0,0,3,0,0,22,5,0,1,0,0,3,0,1,0,10,1,0,0,6,31,1,0
E:\Supriya's_MicroserviceProjects\spring-petclinic-microservices\spring-petclinic-api-gateway\src\main\java\org\springframework\samples\petclinic\api\application\CustomersServiceClient.java,org.springframework.samples.petclinic.api.application.CustomersServiceClient,class,5,7,2,5,1,1,0,5,0,0.0,NaN,NaN,1,0,1,0,0,0,1,0,0,0,1,0,0,1,0,0,1,0,0,6,1,0,0,0,0,1,0,0,0,1,0,0,0,0,14,1,0
E:\Supriya's_MicroserviceProjects\spring-petclinic-microservices\spring-petclinic-config-server\src\test\java\org\springframework\samples\petclinic\config\PetclinicConfigServerApplicationTests.java,org.springframework.samples.petclinic.config.PetclinicConfigServerApplicationTests,class,2,2,0,2,1,1,0,0,0,0.0,NaN,NaN,1,0,0,0,0,1,1,0,0,0,0,0,0,0,0,0,0,0,0,4,0,0,0,0,0,0,0,0,0,0,0,0,0,0,7,0,0
E:\Supriya's_MicroserviceProjects\spring-petclinic-microservices\spring-petclinic-visits-service\src\main\java\org\springframework\samples\petclinic\visits\VisitsServiceApplication.java,org.springframework.samples.petclinic.visits.VisitsServiceApplication,class,3,4,1,3,1,1,0,1,0,0.0,NaN,NaN,1,1,1,0,0,0,1,0,0,0,0,0,0,0,0,0,0,0,0,5,0,0,0,0,0,0,0,0,0,0,0,0,0,0,7,1,0
E:\Supriya's_MicroserviceProjects\spring-petclinic-microservices\spring-petclinic-customers-service\src\main\java\org\springframework\samples\petclinic\customers\CustomersServiceApplication.java,org.springframework.samples.petclinic.customers.CustomersServiceApplication,class,3,4,1,3,1,1,0,1,0,0.0,NaN,NaN,1,1,1,0,0,0,1,0,0,0,0,0,0,0,0,0,0,0,0,5,0,0,0,0,0,0,0,0,0,0,0,0,0,0,7,1,0
E:\Supriya's_MicroserviceProjects\spring-petclinic-microservices\spring-petclinic-customers-service\src\main\java\org\springframework\samples\petclinic\customers\web\PetResource.java,org.springframework.samples.petclinic.customers.web.PetResource,class,20,22,2,20,6,1,0,16,9,0.6666666,0.0,0.0,6,0,4,2,0,0,4,0,0,0,2,0,0,2,0,0,2,0,0,32,5,0,0,0,0,12,1,5,2,7,0,0,0,2,34,0,1
E:\Supriya's_MicroserviceProjects\spring-petclinic-microservices\spring-petclinic-customers-service\src\test\java\org\springframework\samples\petclinic\customers\web\PetResourceTest.java,org.springframework.samples.petclinic.customers.web.PetResourceTest,class,15,16,1,15,2,1,0,21,1,0.6666667,NaN,NaN,2,0,0,1,0,1,1,0,0,0,3,0,0,0,0,3,0,0,1,23,1,0,0,0,0,10,5,4,0,7,0,0,0,0,30,0,0
E:\Supriya's_MicroserviceProjects\spring-petclinic-microservices\spring-petclinic-api-gateway\src\test\java\org\springframework\samples\petclinic\api\boundary\web\CircuitBreakerConfiguration.java,org.springframework.samples.petclinic.api.boundary.web.CircuitBreakerConfiguration,class,6,7,1,6,3,1,0,1,3,0.0,0.0,0.0,3,0,3,0,0,0,3,0,0,0,0,0,0,0,0,0,0,0,0,11,3,0,0,0,0,0,0,0,0,0,0,0,0,0,12,1,0
E:\Supriya's_MicroserviceProjects\spring-petclinic-microservices\spring-petclinic-customers-service\src\main\java\org\springframework\samples\petclinic\customers\config\MetricConfig.java,org.springframework.samples.petclinic.customers.config.MetricConfig,class,5,5,0,5,2,1,0,2,1,0.0,0.0,0.0,2,0,0,0,0,2,2,0,0,0,0,0,0,0,0,0,0,0,0,8,2,0,0,0,0,2,0,0,0,1,0,0,0,1,11,1,0
E:\Supriya's_MicroserviceProjects\spring-petclinic-microservices\spring-petclinic-api-gateway\src\main\java\org\springframework\samples\petclinic\api\dto\VisitDetails.java,org.springframework.samples.petclinic.api.dto.VisitDetails,class,2,5,3,2,0,1,0,0,0,NaN,-1.0,-1.0,0,0,0,0,0,0,0,0,0,0,4,0,0,4,0,0,0,0,0,6,0,0,0,0,0,0,0,4,0,4,0,0,0,0,11,1,0
E:\Supriya's_MicroserviceProjects\spring-petclinic-microservices\spring-petclinic-api-gateway\src\main\java\org\springframework\samples\petclinic\api\dto\OwnerDetails.java,org.springframework.samples.petclinic.api.dto.OwnerDetails,class,3,6,3,3,1,1,0,4,0,0.85714287,NaN,NaN,1,0,1,0,0,0,1,0,0,0,7,0,0,7,0,0,1,0,1,12,1,0,0,0,0,0,0,1,0,7,0,0,0,0,17,1,0
E:\Supriya's_MicroserviceProjects\spring-petclinic-microservices\spring-petclinic-api-gateway\src\main\java\org\springframework\samples\petclinic\api\dto\Visits.java,org.springframework.samples.petclinic.api.dto.Visits,class,2,6,4,2,0,1,0,0,0,NaN,-1.0,-1.0,0,0,0,0,0,0,0,0,0,0,1,0,0,1,0,0,0,0,0,3,0,0,0,0,0,0,0,1,0,1,0,0,0,0,4,1,0
E:\Supriya's_MicroserviceProjects\spring-petclinic-microservices\spring-petclinic-vets-service\src\main\java\org\springframework\samples\petclinic\vets\model\Vet.java,org.springframework.samples.petclinic.vets.model.Vet,class,15,18,3,15,5,1,0,5,6,0.9375,0.0,0.0,4,0,3,0,1,0,4,0,0,0,4,0,0,4,0,0,0,0,1,23,3,0,1,0,0,7,0,2,0,5,1,0,0,0,43,1,0
E:\Supriya's_MicroserviceProjects\spring-petclinic-microservices\spring-petclinic-visits-service\src\test\java\org\springframework\samples\petclinic\visits\web\VisitResourceTest.java,org.springframework.samples.petclinic.visits.web.VisitResourceTest,class,10,10,0,10,1,1,0,16,0,0.0,NaN,NaN,1,0,0,0,0,1,1,0,0,0,2,0,0,0,0,2,0,0,2,8,0,0,0,0,0,8,14,0,0,2,0,0,0,0,20,0,0
E:\Supriya's_MicroserviceProjects\spring-petclinic-microservices\spring-petclinic-customers-service\src\main\java\org\springframework\samples\petclinic\customers\web\OwnerResource.java,org.springframework.samples.petclinic.customers.web.OwnerResource,class,18,18,0,18,4,1,0,6,0,0.25,1.0,1.0,4,0,4,0,0,0,4,0,0,0,2,0,0,2,0,0,2,0,0,20,3,0,0,0,0,9,2,2,1,4,0,0,0,1,35,0,1
E:\Supriya's_MicroserviceProjects\spring-petclinic-microservices\spring-petclinic-visits-service\src\main\java\org\springframework\samples\petclinic\visits\web\VisitResource.java,org.springframework.samples.petclinic.visits.web.VisitResource$Visits,innerclass,2,2,0,2,0,1,0,0,0,NaN,-1.0,-1.0,0,0,0,0,0,0,0,0,0,0,1,0,0,0,0,1,0,0,0,3,0,0,0,0,0,0,0,0,0,1,0,0,0,0,2,8,0
E:\Supriya's_MicroserviceProjects\spring-petclinic-microservices\spring-petclinic-customers-service\src\main\java\org\springframework\samples\petclinic\customers\model\Owner.java,org.springframework.samples.petclinic.customers.model.Owner,class,14,20,6,14,5,1,0,10,6,0.85714287,0.0,0.0,4,0,3,0,1,0,4,0,0,0,7,0,0,7,0,0,0,0,1,27,3,0,1,0,0,14,2,2,0,8,1,0,0,0,48,1,0
E:\Supriya's_MicroserviceProjects\spring-petclinic-microservices\spring-petclinic-discovery-server\src\main\java\org\springframework\samples\petclinic\discovery\DiscoveryServerApplication.java,org.springframework.samples.petclinic.discovery.DiscoveryServerApplication,class,3,4,1,3,1,1,0,1,0,0.0,NaN,NaN,1,1,1,0,0,0,1,0,0,0,0,0,0,0,0,0,0,0,0,5,0,0,0,0,0,0,0,0,0,0,0,0,0,0,7,1,0
E:\Supriya's_MicroserviceProjects\spring-petclinic-microservices\spring-petclinic-discovery-server\src\test\java\org\springframework\samples\petclinic\discovery\DiscoveryServerApplicationTests.java,org.springframework.samples.petclinic.discovery.DiscoveryServerApplicationTests,class,2,2,0,2,1,1,0,0,0,0.0,NaN,NaN,1,0,0,0,0,1,1,0,0,0,0,0,0,0,0,0,0,0,0,4,0,0,0,0,0,0,0,0,0,0,0,0,0,0,6,0,0
E:\Supriya's_MicroserviceProjects\spring-petclinic-microservices\spring-petclinic-admin-server\src\main\java\org\springframework\samples\petclinic\admin\SpringBootAdminApplication.java,org.springframework.samples.petclinic.admin.SpringBootAdminApplication,class,4,5,1,4,1,1,0,1,0,0.0,NaN,NaN,1,1,1,0,0,0,1,0,0,0,0,0,0,0,0,0,0,0,0,5,0,0,0,0,0,0,0,0,0,0,0,0,0,0,6,1,0
E:\Supriya's_MicroserviceProjects\spring-petclinic-microservices\spring-petclinic-api-gateway\src\main\java\org\springframework\samples\petclinic\api\dto\PetType.java,org.springframework.samples.petclinic.api.dto.PetType,class,1,2,1,1,0,1,0,0,0,NaN,-1.0,-1.0,0,0,0,0,0,0,0,0,0,0,1,0,0,1,0,0,0,0,0,3,0,0,0,0,0,0,0,0,0,1,0,0,0,0,5,1,0
E:\Supriya's_MicroserviceProjects\spring-petclinic-microservices\spring-petclinic-customers-service\src\main\java\org\springframework\samples\petclinic\customers\model\PetRepository.java,org.springframework.samples.petclinic.customers.model.PetRepository,interface,4,6,2,4,2,1,0,0,1,0.0,0.0,0.0,2,0,0,0,0,2,2,0,0,0,0,0,0,0,0,0,0,0,0,4,0,0,0,0,0,3,0,0,0,0,0,0,0,0,64,1,0
E:\Supriya's_MicroserviceProjects\spring-petclinic-microservices\spring-petclinic-api-gateway\src\test\java\org\springframework\samples\petclinic\api\ApiGatewayApplicationTests.java,org.springframework.samples.petclinic.api.ApiGatewayApplicationTests,class,3,3,0,3,1,1,0,0,0,0.0,NaN,NaN,1,0,0,0,0,1,1,0,0,0,0,0,0,0,0,0,0,0,0,4,0,0,0,0,0,1,0,0,0,0,0,0,0,0,6,0,0
E:\Supriya's_MicroserviceProjects\spring-petclinic-microservices\spring-petclinic-visits-service\src\main\java\org\springframework\samples\petclinic\visits\model\VisitRepository.java,org.springframework.samples.petclinic.visits.model.VisitRepository,interface,2,4,2,2,2,1,0,0,1,0.0,0.0,0.0,2,0,0,0,0,2,2,0,0,0,0,0,0,0,0,0,0,0,0,4,0,0,0,0,0,0,0,0,0,0,0,0,0,0,46,1,0
E:\Supriya's_MicroserviceProjects\spring-petclinic-microservices\spring-petclinic-visits-service\src\main\java\org\springframework\samples\petclinic\visits\web\VisitResource.java,org.springframework.samples.petclinic.visits.web.VisitResource,class,15,16,1,15,3,1,0,5,0,0.0,1.0,1.0,3,0,3,0,0,0,3,0,0,0,1,0,0,1,0,0,1,0,0,18,3,0,0,0,0,8,2,1,0,2,0,0,1,0,26,0,1
E:\Supriya's_MicroserviceProjects\spring-petclinic-microservices\spring-petclinic-visits-service\src\main\java\org\springframework\samples\petclinic\visits\config\MetricConfig.java,org.springframework.samples.petclinic.visits.config.MetricConfig,class,5,5,0,5,2,1,0,2,1,0.0,0.0,0.0,2,0,0,0,0,2,2,0,0,0,0,0,0,0,0,0,0,0,0,8,2,0,0,0,0,2,0,0,0,1,0,0,0,1,11,1,0
E:\Supriya's_MicroserviceProjects\spring-petclinic-microservices\spring-petclinic-api-gateway\src\main\java\org\springframework\samples\petclinic\api\ApiGatewayApplication.java,org.springframework.samples.petclinic.api.ApiGatewayApplication,class,14,15,1,14,5,1,0,16,8,0.6,0.0,0.0,5,1,3,0,0,2,5,0,0,0,1,0,0,1,0,0,0,0,0,19,4,0,0,0,0,4,1,1,0,5,0,0,0,3,44,1,0
E:\Supriya's_MicroserviceProjects\spring-petclinic-microservices\spring-petclinic-customers-service\src\main\java\org\springframework\samples\petclinic\customers\model\Pet.java,org.springframework.samples.petclinic.customers.model.Pet,class,13,16,3,13,1,1,0,9,0,1.0,NaN,NaN,1,0,1,0,0,0,1,0,0,0,5,0,0,5,0,0,0,0,0,10,1,0,0,0,0,11,0,0,0,5,0,0,0,0,30,1,0
E:\Supriya's_MicroserviceProjects\spring-petclinic-microservices\spring-petclinic-vets-service\src\test\java\org\springframework\samples\petclinic\vets\web\VetResourceTest.java,org.springframework.samples.petclinic.vets.web.VetResourceTest,class,11,11,0,11,1,1,0,13,0,0.0,NaN,NaN,1,0,0,0,0,1,1,0,0,0,2,0,0,0,0,2,0,0,1,10,0,0,0,0,0,3,2,1,0,3,0,0,0,0,23,0,0
