file,class,method,variable,usage
E:\Supriya's_MicroserviceProjects\spring-petclinic\src\main\java\org\springframework\samples\petclinic\owner\Pet.java,org.springframework.samples.petclinic.owner.Pet,setType/1[org.springframework.samples.petclinic.owner.PetType],type,2
E:\Supriya's_MicroserviceProjects\spring-petclinic\src\main\java\org\springframework\samples\petclinic\owner\Pet.java,org.springframework.samples.petclinic.owner.Pet,addVisit/1[org.springframework.samples.petclinic.owner.Visit],visit,1
E:\Supriya's_MicroserviceProjects\spring-petclinic\src\main\java\org\springframework\samples\petclinic\owner\Pet.java,org.springframework.samples.petclinic.owner.Pet,setBirthDate/1[java.time.LocalDate],birthDate,2
E:\Supriya's_MicroserviceProjects\spring-petclinic\src\test\java\org\springframework\samples\petclinic\PetClinicIntegrationTests.java,org.springframework.samples.petclinic.PetClinicIntegrationTests,testOwnerDetails/0,template,1
E:\Supriya's_MicroserviceProjects\spring-petclinic\src\test\java\org\springframework\samples\petclinic\PetClinicIntegrationTests.java,org.springframework.samples.petclinic.PetClinicIntegrationTests,testOwnerDetails/0,result,1
E:\Supriya's_MicroserviceProjects\spring-petclinic\src\test\java\org\springframework\samples\petclinic\PetClinicIntegrationTests.java,org.springframework.samples.petclinic.PetClinicIntegrationTests,main/1[java.lang.String[]],args,1
E:\Supriya's_MicroserviceProjects\spring-petclinic\src\test\java\org\springframework\samples\petclinic\model\ValidatorTests.java,org.springframework.samples.petclinic.model.ValidatorTests,shouldNotValidateWhenFirstNameEmpty/0,constraintViolations,2
E:\Supriya's_MicroserviceProjects\spring-petclinic\src\test\java\org\springframework\samples\petclinic\model\ValidatorTests.java,org.springframework.samples.petclinic.model.ValidatorTests,shouldNotValidateWhenFirstNameEmpty/0,person,3
E:\Supriya's_MicroserviceProjects\spring-petclinic\src\test\java\org\springframework\samples\petclinic\model\ValidatorTests.java,org.springframework.samples.petclinic.model.ValidatorTests,shouldNotValidateWhenFirstNameEmpty/0,violation,2
E:\Supriya's_MicroserviceProjects\spring-petclinic\src\test\java\org\springframework\samples\petclinic\model\ValidatorTests.java,org.springframework.samples.petclinic.model.ValidatorTests,shouldNotValidateWhenFirstNameEmpty/0,validator,1
E:\Supriya's_MicroserviceProjects\spring-petclinic\src\test\java\org\springframework\samples\petclinic\model\ValidatorTests.java,org.springframework.samples.petclinic.model.ValidatorTests,createValidator/0,localValidatorFactoryBean,2
E:\Supriya's_MicroserviceProjects\spring-petclinic\src\test\java\org\springframework\samples\petclinic\vet\VetControllerTests.java,org.springframework.samples.petclinic.vet.VetControllerTests,testShowResourcesVetList/0,actions,1
E:\Supriya's_MicroserviceProjects\spring-petclinic\src\test\java\org\springframework\samples\petclinic\vet\VetControllerTests.java,org.springframework.samples.petclinic.vet.VetControllerTests,helen/0,helen,5
E:\Supriya's_MicroserviceProjects\spring-petclinic\src\test\java\org\springframework\samples\petclinic\vet\VetControllerTests.java,org.springframework.samples.petclinic.vet.VetControllerTests,helen/0,radiology,3
E:\Supriya's_MicroserviceProjects\spring-petclinic\src\test\java\org\springframework\samples\petclinic\vet\VetControllerTests.java,org.springframework.samples.petclinic.vet.VetControllerTests,james/0,james,4
E:\Supriya's_MicroserviceProjects\spring-petclinic\src\main\java\org\springframework\samples\petclinic\owner\Visit.java,org.springframework.samples.petclinic.owner.Visit,setDate/1[java.time.LocalDate],date,2
E:\Supriya's_MicroserviceProjects\spring-petclinic\src\main\java\org\springframework\samples\petclinic\owner\Visit.java,org.springframework.samples.petclinic.owner.Visit,setDescription/1[java.lang.String],description,2
E:\Supriya's_MicroserviceProjects\spring-petclinic\src\main\java\org\springframework\samples\petclinic\owner\PetTypeFormatter.java,org.springframework.samples.petclinic.owner.PetTypeFormatter,PetTypeFormatter/1[org.springframework.samples.petclinic.owner.OwnerRepository],owners,2
E:\Supriya's_MicroserviceProjects\spring-petclinic\src\main\java\org\springframework\samples\petclinic\owner\PetTypeFormatter.java,org.springframework.samples.petclinic.owner.PetTypeFormatter,"print/2[org.springframework.samples.petclinic.owner.PetType,java.util.Locale]",petType,1
E:\Supriya's_MicroserviceProjects\spring-petclinic\src\main\java\org\springframework\samples\petclinic\owner\PetTypeFormatter.java,org.springframework.samples.petclinic.owner.PetTypeFormatter,"print/2[org.springframework.samples.petclinic.owner.PetType,java.util.Locale]",locale,0
E:\Supriya's_MicroserviceProjects\spring-petclinic\src\main\java\org\springframework\samples\petclinic\owner\PetTypeFormatter.java,org.springframework.samples.petclinic.owner.PetTypeFormatter,"parse/2[java.lang.String,java.util.Locale]",text,2
E:\Supriya's_MicroserviceProjects\spring-petclinic\src\main\java\org\springframework\samples\petclinic\owner\PetTypeFormatter.java,org.springframework.samples.petclinic.owner.PetTypeFormatter,"parse/2[java.lang.String,java.util.Locale]",locale,0
E:\Supriya's_MicroserviceProjects\spring-petclinic\src\main\java\org\springframework\samples\petclinic\owner\PetTypeFormatter.java,org.springframework.samples.petclinic.owner.PetTypeFormatter,"parse/2[java.lang.String,java.util.Locale]",type,2
E:\Supriya's_MicroserviceProjects\spring-petclinic\src\main\java\org\springframework\samples\petclinic\owner\PetTypeFormatter.java,org.springframework.samples.petclinic.owner.PetTypeFormatter,"parse/2[java.lang.String,java.util.Locale]",findPetTypes,2
E:\Supriya's_MicroserviceProjects\spring-petclinic\src\main\java\org\springframework\samples\petclinic\vet\VetController.java,org.springframework.samples.petclinic.vet.VetController,"showVetList/2[int,org.springframework.samples.petclinic.vet.Model]",paginated,2
E:\Supriya's_MicroserviceProjects\spring-petclinic\src\main\java\org\springframework\samples\petclinic\vet\VetController.java,org.springframework.samples.petclinic.vet.VetController,"showVetList/2[int,org.springframework.samples.petclinic.vet.Model]",vets,1
E:\Supriya's_MicroserviceProjects\spring-petclinic\src\main\java\org\springframework\samples\petclinic\vet\VetController.java,org.springframework.samples.petclinic.vet.VetController,"showVetList/2[int,org.springframework.samples.petclinic.vet.Model]",model,1
E:\Supriya's_MicroserviceProjects\spring-petclinic\src\main\java\org\springframework\samples\petclinic\vet\VetController.java,org.springframework.samples.petclinic.vet.VetController,"showVetList/2[int,org.springframework.samples.petclinic.vet.Model]",page,2
E:\Supriya's_MicroserviceProjects\spring-petclinic\src\main\java\org\springframework\samples\petclinic\vet\VetController.java,org.springframework.samples.petclinic.vet.VetController,findPaginated/1[int],pageSize,1
E:\Supriya's_MicroserviceProjects\spring-petclinic\src\main\java\org\springframework\samples\petclinic\vet\VetController.java,org.springframework.samples.petclinic.vet.VetController,findPaginated/1[int],pageable,1
E:\Supriya's_MicroserviceProjects\spring-petclinic\src\main\java\org\springframework\samples\petclinic\vet\VetController.java,org.springframework.samples.petclinic.vet.VetController,findPaginated/1[int],page,1
E:\Supriya's_MicroserviceProjects\spring-petclinic\src\main\java\org\springframework\samples\petclinic\vet\VetController.java,org.springframework.samples.petclinic.vet.VetController,"addPaginationModel/3[int,org.springframework.samples.petclinic.vet.Page<org.springframework.samples.petclinic.vet.Vet>,org.springframework.samples.petclinic.vet.Model]",paginated,3
E:\Supriya's_MicroserviceProjects\spring-petclinic\src\main\java\org\springframework\samples\petclinic\vet\VetController.java,org.springframework.samples.petclinic.vet.VetController,"addPaginationModel/3[int,org.springframework.samples.petclinic.vet.Page<org.springframework.samples.petclinic.vet.Vet>,org.springframework.samples.petclinic.vet.Model]",listVets,1
E:\Supriya's_MicroserviceProjects\spring-petclinic\src\main\java\org\springframework\samples\petclinic\vet\VetController.java,org.springframework.samples.petclinic.vet.VetController,"addPaginationModel/3[int,org.springframework.samples.petclinic.vet.Page<org.springframework.samples.petclinic.vet.Vet>,org.springframework.samples.petclinic.vet.Model]",model,4
E:\Supriya's_MicroserviceProjects\spring-petclinic\src\main\java\org\springframework\samples\petclinic\vet\VetController.java,org.springframework.samples.petclinic.vet.VetController,"addPaginationModel/3[int,org.springframework.samples.petclinic.vet.Page<org.springframework.samples.petclinic.vet.Vet>,org.springframework.samples.petclinic.vet.Model]",page,1
E:\Supriya's_MicroserviceProjects\spring-petclinic\src\main\java\org\springframework\samples\petclinic\vet\VetController.java,org.springframework.samples.petclinic.vet.VetController,showResourcesVetList/0,vets,2
E:\Supriya's_MicroserviceProjects\spring-petclinic\src\main\java\org\springframework\samples\petclinic\vet\VetController.java,org.springframework.samples.petclinic.vet.VetController,VetController/1[org.springframework.samples.petclinic.vet.VetRepository],clinicService,1
E:\Supriya's_MicroserviceProjects\spring-petclinic\src\test\java\org\springframework\samples\petclinic\system\CrashControllerTests.java,org.springframework.samples.petclinic.system.CrashControllerTests,testTriggerException/0,thrown,1
E:\Supriya's_MicroserviceProjects\spring-petclinic\src\test\java\org\springframework\samples\petclinic\service\EntityUtils.java,org.springframework.samples.petclinic.service.EntityUtils,"getById/3[java.util.Collection<T>,java.lang.Class<T>,int]",entityClass,2
E:\Supriya's_MicroserviceProjects\spring-petclinic\src\test\java\org\springframework\samples\petclinic\service\EntityUtils.java,org.springframework.samples.petclinic.service.EntityUtils,"getById/3[java.util.Collection<T>,java.lang.Class<T>,int]",entities,1
E:\Supriya's_MicroserviceProjects\spring-petclinic\src\test\java\org\springframework\samples\petclinic\service\EntityUtils.java,org.springframework.samples.petclinic.service.EntityUtils,"getById/3[java.util.Collection<T>,java.lang.Class<T>,int]",entityId,2
E:\Supriya's_MicroserviceProjects\spring-petclinic\src\test\java\org\springframework\samples\petclinic\service\EntityUtils.java,org.springframework.samples.petclinic.service.EntityUtils,"getById/3[java.util.Collection<T>,java.lang.Class<T>,int]",entity,3
E:\Supriya's_MicroserviceProjects\spring-petclinic\src\main\java\org\springframework\samples\petclinic\owner\PetValidator.java,org.springframework.samples.petclinic.owner.PetValidator,supports/1[java.lang.Class<?>],clazz,1
E:\Supriya's_MicroserviceProjects\spring-petclinic\src\main\java\org\springframework\samples\petclinic\owner\PetValidator.java,org.springframework.samples.petclinic.owner.PetValidator,"validate/2[java.lang.Object,org.springframework.samples.petclinic.owner.Errors]",obj,1
E:\Supriya's_MicroserviceProjects\spring-petclinic\src\main\java\org\springframework\samples\petclinic\owner\PetValidator.java,org.springframework.samples.petclinic.owner.PetValidator,"validate/2[java.lang.Object,org.springframework.samples.petclinic.owner.Errors]",name,1
E:\Supriya's_MicroserviceProjects\spring-petclinic\src\main\java\org\springframework\samples\petclinic\owner\PetValidator.java,org.springframework.samples.petclinic.owner.PetValidator,"validate/2[java.lang.Object,org.springframework.samples.petclinic.owner.Errors]",errors,3
E:\Supriya's_MicroserviceProjects\spring-petclinic\src\main\java\org\springframework\samples\petclinic\owner\PetValidator.java,org.springframework.samples.petclinic.owner.PetValidator,"validate/2[java.lang.Object,org.springframework.samples.petclinic.owner.Errors]",pet,4
E:\Supriya's_MicroserviceProjects\spring-petclinic\src\main\java\org\springframework\samples\petclinic\system\CacheConfiguration.java,org.springframework.samples.petclinic.system.CacheConfiguration,petclinicCacheConfigurationCustomizer/0,cm,1
E:\Supriya's_MicroserviceProjects\spring-petclinic\.mvn\wrapper\MavenWrapperDownloader.java,MavenWrapperDownloader,main/1[java.lang.String[]],args,1
E:\Supriya's_MicroserviceProjects\spring-petclinic\.mvn\wrapper\MavenWrapperDownloader.java,MavenWrapperDownloader,main/1[java.lang.String[]],outputFile,5
E:\Supriya's_MicroserviceProjects\spring-petclinic\.mvn\wrapper\MavenWrapperDownloader.java,MavenWrapperDownloader,main/1[java.lang.String[]],mavenWrapperPropertyFile,2
E:\Supriya's_MicroserviceProjects\spring-petclinic\.mvn\wrapper\MavenWrapperDownloader.java,MavenWrapperDownloader,main/1[java.lang.String[]],e,3
E:\Supriya's_MicroserviceProjects\spring-petclinic\.mvn\wrapper\MavenWrapperDownloader.java,MavenWrapperDownloader,main/1[java.lang.String[]],mavenWrapperPropertyFileInputStream,4
E:\Supriya's_MicroserviceProjects\spring-petclinic\.mvn\wrapper\MavenWrapperDownloader.java,MavenWrapperDownloader,main/1[java.lang.String[]],mavenWrapperProperties,2
E:\Supriya's_MicroserviceProjects\spring-petclinic\.mvn\wrapper\MavenWrapperDownloader.java,MavenWrapperDownloader,main/1[java.lang.String[]],baseDirectory,3
E:\Supriya's_MicroserviceProjects\spring-petclinic\.mvn\wrapper\MavenWrapperDownloader.java,MavenWrapperDownloader,main/1[java.lang.String[]],url,4
E:\Supriya's_MicroserviceProjects\spring-petclinic\.mvn\wrapper\MavenWrapperDownloader.java,MavenWrapperDownloader,"downloadFileFromURL/2[java.lang.String,java.io.File]",password,0
E:\Supriya's_MicroserviceProjects\spring-petclinic\.mvn\wrapper\MavenWrapperDownloader.java,MavenWrapperDownloader,"downloadFileFromURL/2[java.lang.String,java.io.File]",website,1
E:\Supriya's_MicroserviceProjects\spring-petclinic\.mvn\wrapper\MavenWrapperDownloader.java,MavenWrapperDownloader,"downloadFileFromURL/2[java.lang.String,java.io.File]",rbc,3
E:\Supriya's_MicroserviceProjects\spring-petclinic\.mvn\wrapper\MavenWrapperDownloader.java,MavenWrapperDownloader,"downloadFileFromURL/2[java.lang.String,java.io.File]",urlString,1
E:\Supriya's_MicroserviceProjects\spring-petclinic\.mvn\wrapper\MavenWrapperDownloader.java,MavenWrapperDownloader,"downloadFileFromURL/2[java.lang.String,java.io.File]",destination,1
E:\Supriya's_MicroserviceProjects\spring-petclinic\.mvn\wrapper\MavenWrapperDownloader.java,MavenWrapperDownloader,"downloadFileFromURL/2[java.lang.String,java.io.File]",fos,2
E:\Supriya's_MicroserviceProjects\spring-petclinic\.mvn\wrapper\MavenWrapperDownloader.java,MavenWrapperDownloader,"downloadFileFromURL/2[java.lang.String,java.io.File]",username,0
E:\Supriya's_MicroserviceProjects\spring-petclinic\src\test\java\org\springframework\samples\petclinic\owner\VisitControllerTests.java,org.springframework.samples.petclinic.owner.VisitControllerTests,init/0,owner,2
E:\Supriya's_MicroserviceProjects\spring-petclinic\src\test\java\org\springframework\samples\petclinic\owner\VisitControllerTests.java,org.springframework.samples.petclinic.owner.VisitControllerTests,init/0,pet,2
E:\Supriya's_MicroserviceProjects\spring-petclinic\src\test\java\org\springframework\samples\petclinic\owner\PetControllerTests.java,org.springframework.samples.petclinic.owner.PetControllerTests,setup/0,owner,2
E:\Supriya's_MicroserviceProjects\spring-petclinic\src\test\java\org\springframework\samples\petclinic\owner\PetControllerTests.java,org.springframework.samples.petclinic.owner.PetControllerTests,setup/0,cat,3
E:\Supriya's_MicroserviceProjects\spring-petclinic\src\test\java\org\springframework\samples\petclinic\owner\PetControllerTests.java,org.springframework.samples.petclinic.owner.PetControllerTests,setup/0,pet,2
E:\Supriya's_MicroserviceProjects\spring-petclinic\src\test\java\org\springframework\samples\petclinic\PostgresIntegrationTests.java,org.springframework.samples.petclinic.PostgresIntegrationTests,main/1[java.lang.String[]],args,1
E:\Supriya's_MicroserviceProjects\spring-petclinic\src\test\java\org\springframework\samples\petclinic\PostgresIntegrationTests.java,org.springframework.samples.petclinic.PostgresIntegrationTests,testOwnerDetails/0,template,1
E:\Supriya's_MicroserviceProjects\spring-petclinic\src\test\java\org\springframework\samples\petclinic\PostgresIntegrationTests.java,org.springframework.samples.petclinic.PostgresIntegrationTests,testOwnerDetails/0,result,1
E:\Supriya's_MicroserviceProjects\spring-petclinic\src\main\java\org\springframework\samples\petclinic\owner\VisitController.java,org.springframework.samples.petclinic.owner.VisitController,"processNewVisitForm/5[org.springframework.samples.petclinic.owner.Owner,int,org.springframework.samples.petclinic.owner.Visit,org.springframework.samples.petclinic.owner.BindingResult,org.springframework.samples.petclinic.owner.RedirectAttributes]",owner,2
E:\Supriya's_MicroserviceProjects\spring-petclinic\src\main\java\org\springframework\samples\petclinic\owner\VisitController.java,org.springframework.samples.petclinic.owner.VisitController,"processNewVisitForm/5[org.springframework.samples.petclinic.owner.Owner,int,org.springframework.samples.petclinic.owner.Visit,org.springframework.samples.petclinic.owner.BindingResult,org.springframework.samples.petclinic.owner.RedirectAttributes]",result,1
E:\Supriya's_MicroserviceProjects\spring-petclinic\src\main\java\org\springframework\samples\petclinic\owner\VisitController.java,org.springframework.samples.petclinic.owner.VisitController,"processNewVisitForm/5[org.springframework.samples.petclinic.owner.Owner,int,org.springframework.samples.petclinic.owner.Visit,org.springframework.samples.petclinic.owner.BindingResult,org.springframework.samples.petclinic.owner.RedirectAttributes]",petId,1
E:\Supriya's_MicroserviceProjects\spring-petclinic\src\main\java\org\springframework\samples\petclinic\owner\VisitController.java,org.springframework.samples.petclinic.owner.VisitController,"processNewVisitForm/5[org.springframework.samples.petclinic.owner.Owner,int,org.springframework.samples.petclinic.owner.Visit,org.springframework.samples.petclinic.owner.BindingResult,org.springframework.samples.petclinic.owner.RedirectAttributes]",visit,1
E:\Supriya's_MicroserviceProjects\spring-petclinic\src\main\java\org\springframework\samples\petclinic\owner\VisitController.java,org.springframework.samples.petclinic.owner.VisitController,"processNewVisitForm/5[org.springframework.samples.petclinic.owner.Owner,int,org.springframework.samples.petclinic.owner.Visit,org.springframework.samples.petclinic.owner.BindingResult,org.springframework.samples.petclinic.owner.RedirectAttributes]",redirectAttributes,1
E:\Supriya's_MicroserviceProjects\spring-petclinic\src\main\java\org\springframework\samples\petclinic\owner\VisitController.java,org.springframework.samples.petclinic.owner.VisitController,setAllowedFields/1[org.springframework.samples.petclinic.owner.WebDataBinder],dataBinder,1
E:\Supriya's_MicroserviceProjects\spring-petclinic\src\main\java\org\springframework\samples\petclinic\owner\VisitController.java,org.springframework.samples.petclinic.owner.VisitController,VisitController/1[org.springframework.samples.petclinic.owner.OwnerRepository],owners,2
E:\Supriya's_MicroserviceProjects\spring-petclinic\src\main\java\org\springframework\samples\petclinic\owner\VisitController.java,org.springframework.samples.petclinic.owner.VisitController,"loadPetWithVisit/3[int,int,java.util.Map<java.lang.String,java.lang.Object>]",owner,2
E:\Supriya's_MicroserviceProjects\spring-petclinic\src\main\java\org\springframework\samples\petclinic\owner\VisitController.java,org.springframework.samples.petclinic.owner.VisitController,"loadPetWithVisit/3[int,int,java.util.Map<java.lang.String,java.lang.Object>]",petId,1
E:\Supriya's_MicroserviceProjects\spring-petclinic\src\main\java\org\springframework\samples\petclinic\owner\VisitController.java,org.springframework.samples.petclinic.owner.VisitController,"loadPetWithVisit/3[int,int,java.util.Map<java.lang.String,java.lang.Object>]",model,2
E:\Supriya's_MicroserviceProjects\spring-petclinic\src\main\java\org\springframework\samples\petclinic\owner\VisitController.java,org.springframework.samples.petclinic.owner.VisitController,"loadPetWithVisit/3[int,int,java.util.Map<java.lang.String,java.lang.Object>]",visit,2
E:\Supriya's_MicroserviceProjects\spring-petclinic\src\main\java\org\springframework\samples\petclinic\owner\VisitController.java,org.springframework.samples.petclinic.owner.VisitController,"loadPetWithVisit/3[int,int,java.util.Map<java.lang.String,java.lang.Object>]",ownerId,1
E:\Supriya's_MicroserviceProjects\spring-petclinic\src\main\java\org\springframework\samples\petclinic\owner\VisitController.java,org.springframework.samples.petclinic.owner.VisitController,"loadPetWithVisit/3[int,int,java.util.Map<java.lang.String,java.lang.Object>]",pet,2
E:\Supriya's_MicroserviceProjects\spring-petclinic\src\main\java\org\springframework\samples\petclinic\PetClinicRuntimeHints.java,org.springframework.samples.petclinic.PetClinicRuntimeHints,"registerHints/2[org.springframework.samples.petclinic.RuntimeHints,java.lang.ClassLoader]",classLoader,0
E:\Supriya's_MicroserviceProjects\spring-petclinic\src\main\java\org\springframework\samples\petclinic\PetClinicRuntimeHints.java,org.springframework.samples.petclinic.PetClinicRuntimeHints,"registerHints/2[org.springframework.samples.petclinic.RuntimeHints,java.lang.ClassLoader]",hints,7
E:\Supriya's_MicroserviceProjects\spring-petclinic\src\test\java\org\springframework\samples\petclinic\PostgresIntegrationTests.java,org.springframework.samples.petclinic.PostgresIntegrationTests$PropertiesLogger,findPropertiesPropertySources/0,sources,2
E:\Supriya's_MicroserviceProjects\spring-petclinic\src\test\java\org\springframework\samples\petclinic\PostgresIntegrationTests.java,org.springframework.samples.petclinic.PostgresIntegrationTests$PropertiesLogger,findPropertiesPropertySources/0,source,1
E:\Supriya's_MicroserviceProjects\spring-petclinic\src\test\java\org\springframework\samples\petclinic\PostgresIntegrationTests.java,org.springframework.samples.petclinic.PostgresIntegrationTests$PropertiesLogger,onApplicationEvent/1[org.springframework.samples.petclinic.ApplicationPreparedEvent],event,1
E:\Supriya's_MicroserviceProjects\spring-petclinic\src\test\java\org\springframework\samples\petclinic\PostgresIntegrationTests.java,org.springframework.samples.petclinic.PostgresIntegrationTests$PropertiesLogger,printProperties/0,names,2
E:\Supriya's_MicroserviceProjects\spring-petclinic\src\test\java\org\springframework\samples\petclinic\PostgresIntegrationTests.java,org.springframework.samples.petclinic.PostgresIntegrationTests$PropertiesLogger,printProperties/0,name,4
E:\Supriya's_MicroserviceProjects\spring-petclinic\src\test\java\org\springframework\samples\petclinic\PostgresIntegrationTests.java,org.springframework.samples.petclinic.PostgresIntegrationTests$PropertiesLogger,printProperties/0,source,3
E:\Supriya's_MicroserviceProjects\spring-petclinic\src\test\java\org\springframework\samples\petclinic\PostgresIntegrationTests.java,org.springframework.samples.petclinic.PostgresIntegrationTests$PropertiesLogger,printProperties/0,value,2
E:\Supriya's_MicroserviceProjects\spring-petclinic\src\test\java\org\springframework\samples\petclinic\PostgresIntegrationTests.java,org.springframework.samples.petclinic.PostgresIntegrationTests$PropertiesLogger,printProperties/0,resolved,3
E:\Supriya's_MicroserviceProjects\spring-petclinic\src\main\java\org\springframework\samples\petclinic\model\BaseEntity.java,org.springframework.samples.petclinic.model.BaseEntity,setId/1[java.lang.Integer],id,2
E:\Supriya's_MicroserviceProjects\spring-petclinic\src\main\java\org\springframework\samples\petclinic\PetClinicApplication.java,org.springframework.samples.petclinic.PetClinicApplication,main/1[java.lang.String[]],args,1
E:\Supriya's_MicroserviceProjects\spring-petclinic\src\main\java\org\springframework\samples\petclinic\model\NamedEntity.java,org.springframework.samples.petclinic.model.NamedEntity,setName/1[java.lang.String],name,2
E:\Supriya's_MicroserviceProjects\spring-petclinic\src\main\java\org\springframework\samples\petclinic\vet\VetRepository.java,org.springframework.samples.petclinic.vet.VetRepository,findAll/1[org.springframework.samples.petclinic.vet.Pageable],pageable,0
E:\Supriya's_MicroserviceProjects\spring-petclinic\src\test\java\org\springframework\samples\petclinic\system\CrashControllerIntegrationTests.java,org.springframework.samples.petclinic.system.CrashControllerIntegrationTests,testTriggerExceptionHtml/0,headers,2
E:\Supriya's_MicroserviceProjects\spring-petclinic\src\test\java\org\springframework\samples\petclinic\system\CrashControllerIntegrationTests.java,org.springframework.samples.petclinic.system.CrashControllerIntegrationTests,testTriggerExceptionHtml/0,resp,5
E:\Supriya's_MicroserviceProjects\spring-petclinic\src\test\java\org\springframework\samples\petclinic\system\CrashControllerIntegrationTests.java,org.springframework.samples.petclinic.system.CrashControllerIntegrationTests,testTriggerExceptionJson/0,resp,7
E:\Supriya's_MicroserviceProjects\spring-petclinic\src\main\java\org\springframework\samples\petclinic\owner\OwnerRepository.java,org.springframework.samples.petclinic.owner.OwnerRepository,"findByLastName/2[java.lang.String,org.springframework.samples.petclinic.owner.Pageable]",lastName,0
E:\Supriya's_MicroserviceProjects\spring-petclinic\src\main\java\org\springframework\samples\petclinic\owner\OwnerRepository.java,org.springframework.samples.petclinic.owner.OwnerRepository,"findByLastName/2[java.lang.String,org.springframework.samples.petclinic.owner.Pageable]",pageable,0
E:\Supriya's_MicroserviceProjects\spring-petclinic\src\main\java\org\springframework\samples\petclinic\owner\OwnerRepository.java,org.springframework.samples.petclinic.owner.OwnerRepository,findById/1[java.lang.Integer],id,0
E:\Supriya's_MicroserviceProjects\spring-petclinic\src\main\java\org\springframework\samples\petclinic\owner\OwnerRepository.java,org.springframework.samples.petclinic.owner.OwnerRepository,findAll/1[org.springframework.samples.petclinic.owner.Pageable],pageable,0
E:\Supriya's_MicroserviceProjects\spring-petclinic\src\main\java\org\springframework\samples\petclinic\owner\OwnerRepository.java,org.springframework.samples.petclinic.owner.OwnerRepository,save/1[org.springframework.samples.petclinic.owner.Owner],owner,0
E:\Supriya's_MicroserviceProjects\spring-petclinic\src\test\java\org\springframework\samples\petclinic\MySqlIntegrationTests.java,org.springframework.samples.petclinic.MySqlIntegrationTests,testOwnerDetails/0,template,1
E:\Supriya's_MicroserviceProjects\spring-petclinic\src\test\java\org\springframework\samples\petclinic\MySqlIntegrationTests.java,org.springframework.samples.petclinic.MySqlIntegrationTests,testOwnerDetails/0,result,1
E:\Supriya's_MicroserviceProjects\spring-petclinic\src\test\java\org\springframework\samples\petclinic\owner\OwnerControllerTests.java,org.springframework.samples.petclinic.owner.OwnerControllerTests$Anonymous1,matches/1[java.lang.Object],pets,1
E:\Supriya's_MicroserviceProjects\spring-petclinic\src\test\java\org\springframework\samples\petclinic\owner\OwnerControllerTests.java,org.springframework.samples.petclinic.owner.OwnerControllerTests$Anonymous1,matches/1[java.lang.Object],item,1
E:\Supriya's_MicroserviceProjects\spring-petclinic\src\test\java\org\springframework\samples\petclinic\owner\OwnerControllerTests.java,org.springframework.samples.petclinic.owner.OwnerControllerTests$Anonymous1,matches/1[java.lang.Object],pet,1
E:\Supriya's_MicroserviceProjects\spring-petclinic\src\test\java\org\springframework\samples\petclinic\owner\OwnerControllerTests.java,org.springframework.samples.petclinic.owner.OwnerControllerTests$Anonymous1,describeTo/1[org.springframework.samples.petclinic.owner.Description],description,1
E:\Supriya's_MicroserviceProjects\spring-petclinic\src\main\java\org\springframework\samples\petclinic\owner\Owner.java,org.springframework.samples.petclinic.owner.Owner,addPet/1[org.springframework.samples.petclinic.owner.Pet],pet,2
E:\Supriya's_MicroserviceProjects\spring-petclinic\src\main\java\org\springframework\samples\petclinic\owner\Owner.java,org.springframework.samples.petclinic.owner.Owner,getPet/1[java.lang.Integer],compId,1
E:\Supriya's_MicroserviceProjects\spring-petclinic\src\main\java\org\springframework\samples\petclinic\owner\Owner.java,org.springframework.samples.petclinic.owner.Owner,getPet/1[java.lang.Integer],id,1
E:\Supriya's_MicroserviceProjects\spring-petclinic\src\main\java\org\springframework\samples\petclinic\owner\Owner.java,org.springframework.samples.petclinic.owner.Owner,getPet/1[java.lang.Integer],pet,3
E:\Supriya's_MicroserviceProjects\spring-petclinic\src\main\java\org\springframework\samples\petclinic\owner\Owner.java,org.springframework.samples.petclinic.owner.Owner,getPet/1[java.lang.String],name,1
E:\Supriya's_MicroserviceProjects\spring-petclinic\src\main\java\org\springframework\samples\petclinic\owner\Owner.java,org.springframework.samples.petclinic.owner.Owner,"getPet/2[java.lang.String,boolean]",name,3
E:\Supriya's_MicroserviceProjects\spring-petclinic\src\main\java\org\springframework\samples\petclinic\owner\Owner.java,org.springframework.samples.petclinic.owner.Owner,"getPet/2[java.lang.String,boolean]",ignoreNew,1
E:\Supriya's_MicroserviceProjects\spring-petclinic\src\main\java\org\springframework\samples\petclinic\owner\Owner.java,org.springframework.samples.petclinic.owner.Owner,"getPet/2[java.lang.String,boolean]",compName,2
E:\Supriya's_MicroserviceProjects\spring-petclinic\src\main\java\org\springframework\samples\petclinic\owner\Owner.java,org.springframework.samples.petclinic.owner.Owner,"getPet/2[java.lang.String,boolean]",pet,3
E:\Supriya's_MicroserviceProjects\spring-petclinic\src\main\java\org\springframework\samples\petclinic\owner\Owner.java,org.springframework.samples.petclinic.owner.Owner,setTelephone/1[java.lang.String],telephone,2
E:\Supriya's_MicroserviceProjects\spring-petclinic\src\main\java\org\springframework\samples\petclinic\owner\Owner.java,org.springframework.samples.petclinic.owner.Owner,setCity/1[java.lang.String],city,2
E:\Supriya's_MicroserviceProjects\spring-petclinic\src\main\java\org\springframework\samples\petclinic\owner\Owner.java,org.springframework.samples.petclinic.owner.Owner,"addVisit/2[java.lang.Integer,org.springframework.samples.petclinic.owner.Visit]",petId,2
E:\Supriya's_MicroserviceProjects\spring-petclinic\src\main\java\org\springframework\samples\petclinic\owner\Owner.java,org.springframework.samples.petclinic.owner.Owner,"addVisit/2[java.lang.Integer,org.springframework.samples.petclinic.owner.Visit]",visit,2
E:\Supriya's_MicroserviceProjects\spring-petclinic\src\main\java\org\springframework\samples\petclinic\owner\Owner.java,org.springframework.samples.petclinic.owner.Owner,"addVisit/2[java.lang.Integer,org.springframework.samples.petclinic.owner.Visit]",pet,2
E:\Supriya's_MicroserviceProjects\spring-petclinic\src\main\java\org\springframework\samples\petclinic\owner\Owner.java,org.springframework.samples.petclinic.owner.Owner,setAddress/1[java.lang.String],address,2
E:\Supriya's_MicroserviceProjects\spring-petclinic\src\main\java\org\springframework\samples\petclinic\model\Person.java,org.springframework.samples.petclinic.model.Person,setLastName/1[java.lang.String],lastName,2
E:\Supriya's_MicroserviceProjects\spring-petclinic\src\main\java\org\springframework\samples\petclinic\model\Person.java,org.springframework.samples.petclinic.model.Person,setFirstName/1[java.lang.String],firstName,2
E:\Supriya's_MicroserviceProjects\spring-petclinic\src\test\java\org\springframework\samples\petclinic\owner\OwnerControllerTests.java,org.springframework.samples.petclinic.owner.OwnerControllerTests,testProcessFindFormSuccess/0,tasks,1
E:\Supriya's_MicroserviceProjects\spring-petclinic\src\test\java\org\springframework\samples\petclinic\owner\OwnerControllerTests.java,org.springframework.samples.petclinic.owner.OwnerControllerTests,testProcessFindFormNoOwnersFound/0,tasks,1
E:\Supriya's_MicroserviceProjects\spring-petclinic\src\test\java\org\springframework\samples\petclinic\owner\OwnerControllerTests.java,org.springframework.samples.petclinic.owner.OwnerControllerTests,setup/0,george,5
E:\Supriya's_MicroserviceProjects\spring-petclinic\src\test\java\org\springframework\samples\petclinic\owner\OwnerControllerTests.java,org.springframework.samples.petclinic.owner.OwnerControllerTests,setup/0,visit,2
E:\Supriya's_MicroserviceProjects\spring-petclinic\src\test\java\org\springframework\samples\petclinic\owner\OwnerControllerTests.java,org.springframework.samples.petclinic.owner.OwnerControllerTests,george/0,max,5
E:\Supriya's_MicroserviceProjects\spring-petclinic\src\test\java\org\springframework\samples\petclinic\owner\OwnerControllerTests.java,org.springframework.samples.petclinic.owner.OwnerControllerTests,george/0,george,8
E:\Supriya's_MicroserviceProjects\spring-petclinic\src\test\java\org\springframework\samples\petclinic\owner\OwnerControllerTests.java,org.springframework.samples.petclinic.owner.OwnerControllerTests,george/0,dog,2
E:\Supriya's_MicroserviceProjects\spring-petclinic\src\test\java\org\springframework\samples\petclinic\owner\OwnerControllerTests.java,org.springframework.samples.petclinic.owner.OwnerControllerTests,testProcessFindFormByLastName/0,tasks,1
E:\Supriya's_MicroserviceProjects\spring-petclinic\src\test\java\org\springframework\samples\petclinic\owner\PetTypeFormatterTests.java,org.springframework.samples.petclinic.owner.PetTypeFormatterTests,makePetTypes/0,petTypes,3
E:\Supriya's_MicroserviceProjects\spring-petclinic\src\test\java\org\springframework\samples\petclinic\owner\PetTypeFormatterTests.java,org.springframework.samples.petclinic.owner.PetTypeFormatterTests,testPrint/0,petTypeName,1
E:\Supriya's_MicroserviceProjects\spring-petclinic\src\test\java\org\springframework\samples\petclinic\owner\PetTypeFormatterTests.java,org.springframework.samples.petclinic.owner.PetTypeFormatterTests,testPrint/0,petType,2
E:\Supriya's_MicroserviceProjects\spring-petclinic\src\test\java\org\springframework\samples\petclinic\owner\PetTypeFormatterTests.java,org.springframework.samples.petclinic.owner.PetTypeFormatterTests,shouldParse/0,petType,1
E:\Supriya's_MicroserviceProjects\spring-petclinic\src\main\java\org\springframework\samples\petclinic\owner\PetController.java,org.springframework.samples.petclinic.owner.PetController,PetController/1[org.springframework.samples.petclinic.owner.OwnerRepository],owners,2
E:\Supriya's_MicroserviceProjects\spring-petclinic\src\main\java\org\springframework\samples\petclinic\owner\PetController.java,org.springframework.samples.petclinic.owner.PetController,"findPet/2[int,java.lang.Integer]",owner,2
E:\Supriya's_MicroserviceProjects\spring-petclinic\src\main\java\org\springframework\samples\petclinic\owner\PetController.java,org.springframework.samples.petclinic.owner.PetController,"findPet/2[int,java.lang.Integer]",petId,2
E:\Supriya's_MicroserviceProjects\spring-petclinic\src\main\java\org\springframework\samples\petclinic\owner\PetController.java,org.springframework.samples.petclinic.owner.PetController,"findPet/2[int,java.lang.Integer]",ownerId,2
E:\Supriya's_MicroserviceProjects\spring-petclinic\src\main\java\org\springframework\samples\petclinic\owner\PetController.java,org.springframework.samples.petclinic.owner.PetController,initPetBinder/1[org.springframework.samples.petclinic.owner.WebDataBinder],dataBinder,1
E:\Supriya's_MicroserviceProjects\spring-petclinic\src\main\java\org\springframework\samples\petclinic\owner\PetController.java,org.springframework.samples.petclinic.owner.PetController,"initCreationForm/2[org.springframework.samples.petclinic.owner.Owner,org.springframework.samples.petclinic.owner.ModelMap]",owner,1
E:\Supriya's_MicroserviceProjects\spring-petclinic\src\main\java\org\springframework\samples\petclinic\owner\PetController.java,org.springframework.samples.petclinic.owner.PetController,"initCreationForm/2[org.springframework.samples.petclinic.owner.Owner,org.springframework.samples.petclinic.owner.ModelMap]",model,1
E:\Supriya's_MicroserviceProjects\spring-petclinic\src\main\java\org\springframework\samples\petclinic\owner\PetController.java,org.springframework.samples.petclinic.owner.PetController,"initCreationForm/2[org.springframework.samples.petclinic.owner.Owner,org.springframework.samples.petclinic.owner.ModelMap]",pet,2
E:\Supriya's_MicroserviceProjects\spring-petclinic\src\main\java\org\springframework\samples\petclinic\owner\PetController.java,org.springframework.samples.petclinic.owner.PetController,"processCreationForm/5[org.springframework.samples.petclinic.owner.Owner,org.springframework.samples.petclinic.owner.Pet,org.springframework.samples.petclinic.owner.BindingResult,org.springframework.samples.petclinic.owner.ModelMap,org.springframework.samples.petclinic.owner.RedirectAttributes]",owner,3
E:\Supriya's_MicroserviceProjects\spring-petclinic\src\main\java\org\springframework\samples\petclinic\owner\PetController.java,org.springframework.samples.petclinic.owner.PetController,"processCreationForm/5[org.springframework.samples.petclinic.owner.Owner,org.springframework.samples.petclinic.owner.Pet,org.springframework.samples.petclinic.owner.BindingResult,org.springframework.samples.petclinic.owner.ModelMap,org.springframework.samples.petclinic.owner.RedirectAttributes]",result,3
E:\Supriya's_MicroserviceProjects\spring-petclinic\src\main\java\org\springframework\samples\petclinic\owner\PetController.java,org.springframework.samples.petclinic.owner.PetController,"processCreationForm/5[org.springframework.samples.petclinic.owner.Owner,org.springframework.samples.petclinic.owner.Pet,org.springframework.samples.petclinic.owner.BindingResult,org.springframework.samples.petclinic.owner.ModelMap,org.springframework.samples.petclinic.owner.RedirectAttributes]",currentDate,1
E:\Supriya's_MicroserviceProjects\spring-petclinic\src\main\java\org\springframework\samples\petclinic\owner\PetController.java,org.springframework.samples.petclinic.owner.PetController,"processCreationForm/5[org.springframework.samples.petclinic.owner.Owner,org.springframework.samples.petclinic.owner.Pet,org.springframework.samples.petclinic.owner.BindingResult,org.springframework.samples.petclinic.owner.ModelMap,org.springframework.samples.petclinic.owner.RedirectAttributes]",model,1
E:\Supriya's_MicroserviceProjects\spring-petclinic\src\main\java\org\springframework\samples\petclinic\owner\PetController.java,org.springframework.samples.petclinic.owner.PetController,"processCreationForm/5[org.springframework.samples.petclinic.owner.Owner,org.springframework.samples.petclinic.owner.Pet,org.springframework.samples.petclinic.owner.BindingResult,org.springframework.samples.petclinic.owner.ModelMap,org.springframework.samples.petclinic.owner.RedirectAttributes]",pet,7
E:\Supriya's_MicroserviceProjects\spring-petclinic\src\main\java\org\springframework\samples\petclinic\owner\PetController.java,org.springframework.samples.petclinic.owner.PetController,"processCreationForm/5[org.springframework.samples.petclinic.owner.Owner,org.springframework.samples.petclinic.owner.Pet,org.springframework.samples.petclinic.owner.BindingResult,org.springframework.samples.petclinic.owner.ModelMap,org.springframework.samples.petclinic.owner.RedirectAttributes]",redirectAttributes,1
E:\Supriya's_MicroserviceProjects\spring-petclinic\src\main\java\org\springframework\samples\petclinic\owner\PetController.java,org.springframework.samples.petclinic.owner.PetController,"initUpdateForm/4[org.springframework.samples.petclinic.owner.Owner,int,org.springframework.samples.petclinic.owner.ModelMap,org.springframework.samples.petclinic.owner.RedirectAttributes]",owner,1
E:\Supriya's_MicroserviceProjects\spring-petclinic\src\main\java\org\springframework\samples\petclinic\owner\PetController.java,org.springframework.samples.petclinic.owner.PetController,"initUpdateForm/4[org.springframework.samples.petclinic.owner.Owner,int,org.springframework.samples.petclinic.owner.ModelMap,org.springframework.samples.petclinic.owner.RedirectAttributes]",petId,1
E:\Supriya's_MicroserviceProjects\spring-petclinic\src\main\java\org\springframework\samples\petclinic\owner\PetController.java,org.springframework.samples.petclinic.owner.PetController,"initUpdateForm/4[org.springframework.samples.petclinic.owner.Owner,int,org.springframework.samples.petclinic.owner.ModelMap,org.springframework.samples.petclinic.owner.RedirectAttributes]",model,1
E:\Supriya's_MicroserviceProjects\spring-petclinic\src\main\java\org\springframework\samples\petclinic\owner\PetController.java,org.springframework.samples.petclinic.owner.PetController,"initUpdateForm/4[org.springframework.samples.petclinic.owner.Owner,int,org.springframework.samples.petclinic.owner.ModelMap,org.springframework.samples.petclinic.owner.RedirectAttributes]",redirectAttributes,0
E:\Supriya's_MicroserviceProjects\spring-petclinic\src\main\java\org\springframework\samples\petclinic\owner\PetController.java,org.springframework.samples.petclinic.owner.PetController,"initUpdateForm/4[org.springframework.samples.petclinic.owner.Owner,int,org.springframework.samples.petclinic.owner.ModelMap,org.springframework.samples.petclinic.owner.RedirectAttributes]",pet,1
E:\Supriya's_MicroserviceProjects\spring-petclinic\src\main\java\org\springframework\samples\petclinic\owner\PetController.java,org.springframework.samples.petclinic.owner.PetController,"processUpdateForm/5[org.springframework.samples.petclinic.owner.Pet,org.springframework.samples.petclinic.owner.BindingResult,org.springframework.samples.petclinic.owner.Owner,org.springframework.samples.petclinic.owner.ModelMap,org.springframework.samples.petclinic.owner.RedirectAttributes]",result,3
E:\Supriya's_MicroserviceProjects\spring-petclinic\src\main\java\org\springframework\samples\petclinic\owner\PetController.java,org.springframework.samples.petclinic.owner.PetController,"processUpdateForm/5[org.springframework.samples.petclinic.owner.Pet,org.springframework.samples.petclinic.owner.BindingResult,org.springframework.samples.petclinic.owner.Owner,org.springframework.samples.petclinic.owner.ModelMap,org.springframework.samples.petclinic.owner.RedirectAttributes]",owner,3
E:\Supriya's_MicroserviceProjects\spring-petclinic\src\main\java\org\springframework\samples\petclinic\owner\PetController.java,org.springframework.samples.petclinic.owner.PetController,"processUpdateForm/5[org.springframework.samples.petclinic.owner.Pet,org.springframework.samples.petclinic.owner.BindingResult,org.springframework.samples.petclinic.owner.Owner,org.springframework.samples.petclinic.owner.ModelMap,org.springframework.samples.petclinic.owner.RedirectAttributes]",petName,2
E:\Supriya's_MicroserviceProjects\spring-petclinic\src\main\java\org\springframework\samples\petclinic\owner\PetController.java,org.springframework.samples.petclinic.owner.PetController,"processUpdateForm/5[org.springframework.samples.petclinic.owner.Pet,org.springframework.samples.petclinic.owner.BindingResult,org.springframework.samples.petclinic.owner.Owner,org.springframework.samples.petclinic.owner.ModelMap,org.springframework.samples.petclinic.owner.RedirectAttributes]",currentDate,1
E:\Supriya's_MicroserviceProjects\spring-petclinic\src\main\java\org\springframework\samples\petclinic\owner\PetController.java,org.springframework.samples.petclinic.owner.PetController,"processUpdateForm/5[org.springframework.samples.petclinic.owner.Pet,org.springframework.samples.petclinic.owner.BindingResult,org.springframework.samples.petclinic.owner.Owner,org.springframework.samples.petclinic.owner.ModelMap,org.springframework.samples.petclinic.owner.RedirectAttributes]",model,1
E:\Supriya's_MicroserviceProjects\spring-petclinic\src\main\java\org\springframework\samples\petclinic\owner\PetController.java,org.springframework.samples.petclinic.owner.PetController,"processUpdateForm/5[org.springframework.samples.petclinic.owner.Pet,org.springframework.samples.petclinic.owner.BindingResult,org.springframework.samples.petclinic.owner.Owner,org.springframework.samples.petclinic.owner.ModelMap,org.springframework.samples.petclinic.owner.RedirectAttributes]",existingPet,2
E:\Supriya's_MicroserviceProjects\spring-petclinic\src\main\java\org\springframework\samples\petclinic\owner\PetController.java,org.springframework.samples.petclinic.owner.PetController,"processUpdateForm/5[org.springframework.samples.petclinic.owner.Pet,org.springframework.samples.petclinic.owner.BindingResult,org.springframework.samples.petclinic.owner.Owner,org.springframework.samples.petclinic.owner.ModelMap,org.springframework.samples.petclinic.owner.RedirectAttributes]",pet,6
E:\Supriya's_MicroserviceProjects\spring-petclinic\src\main\java\org\springframework\samples\petclinic\owner\PetController.java,org.springframework.samples.petclinic.owner.PetController,"processUpdateForm/5[org.springframework.samples.petclinic.owner.Pet,org.springframework.samples.petclinic.owner.BindingResult,org.springframework.samples.petclinic.owner.Owner,org.springframework.samples.petclinic.owner.ModelMap,org.springframework.samples.petclinic.owner.RedirectAttributes]",redirectAttributes,1
E:\Supriya's_MicroserviceProjects\spring-petclinic\src\main\java\org\springframework\samples\petclinic\owner\PetController.java,org.springframework.samples.petclinic.owner.PetController,findOwner/1[int],owner,2
E:\Supriya's_MicroserviceProjects\spring-petclinic\src\main\java\org\springframework\samples\petclinic\owner\PetController.java,org.springframework.samples.petclinic.owner.PetController,findOwner/1[int],ownerId,2
E:\Supriya's_MicroserviceProjects\spring-petclinic\src\main\java\org\springframework\samples\petclinic\owner\PetController.java,org.springframework.samples.petclinic.owner.PetController,initOwnerBinder/1[org.springframework.samples.petclinic.owner.WebDataBinder],dataBinder,1
E:\Supriya's_MicroserviceProjects\spring-petclinic\src\test\java\org\springframework\samples\petclinic\MysqlTestApplication.java,org.springframework.samples.petclinic.MysqlTestApplication,main/1[java.lang.String[]],args,0
E:\Supriya's_MicroserviceProjects\spring-petclinic\src\main\java\org\springframework\samples\petclinic\owner\OwnerController.java,org.springframework.samples.petclinic.owner.OwnerController,OwnerController/1[org.springframework.samples.petclinic.owner.OwnerRepository],clinicService,1
E:\Supriya's_MicroserviceProjects\spring-petclinic\src\main\java\org\springframework\samples\petclinic\owner\OwnerController.java,org.springframework.samples.petclinic.owner.OwnerController,"processFindForm/4[int,org.springframework.samples.petclinic.owner.Owner,org.springframework.samples.petclinic.owner.BindingResult,org.springframework.samples.petclinic.owner.Model]",owner,5
E:\Supriya's_MicroserviceProjects\spring-petclinic\src\main\java\org\springframework\samples\petclinic\owner\OwnerController.java,org.springframework.samples.petclinic.owner.OwnerController,"processFindForm/4[int,org.springframework.samples.petclinic.owner.Owner,org.springframework.samples.petclinic.owner.BindingResult,org.springframework.samples.petclinic.owner.Model]",result,1
E:\Supriya's_MicroserviceProjects\spring-petclinic\src\main\java\org\springframework\samples\petclinic\owner\OwnerController.java,org.springframework.samples.petclinic.owner.OwnerController,"processFindForm/4[int,org.springframework.samples.petclinic.owner.Owner,org.springframework.samples.petclinic.owner.BindingResult,org.springframework.samples.petclinic.owner.Model]",ownersResults,4
E:\Supriya's_MicroserviceProjects\spring-petclinic\src\main\java\org\springframework\samples\petclinic\owner\OwnerController.java,org.springframework.samples.petclinic.owner.OwnerController,"processFindForm/4[int,org.springframework.samples.petclinic.owner.Owner,org.springframework.samples.petclinic.owner.BindingResult,org.springframework.samples.petclinic.owner.Model]",model,1
E:\Supriya's_MicroserviceProjects\spring-petclinic\src\main\java\org\springframework\samples\petclinic\owner\OwnerController.java,org.springframework.samples.petclinic.owner.OwnerController,"processFindForm/4[int,org.springframework.samples.petclinic.owner.Owner,org.springframework.samples.petclinic.owner.BindingResult,org.springframework.samples.petclinic.owner.Model]",page,2
E:\Supriya's_MicroserviceProjects\spring-petclinic\src\main\java\org\springframework\samples\petclinic\owner\OwnerController.java,org.springframework.samples.petclinic.owner.OwnerController,"findPaginatedForOwnersLastName/2[int,java.lang.String]",pageSize,1
E:\Supriya's_MicroserviceProjects\spring-petclinic\src\main\java\org\springframework\samples\petclinic\owner\OwnerController.java,org.springframework.samples.petclinic.owner.OwnerController,"findPaginatedForOwnersLastName/2[int,java.lang.String]",pageable,1
E:\Supriya's_MicroserviceProjects\spring-petclinic\src\main\java\org\springframework\samples\petclinic\owner\OwnerController.java,org.springframework.samples.petclinic.owner.OwnerController,"findPaginatedForOwnersLastName/2[int,java.lang.String]",page,1
E:\Supriya's_MicroserviceProjects\spring-petclinic\src\main\java\org\springframework\samples\petclinic\owner\OwnerController.java,org.springframework.samples.petclinic.owner.OwnerController,"findPaginatedForOwnersLastName/2[int,java.lang.String]",lastname,1
E:\Supriya's_MicroserviceProjects\spring-petclinic\src\main\java\org\springframework\samples\petclinic\owner\OwnerController.java,org.springframework.samples.petclinic.owner.OwnerController,"processCreationForm/3[org.springframework.samples.petclinic.owner.Owner,org.springframework.samples.petclinic.owner.BindingResult,org.springframework.samples.petclinic.owner.RedirectAttributes]",owner,2
E:\Supriya's_MicroserviceProjects\spring-petclinic\src\main\java\org\springframework\samples\petclinic\owner\OwnerController.java,org.springframework.samples.petclinic.owner.OwnerController,"processCreationForm/3[org.springframework.samples.petclinic.owner.Owner,org.springframework.samples.petclinic.owner.BindingResult,org.springframework.samples.petclinic.owner.RedirectAttributes]",result,1
E:\Supriya's_MicroserviceProjects\spring-petclinic\src\main\java\org\springframework\samples\petclinic\owner\OwnerController.java,org.springframework.samples.petclinic.owner.OwnerController,"processCreationForm/3[org.springframework.samples.petclinic.owner.Owner,org.springframework.samples.petclinic.owner.BindingResult,org.springframework.samples.petclinic.owner.RedirectAttributes]",redirectAttributes,2
E:\Supriya's_MicroserviceProjects\spring-petclinic\src\main\java\org\springframework\samples\petclinic\owner\OwnerController.java,org.springframework.samples.petclinic.owner.OwnerController,"initCreationForm/1[java.util.Map<java.lang.String,java.lang.Object>]",owner,1
E:\Supriya's_MicroserviceProjects\spring-petclinic\src\main\java\org\springframework\samples\petclinic\owner\OwnerController.java,org.springframework.samples.petclinic.owner.OwnerController,"initCreationForm/1[java.util.Map<java.lang.String,java.lang.Object>]",model,1
E:\Supriya's_MicroserviceProjects\spring-petclinic\src\main\java\org\springframework\samples\petclinic\owner\OwnerController.java,org.springframework.samples.petclinic.owner.OwnerController,"processUpdateOwnerForm/4[org.springframework.samples.petclinic.owner.Owner,org.springframework.samples.petclinic.owner.BindingResult,int,org.springframework.samples.petclinic.owner.RedirectAttributes]",owner,2
E:\Supriya's_MicroserviceProjects\spring-petclinic\src\main\java\org\springframework\samples\petclinic\owner\OwnerController.java,org.springframework.samples.petclinic.owner.OwnerController,"processUpdateOwnerForm/4[org.springframework.samples.petclinic.owner.Owner,org.springframework.samples.petclinic.owner.BindingResult,int,org.springframework.samples.petclinic.owner.RedirectAttributes]",result,1
E:\Supriya's_MicroserviceProjects\spring-petclinic\src\main\java\org\springframework\samples\petclinic\owner\OwnerController.java,org.springframework.samples.petclinic.owner.OwnerController,"processUpdateOwnerForm/4[org.springframework.samples.petclinic.owner.Owner,org.springframework.samples.petclinic.owner.BindingResult,int,org.springframework.samples.petclinic.owner.RedirectAttributes]",ownerId,1
E:\Supriya's_MicroserviceProjects\spring-petclinic\src\main\java\org\springframework\samples\petclinic\owner\OwnerController.java,org.springframework.samples.petclinic.owner.OwnerController,"processUpdateOwnerForm/4[org.springframework.samples.petclinic.owner.Owner,org.springframework.samples.petclinic.owner.BindingResult,int,org.springframework.samples.petclinic.owner.RedirectAttributes]",redirectAttributes,2
E:\Supriya's_MicroserviceProjects\spring-petclinic\src\main\java\org\springframework\samples\petclinic\owner\OwnerController.java,org.springframework.samples.petclinic.owner.OwnerController,findOwner/1[java.lang.Integer],ownerId,2
E:\Supriya's_MicroserviceProjects\spring-petclinic\src\main\java\org\springframework\samples\petclinic\owner\OwnerController.java,org.springframework.samples.petclinic.owner.OwnerController,showOwner/1[int],owner,1
E:\Supriya's_MicroserviceProjects\spring-petclinic\src\main\java\org\springframework\samples\petclinic\owner\OwnerController.java,org.springframework.samples.petclinic.owner.OwnerController,showOwner/1[int],mav,2
E:\Supriya's_MicroserviceProjects\spring-petclinic\src\main\java\org\springframework\samples\petclinic\owner\OwnerController.java,org.springframework.samples.petclinic.owner.OwnerController,showOwner/1[int],ownerId,1
E:\Supriya's_MicroserviceProjects\spring-petclinic\src\main\java\org\springframework\samples\petclinic\owner\OwnerController.java,org.springframework.samples.petclinic.owner.OwnerController,"addPaginationModel/3[int,org.springframework.samples.petclinic.owner.Model,org.springframework.samples.petclinic.owner.Page<org.springframework.samples.petclinic.owner.Owner>]",paginated,3
E:\Supriya's_MicroserviceProjects\spring-petclinic\src\main\java\org\springframework\samples\petclinic\owner\OwnerController.java,org.springframework.samples.petclinic.owner.OwnerController,"addPaginationModel/3[int,org.springframework.samples.petclinic.owner.Model,org.springframework.samples.petclinic.owner.Page<org.springframework.samples.petclinic.owner.Owner>]",listOwners,1
E:\Supriya's_MicroserviceProjects\spring-petclinic\src\main\java\org\springframework\samples\petclinic\owner\OwnerController.java,org.springframework.samples.petclinic.owner.OwnerController,"addPaginationModel/3[int,org.springframework.samples.petclinic.owner.Model,org.springframework.samples.petclinic.owner.Page<org.springframework.samples.petclinic.owner.Owner>]",model,4
E:\Supriya's_MicroserviceProjects\spring-petclinic\src\main\java\org\springframework\samples\petclinic\owner\OwnerController.java,org.springframework.samples.petclinic.owner.OwnerController,"addPaginationModel/3[int,org.springframework.samples.petclinic.owner.Model,org.springframework.samples.petclinic.owner.Page<org.springframework.samples.petclinic.owner.Owner>]",page,1
E:\Supriya's_MicroserviceProjects\spring-petclinic\src\main\java\org\springframework\samples\petclinic\owner\OwnerController.java,org.springframework.samples.petclinic.owner.OwnerController,"initUpdateOwnerForm/2[int,org.springframework.samples.petclinic.owner.Model]",owner,1
E:\Supriya's_MicroserviceProjects\spring-petclinic\src\main\java\org\springframework\samples\petclinic\owner\OwnerController.java,org.springframework.samples.petclinic.owner.OwnerController,"initUpdateOwnerForm/2[int,org.springframework.samples.petclinic.owner.Model]",model,1
E:\Supriya's_MicroserviceProjects\spring-petclinic\src\main\java\org\springframework\samples\petclinic\owner\OwnerController.java,org.springframework.samples.petclinic.owner.OwnerController,"initUpdateOwnerForm/2[int,org.springframework.samples.petclinic.owner.Model]",ownerId,1
E:\Supriya's_MicroserviceProjects\spring-petclinic\src\main\java\org\springframework\samples\petclinic\owner\OwnerController.java,org.springframework.samples.petclinic.owner.OwnerController,setAllowedFields/1[org.springframework.samples.petclinic.owner.WebDataBinder],dataBinder,1
E:\Supriya's_MicroserviceProjects\spring-petclinic\src\main\java\org\springframework\samples\petclinic\vet\Vet.java,org.springframework.samples.petclinic.vet.Vet,getSpecialties/0,sortedSpecs,2
E:\Supriya's_MicroserviceProjects\spring-petclinic\src\main\java\org\springframework\samples\petclinic\vet\Vet.java,org.springframework.samples.petclinic.vet.Vet,addSpecialty/1[org.springframework.samples.petclinic.vet.Specialty],specialty,1
E:\Supriya's_MicroserviceProjects\spring-petclinic\src\main\java\org\springframework\samples\petclinic\vet\Vet.java,org.springframework.samples.petclinic.vet.Vet,setSpecialtiesInternal/1[java.util.Set<org.springframework.samples.petclinic.vet.Specialty>],specialties,2
E:\Supriya's_MicroserviceProjects\spring-petclinic\src\test\java\org\springframework\samples\petclinic\service\ClinicServiceTests.java,org.springframework.samples.petclinic.service.ClinicServiceTests,shouldUpdatePetName/0,newName,2
E:\Supriya's_MicroserviceProjects\spring-petclinic\src\test\java\org\springframework\samples\petclinic\service\ClinicServiceTests.java,org.springframework.samples.petclinic.service.ClinicServiceTests,shouldUpdatePetName/0,oldName,1
E:\Supriya's_MicroserviceProjects\spring-petclinic\src\test\java\org\springframework\samples\petclinic\service\ClinicServiceTests.java,org.springframework.samples.petclinic.service.ClinicServiceTests,shouldUpdatePetName/0,owner6,4
E:\Supriya's_MicroserviceProjects\spring-petclinic\src\test\java\org\springframework\samples\petclinic\service\ClinicServiceTests.java,org.springframework.samples.petclinic.service.ClinicServiceTests,shouldUpdatePetName/0,pet7,4
E:\Supriya's_MicroserviceProjects\spring-petclinic\src\test\java\org\springframework\samples\petclinic\service\ClinicServiceTests.java,org.springframework.samples.petclinic.service.ClinicServiceTests,shouldFindVisitsByPetId/0,visits,1
E:\Supriya's_MicroserviceProjects\spring-petclinic\src\test\java\org\springframework\samples\petclinic\service\ClinicServiceTests.java,org.springframework.samples.petclinic.service.ClinicServiceTests,shouldFindVisitsByPetId/0,owner6,1
E:\Supriya's_MicroserviceProjects\spring-petclinic\src\test\java\org\springframework\samples\petclinic\service\ClinicServiceTests.java,org.springframework.samples.petclinic.service.ClinicServiceTests,shouldFindVisitsByPetId/0,pet7,1
E:\Supriya's_MicroserviceProjects\spring-petclinic\src\test\java\org\springframework\samples\petclinic\service\ClinicServiceTests.java,org.springframework.samples.petclinic.service.ClinicServiceTests,shouldInsertOwner/0,owner,7
E:\Supriya's_MicroserviceProjects\spring-petclinic\src\test\java\org\springframework\samples\petclinic\service\ClinicServiceTests.java,org.springframework.samples.petclinic.service.ClinicServiceTests,shouldInsertOwner/0,found,1
E:\Supriya's_MicroserviceProjects\spring-petclinic\src\test\java\org\springframework\samples\petclinic\service\ClinicServiceTests.java,org.springframework.samples.petclinic.service.ClinicServiceTests,shouldInsertOwner/0,owners,6
E:\Supriya's_MicroserviceProjects\spring-petclinic\src\test\java\org\springframework\samples\petclinic\service\ClinicServiceTests.java,org.springframework.samples.petclinic.service.ClinicServiceTests,shouldFindAllPetTypes/0,petType4,1
E:\Supriya's_MicroserviceProjects\spring-petclinic\src\test\java\org\springframework\samples\petclinic\service\ClinicServiceTests.java,org.springframework.samples.petclinic.service.ClinicServiceTests,shouldFindAllPetTypes/0,petTypes,2
E:\Supriya's_MicroserviceProjects\spring-petclinic\src\test\java\org\springframework\samples\petclinic\service\ClinicServiceTests.java,org.springframework.samples.petclinic.service.ClinicServiceTests,shouldFindAllPetTypes/0,petType1,1
E:\Supriya's_MicroserviceProjects\spring-petclinic\src\test\java\org\springframework\samples\petclinic\service\ClinicServiceTests.java,org.springframework.samples.petclinic.service.ClinicServiceTests,shouldFindSingleOwnerWithPet/0,owner,4
E:\Supriya's_MicroserviceProjects\spring-petclinic\src\test\java\org\springframework\samples\petclinic\service\ClinicServiceTests.java,org.springframework.samples.petclinic.service.ClinicServiceTests,shouldUpdateOwner/0,owner,5
E:\Supriya's_MicroserviceProjects\spring-petclinic\src\test\java\org\springframework\samples\petclinic\service\ClinicServiceTests.java,org.springframework.samples.petclinic.service.ClinicServiceTests,shouldUpdateOwner/0,oldLastName,1
E:\Supriya's_MicroserviceProjects\spring-petclinic\src\test\java\org\springframework\samples\petclinic\service\ClinicServiceTests.java,org.springframework.samples.petclinic.service.ClinicServiceTests,shouldUpdateOwner/0,newLastName,2
E:\Supriya's_MicroserviceProjects\spring-petclinic\src\test\java\org\springframework\samples\petclinic\service\ClinicServiceTests.java,org.springframework.samples.petclinic.service.ClinicServiceTests,shouldFindVets/0,vet,4
E:\Supriya's_MicroserviceProjects\spring-petclinic\src\test\java\org\springframework\samples\petclinic\service\ClinicServiceTests.java,org.springframework.samples.petclinic.service.ClinicServiceTests,shouldFindVets/0,vets,2
E:\Supriya's_MicroserviceProjects\spring-petclinic\src\test\java\org\springframework\samples\petclinic\service\ClinicServiceTests.java,org.springframework.samples.petclinic.service.ClinicServiceTests,shouldFindOwnersByLastName/0,owners,5
E:\Supriya's_MicroserviceProjects\spring-petclinic\src\test\java\org\springframework\samples\petclinic\service\ClinicServiceTests.java,org.springframework.samples.petclinic.service.ClinicServiceTests,shouldInsertPetIntoDatabaseAndGenerateId/0,types,1
E:\Supriya's_MicroserviceProjects\spring-petclinic\src\test\java\org\springframework\samples\petclinic\service\ClinicServiceTests.java,org.springframework.samples.petclinic.service.ClinicServiceTests,shouldInsertPetIntoDatabaseAndGenerateId/0,found,2
E:\Supriya's_MicroserviceProjects\spring-petclinic\src\test\java\org\springframework\samples\petclinic\service\ClinicServiceTests.java,org.springframework.samples.petclinic.service.ClinicServiceTests,shouldInsertPetIntoDatabaseAndGenerateId/0,owner6,7
E:\Supriya's_MicroserviceProjects\spring-petclinic\src\test\java\org\springframework\samples\petclinic\service\ClinicServiceTests.java,org.springframework.samples.petclinic.service.ClinicServiceTests,shouldInsertPetIntoDatabaseAndGenerateId/0,pet,6
E:\Supriya's_MicroserviceProjects\spring-petclinic\src\test\java\org\springframework\samples\petclinic\service\ClinicServiceTests.java,org.springframework.samples.petclinic.service.ClinicServiceTests,shouldAddNewVisitForPet/0,found,1
E:\Supriya's_MicroserviceProjects\spring-petclinic\src\test\java\org\springframework\samples\petclinic\service\ClinicServiceTests.java,org.springframework.samples.petclinic.service.ClinicServiceTests,shouldAddNewVisitForPet/0,owner6,4
E:\Supriya's_MicroserviceProjects\spring-petclinic\src\test\java\org\springframework\samples\petclinic\service\ClinicServiceTests.java,org.springframework.samples.petclinic.service.ClinicServiceTests,shouldAddNewVisitForPet/0,visit,2
E:\Supriya's_MicroserviceProjects\spring-petclinic\src\test\java\org\springframework\samples\petclinic\service\ClinicServiceTests.java,org.springframework.samples.petclinic.service.ClinicServiceTests,shouldAddNewVisitForPet/0,pet7,3
E:\Supriya's_MicroserviceProjects\spring-petclinic\src\test\java\org\springframework\samples\petclinic\service\ClinicServiceTests.java,org.springframework.samples.petclinic.service.ClinicServiceTests,shouldAddNewVisitForPet/0,value,1
E:\Supriya's_MicroserviceProjects\spring-petclinic\src\test\java\org\springframework\samples\petclinic\vet\VetTests.java,org.springframework.samples.petclinic.vet.VetTests,testSerialization/0,other,3
E:\Supriya's_MicroserviceProjects\spring-petclinic\src\test\java\org\springframework\samples\petclinic\vet\VetTests.java,org.springframework.samples.petclinic.vet.VetTests,testSerialization/0,vet,7
