file,class,method,constructor,line,cbo,cboModified,fanin,fanout,wmc,rfc,loc,returnsQty,variablesQty,parametersQty,methodsInvokedQty,methodsInvokedLocalQty,methodsInvokedIndirectLocalQty,loopQty,comparisonsQty,tryCatchQty,parenthesizedExpsQty,stringLiteralsQty,numbersQty,assignmentsQty,mathOperationsQty,maxNestedBlocksQty,anonymousClassesQty,innerClassesQty,lambdasQty,uniqueWordsQty,modifiers,logStatementsQty,hasJavaDoc
E:\Supriya's_MicroserviceProjects\spring-petclinic\src\main\java\org\springframework\samples\petclinic\owner\Pet.java,org.springframework.samples.petclinic.owner.Pet,getType/0,false,68,1,2,2,0,1,0,3,1,0,0,0,0,0,0,0,0,0,0,0,0,0,0,0,0,0,3,1,0,false
E:\Supriya's_MicroserviceProjects\spring-petclinic\src\main\java\org\springframework\samples\petclinic\owner\Pet.java,org.springframework.samples.petclinic.owner.Pet,getBirthDate/0,false,64,0,3,3,0,1,0,3,1,0,0,0,0,0,0,0,0,0,0,0,0,0,0,0,0,0,4,1,0,false
E:\Supriya's_MicroserviceProjects\spring-petclinic\src\main\java\org\springframework\samples\petclinic\owner\Pet.java,org.springframework.samples.petclinic.owner.Pet,setType/1[org.springframework.samples.petclinic.owner.PetType],false,72,1,2,2,0,1,0,3,0,0,1,0,0,0,0,0,0,0,0,0,1,0,0,0,0,0,4,1,0,false
E:\Supriya's_MicroserviceProjects\spring-petclinic\src\main\java\org\springframework\samples\petclinic\owner\Pet.java,org.springframework.samples.petclinic.owner.Pet,getVisits/0,false,76,1,5,5,0,1,0,3,1,0,0,0,0,0,0,0,0,0,0,0,0,0,0,0,0,0,2,1,0,false
E:\Supriya's_MicroserviceProjects\spring-petclinic\src\main\java\org\springframework\samples\petclinic\owner\Pet.java,org.springframework.samples.petclinic.owner.Pet,addVisit/1[org.springframework.samples.petclinic.owner.Visit],false,80,2,3,2,1,1,2,3,0,0,1,2,1,1,0,0,0,0,0,0,0,0,0,0,0,0,5,1,0,false
E:\Supriya's_MicroserviceProjects\spring-petclinic\src\main\java\org\springframework\samples\petclinic\owner\Pet.java,org.springframework.samples.petclinic.owner.Pet,setBirthDate/1[java.time.LocalDate],false,60,0,2,2,0,1,0,3,0,0,1,0,0,0,0,0,0,0,0,0,1,0,0,0,0,0,5,1,0,false
E:\Supriya's_MicroserviceProjects\spring-petclinic\src\test\java\org\springframework\samples\petclinic\PetClinicIntegrationTests.java,org.springframework.samples.petclinic.PetClinicIntegrationTests,testOwnerDetails/0,false,53,3,0,0,0,1,7,5,0,2,0,7,0,0,0,0,0,0,2,0,2,1,0,0,0,0,11,0,0,false
E:\Supriya's_MicroserviceProjects\spring-petclinic\src\test\java\org\springframework\samples\petclinic\PetClinicIntegrationTests.java,org.springframework.samples.petclinic.PetClinicIntegrationTests,testFindAll/0,false,47,2,1,0,1,1,1,4,0,0,0,1,0,0,0,0,0,0,0,0,0,0,0,0,0,0,4,0,0,false
E:\Supriya's_MicroserviceProjects\spring-petclinic\src\test\java\org\springframework\samples\petclinic\PetClinicIntegrationTests.java,org.springframework.samples.petclinic.PetClinicIntegrationTests,main/1[java.lang.String[]],false,59,1,0,0,0,1,1,3,0,0,1,1,0,0,0,0,0,0,0,0,0,0,0,0,0,0,2,9,0,false
E:\Supriya's_MicroserviceProjects\spring-petclinic\src\test\java\org\springframework\samples\petclinic\model\ValidatorTests.java,org.springframework.samples.petclinic.model.ValidatorTests,shouldNotValidateWhenFirstNameEmpty/0,false,44,5,4,0,4,1,13,12,0,4,0,13,1,1,0,0,0,0,4,1,4,0,0,0,0,0,19,0,0,false
E:\Supriya's_MicroserviceProjects\spring-petclinic\src\test\java\org\springframework\samples\petclinic\model\ValidatorTests.java,org.springframework.samples.petclinic.model.ValidatorTests,createValidator/0,false,37,2,1,1,0,1,1,5,1,1,0,1,0,0,0,0,0,0,0,0,1,0,0,0,0,0,6,2,0,false
E:\Supriya's_MicroserviceProjects\spring-petclinic\src\main\java\org\springframework\samples\petclinic\system\CrashController.java,org.springframework.samples.petclinic.system.CrashController,triggerException/0,false,32,1,0,0,0,1,0,3,0,0,0,0,0,0,0,0,0,0,3,0,0,1,0,0,0,0,12,1,0,false
E:\Supriya's_MicroserviceProjects\spring-petclinic\src\test\java\org\springframework\samples\petclinic\vet\VetControllerTests.java,org.springframework.samples.petclinic.vet.VetControllerTests,testShowVetListHtml/0,false,83,1,0,0,0,1,9,3,0,0,0,9,0,0,0,0,0,0,3,0,0,0,0,0,0,0,9,0,0,false
E:\Supriya's_MicroserviceProjects\spring-petclinic\src\test\java\org\springframework\samples\petclinic\vet\VetControllerTests.java,org.springframework.samples.petclinic.vet.VetControllerTests,testShowResourcesVetList/0,false,93,2,0,0,0,1,10,4,0,1,0,10,0,0,0,0,0,0,2,1,1,0,0,0,0,0,14,0,0,false
E:\Supriya's_MicroserviceProjects\spring-petclinic\src\test\java\org\springframework\samples\petclinic\vet\VetControllerTests.java,org.springframework.samples.petclinic.vet.VetControllerTests,helen/0,false,62,5,8,1,7,1,5,11,1,2,0,5,0,0,0,0,0,0,3,2,2,0,0,0,0,0,4,2,0,false
E:\Supriya's_MicroserviceProjects\spring-petclinic\src\test\java\org\springframework\samples\petclinic\vet\VetControllerTests.java,org.springframework.samples.petclinic.vet.VetControllerTests,setup/0,false,75,5,4,0,4,1,8,4,0,0,0,8,2,1,0,0,0,0,0,0,0,0,0,0,0,0,4,0,0,false
E:\Supriya's_MicroserviceProjects\spring-petclinic\src\test\java\org\springframework\samples\petclinic\vet\VetControllerTests.java,org.springframework.samples.petclinic.vet.VetControllerTests,james/0,false,54,3,5,1,4,1,3,7,1,1,0,3,0,0,0,0,0,0,2,1,1,0,0,0,0,0,2,2,0,false
E:\Supriya's_MicroserviceProjects\spring-petclinic\src\main\java\org\springframework\samples\petclinic\owner\Visit.java,org.springframework.samples.petclinic.owner.Visit,getDate/0,false,52,0,0,0,0,1,0,3,1,0,0,0,0,0,0,0,0,0,0,0,0,0,0,0,0,0,3,1,0,false
E:\Supriya's_MicroserviceProjects\spring-petclinic\src\main\java\org\springframework\samples\petclinic\owner\Visit.java,org.springframework.samples.petclinic.owner.Visit,getDescription/0,false,60,0,0,0,0,1,0,3,1,0,0,0,0,0,0,0,0,0,0,0,0,0,0,0,0,0,2,1,0,false
E:\Supriya's_MicroserviceProjects\spring-petclinic\src\main\java\org\springframework\samples\petclinic\owner\Visit.java,org.springframework.samples.petclinic.owner.Visit,Visit/0,true,48,0,3,3,0,1,1,3,0,0,0,1,0,0,0,0,0,0,0,0,1,0,0,0,0,0,8,1,0,true
E:\Supriya's_MicroserviceProjects\spring-petclinic\src\main\java\org\springframework\samples\petclinic\owner\Visit.java,org.springframework.samples.petclinic.owner.Visit,setDate/1[java.time.LocalDate],false,56,0,1,1,0,1,0,3,0,0,1,0,0,0,0,0,0,0,0,0,1,0,0,0,0,0,4,1,0,false
E:\Supriya's_MicroserviceProjects\spring-petclinic\src\main\java\org\springframework\samples\petclinic\owner\Visit.java,org.springframework.samples.petclinic.owner.Visit,setDescription/1[java.lang.String],false,64,0,1,1,0,1,0,3,0,0,1,0,0,0,0,0,0,0,0,0,1,0,0,0,0,0,3,1,0,false
E:\Supriya's_MicroserviceProjects\spring-petclinic\src\main\java\org\springframework\samples\petclinic\owner\PetTypeFormatter.java,org.springframework.samples.petclinic.owner.PetTypeFormatter,PetTypeFormatter/1[org.springframework.samples.petclinic.owner.OwnerRepository],true,42,2,1,1,0,1,0,3,0,0,1,0,0,0,0,0,0,0,0,0,1,0,0,0,0,0,6,1,0,false
E:\Supriya's_MicroserviceProjects\spring-petclinic\src\main\java\org\springframework\samples\petclinic\owner\PetTypeFormatter.java,org.springframework.samples.petclinic.owner.PetTypeFormatter,"print/2[org.springframework.samples.petclinic.owner.PetType,java.util.Locale]",false,47,2,2,1,1,1,1,3,1,0,2,1,0,0,0,0,0,0,0,0,0,0,0,0,0,0,4,1,0,false
E:\Supriya's_MicroserviceProjects\spring-petclinic\src\main\java\org\springframework\samples\petclinic\owner\PetTypeFormatter.java,org.springframework.samples.petclinic.owner.PetTypeFormatter,"parse/2[java.lang.String,java.util.Locale]",false,52,3,3,1,2,3,3,9,1,1,2,3,0,0,1,0,0,0,1,1,1,1,2,0,0,0,11,1,0,false
E:\Supriya's_MicroserviceProjects\spring-petclinic\src\main\java\org\springframework\samples\petclinic\vet\VetController.java,org.springframework.samples.petclinic.vet.VetController,"showVetList/2[int,org.springframework.samples.petclinic.vet.Model]",false,45,6,4,0,4,1,5,6,1,2,2,5,2,1,0,0,0,0,2,0,2,0,0,0,0,0,15,1,0,false
E:\Supriya's_MicroserviceProjects\spring-petclinic\src\main\java\org\springframework\samples\petclinic\vet\VetController.java,org.springframework.samples.petclinic.vet.VetController,findPaginated/1[int],false,63,4,2,1,1,1,2,5,1,2,1,2,0,0,0,0,0,0,0,2,2,1,0,0,0,0,6,2,0,false
E:\Supriya's_MicroserviceProjects\spring-petclinic\src\main\java\org\springframework\samples\petclinic\vet\VetController.java,org.springframework.samples.petclinic.vet.VetController,"addPaginationModel/3[int,org.springframework.samples.petclinic.vet.Page<org.springframework.samples.petclinic.vet.Vet>,org.springframework.samples.petclinic.vet.Model]",false,54,3,1,1,0,1,4,8,1,1,3,4,0,0,0,0,0,0,5,0,1,0,0,0,0,0,6,2,0,false
E:\Supriya's_MicroserviceProjects\spring-petclinic\src\main\java\org\springframework\samples\petclinic\vet\VetController.java,org.springframework.samples.petclinic.vet.VetController,showResourcesVetList/0,false,70,4,3,0,3,1,3,5,1,1,0,3,0,0,0,0,0,0,1,0,1,0,0,0,0,0,6,1,0,false
E:\Supriya's_MicroserviceProjects\spring-petclinic\src\main\java\org\springframework\samples\petclinic\vet\VetController.java,org.springframework.samples.petclinic.vet.VetController,VetController/1[org.springframework.samples.petclinic.vet.VetRepository],true,40,1,0,0,0,1,0,3,0,0,1,0,0,0,0,0,0,0,0,0,1,0,0,0,0,0,5,1,0,false
E:\Supriya's_MicroserviceProjects\spring-petclinic\src\test\java\org\springframework\samples\petclinic\system\CrashControllerTests.java,org.springframework.samples.petclinic.system.CrashControllerTests,testTriggerException/0,false,37,1,0,0,0,1,4,7,0,1,0,4,0,0,0,0,0,0,1,0,1,0,1,0,0,1,18,0,0,false
E:\Supriya's_MicroserviceProjects\spring-petclinic\src\test\java\org\springframework\samples\petclinic\service\EntityUtils.java,org.springframework.samples.petclinic.service.EntityUtils,"getById/3[java.util.Collection<T>,java.lang.Class<T>,int]",false,44,3,1,0,1,4,2,8,1,0,3,2,0,0,1,1,0,0,0,0,0,0,2,0,0,0,28,9,0,true
E:\Supriya's_MicroserviceProjects\spring-petclinic\src\main\java\org\springframework\samples\petclinic\owner\PetValidator.java,org.springframework.samples.petclinic.owner.PetValidator,supports/1[java.lang.Class<?>],false,60,1,0,0,0,1,1,3,1,0,1,1,0,0,0,0,0,0,0,0,0,0,0,0,0,0,8,1,0,true
E:\Supriya's_MicroserviceProjects\spring-petclinic\src\main\java\org\springframework\samples\petclinic\owner\PetValidator.java,org.springframework.samples.petclinic.owner.PetValidator,"validate/2[java.lang.Object,org.springframework.samples.petclinic.owner.Errors]",false,37,4,4,0,4,5,6,13,0,2,2,6,0,0,0,2,0,0,3,0,2,0,1,0,0,0,8,1,0,false
E:\Supriya's_MicroserviceProjects\spring-petclinic\src\main\java\org\springframework\samples\petclinic\system\CacheConfiguration.java,org.springframework.samples.petclinic.system.CacheConfiguration,petclinicCacheConfigurationCustomizer/0,false,36,2,0,0,0,1,2,3,1,1,0,2,1,1,0,0,0,0,1,0,0,0,0,0,0,1,7,1,0,false
E:\Supriya's_MicroserviceProjects\spring-petclinic\src\main\java\org\springframework\samples\petclinic\system\CacheConfiguration.java,org.springframework.samples.petclinic.system.CacheConfiguration,cacheConfiguration/0,false,49,1,0,0,0,1,1,3,1,0,0,1,0,0,0,0,0,0,0,0,0,0,0,0,0,0,40,2,0,true
E:\Supriya's_MicroserviceProjects\spring-petclinic\.mvn\wrapper\MavenWrapperDownloader.java,MavenWrapperDownloader,main/1[java.lang.String[]],false,48,1,1,0,1,8,11,46,0,6,1,11,1,1,0,1,3,0,10,3,8,5,4,0,0,0,43,9,0,false
E:\Supriya's_MicroserviceProjects\spring-petclinic\.mvn\wrapper\MavenWrapperDownloader.java,MavenWrapperDownloader,"downloadFileFromURL/2[java.lang.String,java.io.File]",false,97,1,2,1,1,3,9,19,0,5,2,9,0,0,0,2,0,0,4,1,5,0,1,1,0,0,25,10,0,false
E:\Supriya's_MicroserviceProjects\spring-petclinic\src\test\java\org\springframework\samples\petclinic\owner\VisitControllerTests.java,org.springframework.samples.petclinic.owner.VisitControllerTests,init/0,false,56,5,5,0,5,1,5,7,0,2,0,5,0,0,0,0,0,0,0,0,2,0,0,0,0,0,17,0,0,false
E:\Supriya's_MicroserviceProjects\spring-petclinic\src\test\java\org\springframework\samples\petclinic\owner\VisitControllerTests.java,org.springframework.samples.petclinic.owner.VisitControllerTests,testInitNewVisitForm/0,false,65,1,0,0,0,1,7,3,0,0,0,7,0,0,0,0,0,0,2,0,0,0,0,0,0,0,15,0,0,false
E:\Supriya's_MicroserviceProjects\spring-petclinic\src\test\java\org\springframework\samples\petclinic\owner\VisitControllerTests.java,org.springframework.samples.petclinic.owner.VisitControllerTests,testProcessNewVisitFormSuccess/0,false,72,1,0,0,0,1,8,3,0,0,0,8,0,0,0,0,0,0,6,0,0,0,0,0,0,0,16,0,0,false
E:\Supriya's_MicroserviceProjects\spring-petclinic\src\test\java\org\springframework\samples\petclinic\owner\VisitControllerTests.java,org.springframework.samples.petclinic.owner.VisitControllerTests,testProcessNewVisitFormHasErrors/0,false,82,1,0,0,0,1,10,3,0,0,0,10,0,0,0,0,0,0,5,0,0,0,0,0,0,0,18,0,0,false
E:\Supriya's_MicroserviceProjects\spring-petclinic\src\test\java\org\springframework\samples\petclinic\owner\PetControllerTests.java,org.springframework.samples.petclinic.owner.PetControllerTests,testProcessCreationFormSuccess/0,false,81,1,0,0,0,1,8,3,0,0,0,8,0,0,0,0,0,0,8,0,0,0,0,0,0,0,13,0,0,false
E:\Supriya's_MicroserviceProjects\spring-petclinic\src\test\java\org\springframework\samples\petclinic\owner\PetControllerTests.java,org.springframework.samples.petclinic.owner.PetControllerTests,testInitUpdateForm/0,false,104,1,0,0,0,1,9,3,0,0,0,9,0,0,0,0,0,0,3,0,0,0,0,0,0,0,14,0,0,false
E:\Supriya's_MicroserviceProjects\spring-petclinic\src\test\java\org\springframework\samples\petclinic\owner\PetControllerTests.java,org.springframework.samples.petclinic.owner.PetControllerTests,testInitCreationForm/0,false,73,1,0,0,0,1,9,3,0,0,0,9,0,0,0,0,0,0,3,0,0,0,0,0,0,0,13,0,0,false
E:\Supriya's_MicroserviceProjects\spring-petclinic\src\test\java\org\springframework\samples\petclinic\owner\PetControllerTests.java,org.springframework.samples.petclinic.owner.PetControllerTests,testProcessUpdateFormHasErrors/0,false,122,1,0,0,0,1,11,3,0,0,0,11,0,0,0,0,0,0,8,0,0,0,0,0,0,0,16,0,0,false
E:\Supriya's_MicroserviceProjects\spring-petclinic\src\test\java\org\springframework\samples\petclinic\owner\PetControllerTests.java,org.springframework.samples.petclinic.owner.PetControllerTests,testProcessCreationFormHasErrors/0,false,91,1,0,0,0,1,13,3,0,0,0,13,0,0,0,0,0,0,13,0,0,0,0,0,0,0,15,0,0,false
E:\Supriya's_MicroserviceProjects\spring-petclinic\src\test\java\org\springframework\samples\petclinic\owner\PetControllerTests.java,org.springframework.samples.petclinic.owner.PetControllerTests,setup/0,false,60,7,8,0,8,1,8,11,0,3,0,8,0,0,0,0,0,0,1,1,3,0,0,0,0,0,19,0,0,false
E:\Supriya's_MicroserviceProjects\spring-petclinic\src\test\java\org\springframework\samples\petclinic\owner\PetControllerTests.java,org.springframework.samples.petclinic.owner.PetControllerTests,testProcessUpdateFormSuccess/0,false,112,1,0,0,0,1,8,3,0,0,0,8,0,0,0,0,0,0,8,0,0,0,0,0,0,0,14,0,0,false
E:\Supriya's_MicroserviceProjects\spring-petclinic\src\test\java\org\springframework\samples\petclinic\PostgresIntegrationTests.java,org.springframework.samples.petclinic.PostgresIntegrationTests,main/1[java.lang.String[]],false,70,3,1,0,1,1,4,3,0,0,1,4,0,0,0,0,0,0,2,0,0,0,0,0,0,0,7,9,0,false
E:\Supriya's_MicroserviceProjects\spring-petclinic\src\test\java\org\springframework\samples\petclinic\PostgresIntegrationTests.java,org.springframework.samples.petclinic.PostgresIntegrationTests,testOwnerDetails/0,false,87,3,0,0,0,1,7,5,0,2,0,7,0,0,0,0,0,0,2,0,2,1,0,0,0,0,11,0,0,false
E:\Supriya's_MicroserviceProjects\spring-petclinic\src\test\java\org\springframework\samples\petclinic\PostgresIntegrationTests.java,org.springframework.samples.petclinic.PostgresIntegrationTests,available/0,false,66,1,0,0,0,1,3,3,0,0,0,3,0,0,0,0,0,0,1,0,0,0,0,0,0,0,4,8,0,false
E:\Supriya's_MicroserviceProjects\spring-petclinic\src\test\java\org\springframework\samples\petclinic\PostgresIntegrationTests.java,org.springframework.samples.petclinic.PostgresIntegrationTests,testFindAll/0,false,81,2,1,0,1,1,1,4,0,0,0,1,0,0,0,0,0,0,0,0,0,0,0,0,0,0,4,0,0,false
E:\Supriya's_MicroserviceProjects\spring-petclinic\src\main\java\org\springframework\samples\petclinic\owner\VisitController.java,org.springframework.samples.petclinic.owner.VisitController,"processNewVisitForm/5[org.springframework.samples.petclinic.owner.Owner,int,org.springframework.samples.petclinic.owner.Visit,org.springframework.samples.petclinic.owner.BindingResult,org.springframework.samples.petclinic.owner.RedirectAttributes]",false,85,9,2,0,2,2,4,9,2,0,5,4,0,0,0,0,0,0,5,0,0,0,1,0,0,0,16,1,0,false
E:\Supriya's_MicroserviceProjects\spring-petclinic\src\main\java\org\springframework\samples\petclinic\owner\VisitController.java,org.springframework.samples.petclinic.owner.VisitController,setAllowedFields/1[org.springframework.samples.petclinic.owner.WebDataBinder],false,49,2,0,0,0,1,1,3,0,0,1,1,0,0,0,0,0,0,1,0,0,0,0,0,0,0,7,1,0,false
E:\Supriya's_MicroserviceProjects\spring-petclinic\src\main\java\org\springframework\samples\petclinic\owner\VisitController.java,org.springframework.samples.petclinic.owner.VisitController,VisitController/1[org.springframework.samples.petclinic.owner.OwnerRepository],true,44,1,0,0,0,1,0,3,0,0,1,0,0,0,0,0,0,0,0,0,1,0,0,0,0,0,5,1,0,false
E:\Supriya's_MicroserviceProjects\spring-petclinic\src\main\java\org\springframework\samples\petclinic\owner\VisitController.java,org.springframework.samples.petclinic.owner.VisitController,initNewVisitForm/0,false,77,1,0,0,0,1,0,3,1,0,0,0,0,0,0,0,0,0,2,0,0,0,0,0,0,0,10,1,0,false
E:\Supriya's_MicroserviceProjects\spring-petclinic\src\main\java\org\springframework\samples\petclinic\owner\VisitController.java,org.springframework.samples.petclinic.owner.VisitController,"loadPetWithVisit/3[int,int,java.util.Map<java.lang.String,java.lang.Object>]",false,62,6,4,0,4,1,4,9,1,3,3,4,0,0,0,0,0,0,5,0,3,0,0,0,0,0,41,1,0,true
E:\Supriya's_MicroserviceProjects\spring-petclinic\src\main\java\org\springframework\samples\petclinic\PetClinicRuntimeHints.java,org.springframework.samples.petclinic.PetClinicRuntimeHints,"registerHints/2[org.springframework.samples.petclinic.RuntimeHints,java.lang.ClassLoader]",false,28,4,0,0,0,1,4,9,0,0,2,4,0,0,0,0,0,0,4,0,0,0,0,0,0,0,10,1,0,false
E:\Supriya's_MicroserviceProjects\spring-petclinic\src\test\java\org\springframework\samples\petclinic\PostgresIntegrationTests.java,org.springframework.samples.petclinic.PostgresIntegrationTests$PropertiesLogger,findPropertiesPropertySources/0,false,128,2,1,1,0,3,2,9,1,1,0,2,0,0,1,0,0,0,0,0,1,0,2,0,0,0,9,2,0,false
E:\Supriya's_MicroserviceProjects\spring-petclinic\src\test\java\org\springframework\samples\petclinic\PostgresIntegrationTests.java,org.springframework.samples.petclinic.PostgresIntegrationTests$PropertiesLogger,onApplicationEvent/1[org.springframework.samples.petclinic.ApplicationPreparedEvent],false,102,2,1,0,1,2,3,7,0,0,1,3,1,2,0,0,0,0,0,0,2,0,1,0,0,0,12,1,0,false
E:\Supriya's_MicroserviceProjects\spring-petclinic\src\test\java\org\springframework\samples\petclinic\PostgresIntegrationTests.java,org.springframework.samples.petclinic.PostgresIntegrationTests$PropertiesLogger,printProperties/0,false,110,2,2,1,1,4,8,17,0,3,0,8,1,1,2,0,0,0,4,0,3,3,3,0,0,0,18,1,3,false
E:\Supriya's_MicroserviceProjects\spring-petclinic\src\main\java\org\springframework\samples\petclinic\model\BaseEntity.java,org.springframework.samples.petclinic.model.BaseEntity,isNew/0,false,47,0,6,6,0,2,0,3,1,0,0,0,0,0,0,1,0,0,0,0,0,0,0,0,0,0,3,1,0,false
E:\Supriya's_MicroserviceProjects\spring-petclinic\src\main\java\org\springframework\samples\petclinic\model\BaseEntity.java,org.springframework.samples.petclinic.model.BaseEntity,getId/0,false,39,0,10,10,0,1,0,3,1,0,0,0,0,0,0,0,0,0,0,0,0,0,0,0,0,0,4,1,0,false
E:\Supriya's_MicroserviceProjects\spring-petclinic\src\main\java\org\springframework\samples\petclinic\model\BaseEntity.java,org.springframework.samples.petclinic.model.BaseEntity,setId/1[java.lang.Integer],false,43,0,7,7,0,1,0,3,0,0,1,0,0,0,0,0,0,0,0,0,1,0,0,0,0,0,4,1,0,false
E:\Supriya's_MicroserviceProjects\spring-petclinic\src\test\java\org\springframework\samples\petclinic\owner\PetTypeFormatterTests.java,org.springframework.samples.petclinic.owner.PetTypeFormatterTests$Anonymous2,(initializer 2),false,90,1,1,0,1,1,1,3,0,0,0,1,0,0,0,0,0,0,1,0,0,0,0,0,0,0,2,0,0,false
E:\Supriya's_MicroserviceProjects\spring-petclinic\src\test\java\org\springframework\samples\petclinic\owner\PetTypeFormatterTests.java,org.springframework.samples.petclinic.owner.PetTypeFormatterTests$Anonymous1,(initializer 1),false,85,1,1,0,1,1,1,3,0,0,0,1,0,0,0,0,0,0,1,0,0,0,0,0,0,0,2,0,0,false
E:\Supriya's_MicroserviceProjects\spring-petclinic\src\main\java\org\springframework\samples\petclinic\PetClinicApplication.java,org.springframework.samples.petclinic.PetClinicApplication,main/1[java.lang.String[]],false,37,1,0,0,0,1,1,3,0,0,1,1,0,0,0,0,0,0,0,0,0,0,0,0,0,0,2,9,0,false
E:\Supriya's_MicroserviceProjects\spring-petclinic\src\main\java\org\springframework\samples\petclinic\model\NamedEntity.java,org.springframework.samples.petclinic.model.NamedEntity,toString/0,false,43,1,1,0,1,1,1,3,1,0,0,1,1,1,0,0,0,0,0,0,0,0,0,0,0,0,2,1,0,false
E:\Supriya's_MicroserviceProjects\spring-petclinic\src\main\java\org\springframework\samples\petclinic\model\NamedEntity.java,org.springframework.samples.petclinic.model.NamedEntity,getName/0,false,34,0,12,12,0,1,0,3,1,0,0,0,0,0,0,0,0,0,0,0,0,0,0,0,0,0,2,1,0,false
E:\Supriya's_MicroserviceProjects\spring-petclinic\src\main\java\org\springframework\samples\petclinic\model\NamedEntity.java,org.springframework.samples.petclinic.model.NamedEntity,setName/1[java.lang.String],false,38,0,8,8,0,1,0,3,0,0,1,0,0,0,0,0,0,0,0,0,1,0,0,0,0,0,3,1,0,false
E:\Supriya's_MicroserviceProjects\spring-petclinic\src\main\java\org\springframework\samples\petclinic\vet\Vets.java,org.springframework.samples.petclinic.vet.Vets,getVetList/0,false,36,2,2,2,0,2,0,6,1,0,0,0,0,0,0,1,0,0,0,0,1,0,1,0,0,0,5,1,0,false
E:\Supriya's_MicroserviceProjects\spring-petclinic\src\main\java\org\springframework\samples\petclinic\vet\VetRepository.java,org.springframework.samples.petclinic.vet.VetRepository,findAll/0,false,40,3,6,6,0,1,0,1,0,0,0,0,0,0,0,0,0,0,1,0,0,0,0,0,0,0,17,0,0,true
E:\Supriya's_MicroserviceProjects\spring-petclinic\src\main\java\org\springframework\samples\petclinic\vet\VetRepository.java,org.springframework.samples.petclinic.vet.VetRepository,findAll/1[org.springframework.samples.petclinic.vet.Pageable],false,48,5,2,2,0,1,0,1,0,0,1,0,0,0,0,0,0,0,1,0,0,0,0,0,0,0,19,0,0,true
E:\Supriya's_MicroserviceProjects\spring-petclinic\src\test\java\org\springframework\samples\petclinic\system\CrashControllerIntegrationTests.java,org.springframework.samples.petclinic.system.CrashControllerIntegrationTests,testTriggerExceptionHtml/0,false,81,4,0,0,0,1,10,10,0,2,0,10,0,0,0,0,0,0,23,0,2,1,0,0,0,0,20,0,0,false
E:\Supriya's_MicroserviceProjects\spring-petclinic\src\test\java\org\springframework\samples\petclinic\system\CrashControllerIntegrationTests.java,org.springframework.samples.petclinic.system.CrashControllerIntegrationTests,testTriggerExceptionJson/0,false,65,3,0,0,0,1,10,12,0,1,0,10,0,0,0,0,0,0,9,0,1,1,0,1,0,0,18,0,0,false
E:\Supriya's_MicroserviceProjects\spring-petclinic\src\main\java\org\springframework\samples\petclinic\owner\OwnerRepository.java,org.springframework.samples.petclinic.owner.OwnerRepository,"findByLastName/2[java.lang.String,org.springframework.samples.petclinic.owner.Pageable]",false,48,6,7,7,0,1,0,1,0,0,2,0,0,0,0,0,0,0,2,0,0,0,0,0,0,0,55,0,0,true
E:\Supriya's_MicroserviceProjects\spring-petclinic\src\main\java\org\springframework\samples\petclinic\owner\OwnerRepository.java,org.springframework.samples.petclinic.owner.OwnerRepository,findPetTypes/0,false,40,3,7,7,0,1,0,1,0,0,0,0,0,0,0,0,0,0,1,0,0,0,0,0,0,0,25,0,0,true
E:\Supriya's_MicroserviceProjects\spring-petclinic\src\main\java\org\springframework\samples\petclinic\owner\OwnerRepository.java,org.springframework.samples.petclinic.owner.OwnerRepository,findById/1[java.lang.Integer],false,60,4,15,15,0,1,0,1,0,0,1,0,0,0,0,0,0,0,2,0,0,0,0,0,0,0,30,0,0,true
E:\Supriya's_MicroserviceProjects\spring-petclinic\src\main\java\org\springframework\samples\petclinic\owner\OwnerRepository.java,org.springframework.samples.petclinic.owner.OwnerRepository,findAll/1[org.springframework.samples.petclinic.owner.Pageable],false,75,5,1,1,0,1,0,1,0,0,1,0,0,0,0,0,0,0,1,0,0,0,0,0,0,0,20,0,0,true
E:\Supriya's_MicroserviceProjects\spring-petclinic\src\main\java\org\springframework\samples\petclinic\owner\OwnerRepository.java,org.springframework.samples.petclinic.owner.OwnerRepository,save/1[org.springframework.samples.petclinic.owner.Owner],false,69,1,10,10,0,1,0,1,0,0,1,0,0,0,0,0,0,0,0,0,0,0,0,0,0,0,12,0,0,true
E:\Supriya's_MicroserviceProjects\spring-petclinic\src\main\java\org\springframework\samples\petclinic\system\WelcomeController.java,org.springframework.samples.petclinic.system.WelcomeController,welcome/0,false,26,1,0,0,0,1,0,3,1,0,0,0,0,0,0,0,0,0,2,0,0,0,0,0,0,0,1,1,0,false
E:\Supriya's_MicroserviceProjects\spring-petclinic\src\test\java\org\springframework\samples\petclinic\MySqlIntegrationTests.java,org.springframework.samples.petclinic.MySqlIntegrationTests,testFindAll/0,false,61,2,1,0,1,1,1,4,0,0,0,1,0,0,0,0,0,0,0,0,0,0,0,0,0,0,4,0,0,false
E:\Supriya's_MicroserviceProjects\spring-petclinic\src\test\java\org\springframework\samples\petclinic\MySqlIntegrationTests.java,org.springframework.samples.petclinic.MySqlIntegrationTests,testOwnerDetails/0,false,67,3,0,0,0,1,7,5,0,2,0,7,0,0,0,0,0,0,2,0,2,1,0,0,0,0,11,0,0,false
E:\Supriya's_MicroserviceProjects\spring-petclinic\src\test\java\org\springframework\samples\petclinic\owner\OwnerControllerTests.java,org.springframework.samples.petclinic.owner.OwnerControllerTests$Anonymous1,matches/1[java.lang.Object],false,230,1,1,0,1,2,3,8,2,2,1,3,0,0,0,0,0,0,1,1,2,0,1,0,0,0,8,1,0,false
E:\Supriya's_MicroserviceProjects\spring-petclinic\src\test\java\org\springframework\samples\petclinic\owner\OwnerControllerTests.java,org.springframework.samples.petclinic.owner.OwnerControllerTests$Anonymous1,describeTo/1[org.springframework.samples.petclinic.owner.Description],false,241,1,0,0,0,1,1,3,0,0,1,1,0,0,0,0,0,0,1,0,0,0,0,0,0,0,8,1,0,false
E:\Supriya's_MicroserviceProjects\spring-petclinic\src\main\java\org\springframework\samples\petclinic\owner\Owner.java,org.springframework.samples.petclinic.owner.Owner,toString/0,false,146,3,4,0,4,1,6,3,1,0,0,6,0,0,0,0,0,0,7,0,0,0,0,0,0,0,4,1,0,false
E:\Supriya's_MicroserviceProjects\spring-petclinic\src\main\java\org\springframework\samples\petclinic\owner\Owner.java,org.springframework.samples.petclinic.owner.Owner,addPet/1[org.springframework.samples.petclinic.owner.Pet],false,95,3,9,7,2,2,3,5,0,0,1,3,1,1,0,0,0,0,0,0,0,0,1,0,0,0,5,1,0,false
E:\Supriya's_MicroserviceProjects\spring-petclinic\src\main\java\org\springframework\samples\petclinic\owner\Owner.java,org.springframework.samples.petclinic.owner.Owner,getPet/1[java.lang.Integer],false,115,3,10,7,3,4,4,11,2,1,1,4,1,1,1,0,0,0,0,0,1,0,3,0,0,0,23,1,0,true
E:\Supriya's_MicroserviceProjects\spring-petclinic\src\main\java\org\springframework\samples\petclinic\owner\Owner.java,org.springframework.samples.petclinic.owner.Owner,getPets/0,false,91,1,5,5,0,1,0,3,1,0,0,0,0,0,0,0,0,0,0,0,0,0,0,0,0,0,2,1,0,false
E:\Supriya's_MicroserviceProjects\spring-petclinic\src\main\java\org\springframework\samples\petclinic\owner\Owner.java,org.springframework.samples.petclinic.owner.Owner,getAddress/0,false,67,0,0,0,0,1,0,3,1,0,0,0,0,0,0,0,0,0,0,0,0,0,0,0,0,0,2,1,0,false
E:\Supriya's_MicroserviceProjects\spring-petclinic\src\main\java\org\springframework\samples\petclinic\owner\Owner.java,org.springframework.samples.petclinic.owner.Owner,getPet/1[java.lang.String],false,106,2,3,2,1,1,1,3,1,0,1,1,1,2,0,0,0,0,0,0,0,0,0,0,0,0,19,1,0,true
E:\Supriya's_MicroserviceProjects\spring-petclinic\src\main\java\org\springframework\samples\petclinic\owner\Owner.java,org.springframework.samples.petclinic.owner.Owner,"getPet/2[java.lang.String,boolean]",false,132,4,6,3,3,6,5,12,2,1,2,5,1,1,1,1,0,0,0,0,2,0,3,0,0,0,24,1,0,true
E:\Supriya's_MicroserviceProjects\spring-petclinic\src\main\java\org\springframework\samples\petclinic\owner\Owner.java,org.springframework.samples.petclinic.owner.Owner,setTelephone/1[java.lang.String],false,87,0,2,2,0,1,0,3,0,0,1,0,0,0,0,0,0,0,0,0,1,0,0,0,0,0,3,1,0,false
E:\Supriya's_MicroserviceProjects\spring-petclinic\src\main\java\org\springframework\samples\petclinic\owner\Owner.java,org.springframework.samples.petclinic.owner.Owner,getCity/0,false,75,0,0,0,0,1,0,3,1,0,0,0,0,0,0,0,0,0,0,0,0,0,0,0,0,0,2,1,0,false
E:\Supriya's_MicroserviceProjects\spring-petclinic\src\main\java\org\springframework\samples\petclinic\owner\Owner.java,org.springframework.samples.petclinic.owner.Owner,setCity/1[java.lang.String],false,79,0,2,2,0,1,0,3,0,0,1,0,0,0,0,0,0,0,0,0,1,0,0,0,0,0,3,1,0,false
E:\Supriya's_MicroserviceProjects\spring-petclinic\src\main\java\org\springframework\samples\petclinic\owner\Owner.java,org.springframework.samples.petclinic.owner.Owner,"addVisit/2[java.lang.Integer,org.springframework.samples.petclinic.owner.Visit]",false,162,3,4,2,2,1,3,7,0,1,2,3,1,2,0,0,0,0,3,0,1,0,0,0,0,0,19,1,0,true
E:\Supriya's_MicroserviceProjects\spring-petclinic\src\main\java\org\springframework\samples\petclinic\owner\Owner.java,org.springframework.samples.petclinic.owner.Owner,setAddress/1[java.lang.String],false,71,0,2,2,0,1,0,3,0,0,1,0,0,0,0,0,0,0,0,0,1,0,0,0,0,0,3,1,0,false
E:\Supriya's_MicroserviceProjects\spring-petclinic\src\main\java\org\springframework\samples\petclinic\owner\Owner.java,org.springframework.samples.petclinic.owner.Owner,getTelephone/0,false,83,0,0,0,0,1,0,3,1,0,0,0,0,0,0,0,0,0,0,0,0,0,0,0,0,0,2,1,0,false
E:\Supriya's_MicroserviceProjects\spring-petclinic\src\main\java\org\springframework\samples\petclinic\model\Person.java,org.springframework.samples.petclinic.model.Person,getLastName/0,false,46,0,6,6,0,1,0,3,1,0,0,0,0,0,0,0,0,0,0,0,0,0,0,0,0,0,3,1,0,false
E:\Supriya's_MicroserviceProjects\spring-petclinic\src\main\java\org\springframework\samples\petclinic\model\Person.java,org.springframework.samples.petclinic.model.Person,setLastName/1[java.lang.String],false,50,0,8,8,0,1,0,3,0,0,1,0,0,0,0,0,0,0,0,0,1,0,0,0,0,0,4,1,0,false
E:\Supriya's_MicroserviceProjects\spring-petclinic\src\main\java\org\springframework\samples\petclinic\model\Person.java,org.springframework.samples.petclinic.model.Person,getFirstName/0,false,38,0,2,2,0,1,0,3,1,0,0,0,0,0,0,0,0,0,0,0,0,0,0,0,0,0,3,1,0,false
E:\Supriya's_MicroserviceProjects\spring-petclinic\src\main\java\org\springframework\samples\petclinic\model\Person.java,org.springframework.samples.petclinic.model.Person,setFirstName/1[java.lang.String],false,42,0,6,6,0,1,0,3,0,0,1,0,0,0,0,0,0,0,0,0,1,0,0,0,0,0,4,1,0,false
E:\Supriya's_MicroserviceProjects\spring-petclinic\src\test\java\org\springframework\samples\petclinic\owner\OwnerControllerTests.java,org.springframework.samples.petclinic.owner.OwnerControllerTests,testInitCreationForm/0,false,106,1,0,0,0,1,9,3,0,0,0,9,0,0,0,0,0,0,3,0,0,0,0,0,0,0,10,0,0,false
E:\Supriya's_MicroserviceProjects\spring-petclinic\src\test\java\org\springframework\samples\petclinic\owner\OwnerControllerTests.java,org.springframework.samples.petclinic.owner.OwnerControllerTests,testInitUpdateOwnerForm/0,false,172,1,0,0,0,1,12,3,0,0,0,12,0,0,0,0,0,0,18,0,0,0,0,0,0,0,14,0,0,false
E:\Supriya's_MicroserviceProjects\spring-petclinic\src\test\java\org\springframework\samples\petclinic\owner\OwnerControllerTests.java,org.springframework.samples.petclinic.owner.OwnerControllerTests,testProcessFindFormSuccess/0,false,144,7,3,0,3,1,14,5,0,1,0,14,1,1,0,0,0,0,2,0,1,0,0,0,0,0,14,0,0,false
E:\Supriya's_MicroserviceProjects\spring-petclinic\src\test\java\org\springframework\samples\petclinic\owner\OwnerControllerTests.java,org.springframework.samples.petclinic.owner.OwnerControllerTests,testProcessCreationFormHasErrors/0,false,125,1,0,0,0,1,11,3,0,0,0,11,0,0,0,0,0,0,13,0,0,0,0,0,0,0,12,0,0,false
E:\Supriya's_MicroserviceProjects\spring-petclinic\src\test\java\org\springframework\samples\petclinic\owner\OwnerControllerTests.java,org.springframework.samples.petclinic.owner.OwnerControllerTests,testInitFindForm/0,false,136,1,0,0,0,1,9,3,0,0,0,9,0,0,0,0,0,0,3,0,0,0,0,0,0,0,10,0,0,false
E:\Supriya's_MicroserviceProjects\spring-petclinic\src\test\java\org\springframework\samples\petclinic\owner\OwnerControllerTests.java,org.springframework.samples.petclinic.owner.OwnerControllerTests,testProcessFindFormNoOwnersFound/0,false,160,5,1,0,1,1,17,5,0,1,0,17,0,0,0,0,0,0,10,0,1,0,0,0,0,0,14,0,0,false
E:\Supriya's_MicroserviceProjects\spring-petclinic\src\test\java\org\springframework\samples\petclinic\owner\OwnerControllerTests.java,org.springframework.samples.petclinic.owner.OwnerControllerTests,testProcessUpdateOwnerFormSuccess/0,false,185,1,0,0,0,1,8,3,0,0,0,8,0,0,0,0,0,0,12,0,0,0,0,0,0,0,14,0,0,false
E:\Supriya's_MicroserviceProjects\spring-petclinic\src\test\java\org\springframework\samples\petclinic\owner\OwnerControllerTests.java,org.springframework.samples.petclinic.owner.OwnerControllerTests,setup/0,false,90,8,8,0,8,1,14,9,0,2,0,14,1,1,0,0,0,0,2,0,2,0,0,0,0,0,18,0,0,false
E:\Supriya's_MicroserviceProjects\spring-petclinic\src\test\java\org\springframework\samples\petclinic\owner\OwnerControllerTests.java,org.springframework.samples.petclinic.owner.OwnerControllerTests,testProcessUpdateOwnerFormHasErrors/0,false,204,1,0,0,0,1,11,3,0,0,0,11,0,0,0,0,0,0,15,0,0,0,0,0,0,0,15,0,0,false
E:\Supriya's_MicroserviceProjects\spring-petclinic\src\test\java\org\springframework\samples\petclinic\owner\OwnerControllerTests.java,org.springframework.samples.petclinic.owner.OwnerControllerTests,george/0,false,70,6,16,3,13,1,11,18,1,3,0,11,0,0,0,0,0,0,7,1,3,0,0,0,0,0,17,2,0,false
E:\Supriya's_MicroserviceProjects\spring-petclinic\src\test\java\org\springframework\samples\petclinic\owner\OwnerControllerTests.java,org.springframework.samples.petclinic.owner.OwnerControllerTests,testProcessCreationFormSuccess/0,false,114,1,0,0,0,1,6,3,0,0,0,6,0,0,0,0,0,0,11,0,0,0,0,0,0,0,10,0,0,false
E:\Supriya's_MicroserviceProjects\spring-petclinic\src\test\java\org\springframework\samples\petclinic\owner\OwnerControllerTests.java,org.springframework.samples.petclinic.owner.OwnerControllerTests,testProcessUpdateOwnerFormUnchangedSuccess/0,false,197,1,0,0,0,1,7,3,0,0,0,7,0,0,0,0,0,0,2,0,0,0,0,0,0,0,14,0,0,false
E:\Supriya's_MicroserviceProjects\spring-petclinic\src\test\java\org\springframework\samples\petclinic\owner\OwnerControllerTests.java,org.springframework.samples.petclinic.owner.OwnerControllerTests,testShowOwner/0,false,218,3,0,0,0,1,13,16,0,0,0,13,0,0,0,0,0,0,21,0,0,0,0,1,0,0,29,0,0,false
E:\Supriya's_MicroserviceProjects\spring-petclinic\src\test\java\org\springframework\samples\petclinic\owner\OwnerControllerTests.java,org.springframework.samples.petclinic.owner.OwnerControllerTests,testProcessFindFormByLastName/0,false,151,6,2,0,2,1,15,5,0,1,0,15,1,1,0,0,0,0,5,0,1,1,0,0,0,0,25,0,0,false
E:\Supriya's_MicroserviceProjects\spring-petclinic\src\test\java\org\springframework\samples\petclinic\owner\PetTypeFormatterTests.java,org.springframework.samples.petclinic.owner.PetTypeFormatterTests,makePetTypes/0,false,82,1,3,2,1,1,1,16,1,1,0,1,0,0,0,0,0,0,0,0,1,0,0,2,0,0,19,2,0,true
E:\Supriya's_MicroserviceProjects\spring-petclinic\src\test\java\org\springframework\samples\petclinic\owner\PetTypeFormatterTests.java,org.springframework.samples.petclinic.owner.PetTypeFormatterTests,testPrint/0,false,56,4,3,0,3,1,4,6,0,2,0,4,0,0,0,0,0,0,2,0,2,0,0,0,0,0,8,0,0,false
E:\Supriya's_MicroserviceProjects\spring-petclinic\src\test\java\org\springframework\samples\petclinic\owner\PetTypeFormatterTests.java,org.springframework.samples.petclinic.owner.PetTypeFormatterTests,setup/0,false,51,2,1,0,1,1,0,3,0,0,0,0,0,0,0,0,0,0,0,0,1,0,0,0,0,0,5,0,0,false
E:\Supriya's_MicroserviceProjects\spring-petclinic\src\test\java\org\springframework\samples\petclinic\owner\PetTypeFormatterTests.java,org.springframework.samples.petclinic.owner.PetTypeFormatterTests,shouldParse/0,false,64,6,4,0,4,1,8,5,0,1,0,8,1,1,0,0,0,0,2,0,1,0,0,0,0,0,11,0,0,false
E:\Supriya's_MicroserviceProjects\spring-petclinic\src\test\java\org\springframework\samples\petclinic\owner\PetTypeFormatterTests.java,org.springframework.samples.petclinic.owner.PetTypeFormatterTests,shouldThrowParseException/0,false,71,3,2,0,2,1,6,7,0,0,0,6,1,1,0,0,0,0,1,0,0,0,1,0,0,1,8,0,0,false
E:\Supriya's_MicroserviceProjects\spring-petclinic\src\main\java\org\springframework\samples\petclinic\owner\PetController.java,org.springframework.samples.petclinic.owner.PetController,populatePetTypes/0,false,54,3,1,0,1,1,1,3,1,0,0,1,0,0,0,0,0,0,1,0,0,0,0,0,0,0,3,1,0,false
E:\Supriya's_MicroserviceProjects\spring-petclinic\src\main\java\org\springframework\samples\petclinic\owner\PetController.java,org.springframework.samples.petclinic.owner.PetController,PetController/1[org.springframework.samples.petclinic.owner.OwnerRepository],true,49,1,0,0,0,1,0,3,0,0,1,0,0,0,0,0,0,0,0,0,1,0,0,0,0,0,5,1,0,false
E:\Supriya's_MicroserviceProjects\spring-petclinic\src\main\java\org\springframework\samples\petclinic\owner\PetController.java,org.springframework.samples.petclinic.owner.PetController,"findPet/2[int,java.lang.Integer]",false,70,5,3,0,3,3,2,10,2,1,2,2,0,0,0,2,0,0,4,0,1,1,1,0,0,0,16,1,0,false
E:\Supriya's_MicroserviceProjects\spring-petclinic\src\main\java\org\springframework\samples\petclinic\owner\PetController.java,org.springframework.samples.petclinic.owner.PetController,initPetBinder/1[org.springframework.samples.petclinic.owner.WebDataBinder],false,89,3,1,0,1,1,1,3,0,0,1,1,0,0,0,0,0,0,1,0,0,0,0,0,0,0,7,1,0,false
E:\Supriya's_MicroserviceProjects\spring-petclinic\src\main\java\org\springframework\samples\petclinic\owner\PetController.java,org.springframework.samples.petclinic.owner.PetController,"initCreationForm/2[org.springframework.samples.petclinic.owner.Owner,org.springframework.samples.petclinic.owner.ModelMap]",false,94,4,2,0,2,1,2,6,1,1,2,2,0,0,0,0,0,0,2,0,1,0,0,0,0,0,24,1,0,false
E:\Supriya's_MicroserviceProjects\spring-petclinic\src\main\java\org\springframework\samples\petclinic\owner\PetController.java,org.springframework.samples.petclinic.owner.PetController,"processCreationForm/5[org.springframework.samples.petclinic.owner.Owner,org.springframework.samples.petclinic.owner.Pet,org.springframework.samples.petclinic.owner.BindingResult,org.springframework.samples.petclinic.owner.ModelMap,org.springframework.samples.petclinic.owner.RedirectAttributes]",false,103,10,6,0,6,7,13,17,2,1,5,13,0,0,0,2,0,0,10,0,1,0,1,0,0,0,34,1,0,false
E:\Supriya's_MicroserviceProjects\spring-petclinic\src\main\java\org\springframework\samples\petclinic\owner\PetController.java,org.springframework.samples.petclinic.owner.PetController,"initUpdateForm/4[org.springframework.samples.petclinic.owner.Owner,int,org.springframework.samples.petclinic.owner.ModelMap,org.springframework.samples.petclinic.owner.RedirectAttributes]",false,126,6,1,0,1,1,2,5,1,1,4,2,0,0,0,0,0,0,3,0,1,0,0,0,0,0,26,1,0,false
E:\Supriya's_MicroserviceProjects\spring-petclinic\src\main\java\org\springframework\samples\petclinic\owner\PetController.java,org.springframework.samples.petclinic.owner.PetController,"processUpdateForm/5[org.springframework.samples.petclinic.owner.Pet,org.springframework.samples.petclinic.owner.BindingResult,org.springframework.samples.petclinic.owner.Owner,org.springframework.samples.petclinic.owner.ModelMap,org.springframework.samples.petclinic.owner.RedirectAttributes]",false,134,10,6,0,6,7,14,21,2,3,5,14,0,0,0,3,0,0,10,0,3,0,2,0,0,0,36,1,0,false
E:\Supriya's_MicroserviceProjects\spring-petclinic\src\main\java\org\springframework\samples\petclinic\owner\PetController.java,org.springframework.samples.petclinic.owner.PetController,findOwner/1[int],false,59,4,1,0,1,2,1,7,1,1,1,1,0,0,0,1,0,0,3,0,1,1,1,0,0,0,11,1,0,false
E:\Supriya's_MicroserviceProjects\spring-petclinic\src\main\java\org\springframework\samples\petclinic\owner\PetController.java,org.springframework.samples.petclinic.owner.PetController,initOwnerBinder/1[org.springframework.samples.petclinic.owner.WebDataBinder],false,84,2,0,0,0,1,1,3,0,0,1,1,0,0,0,0,0,0,2,0,0,0,0,0,0,0,6,1,0,false
E:\Supriya's_MicroserviceProjects\spring-petclinic\src\test\java\org\springframework\samples\petclinic\MysqlTestApplication.java,org.springframework.samples.petclinic.MysqlTestApplication,container/0,false,38,4,0,0,0,1,0,3,1,0,0,0,0,0,0,0,0,0,2,0,0,0,0,0,0,0,1,8,0,false
E:\Supriya's_MicroserviceProjects\spring-petclinic\src\test\java\org\springframework\samples\petclinic\MysqlTestApplication.java,org.springframework.samples.petclinic.MysqlTestApplication,main/1[java.lang.String[]],false,42,1,0,0,0,1,1,3,0,0,1,1,0,0,0,0,0,0,1,0,0,0,0,0,0,0,2,9,0,false
E:\Supriya's_MicroserviceProjects\spring-petclinic\src\main\java\org\springframework\samples\petclinic\owner\OwnerController.java,org.springframework.samples.petclinic.owner.OwnerController,OwnerController/1[org.springframework.samples.petclinic.owner.OwnerRepository],true,52,1,0,0,0,1,0,3,0,0,1,0,0,0,0,0,0,0,0,0,1,0,0,0,0,0,5,1,0,false
E:\Supriya's_MicroserviceProjects\spring-petclinic\src\main\java\org\springframework\samples\petclinic\owner\OwnerController.java,org.springframework.samples.petclinic.owner.OwnerController,"processFindForm/4[int,org.springframework.samples.petclinic.owner.Owner,org.springframework.samples.petclinic.owner.BindingResult,org.springframework.samples.petclinic.owner.Model]",false,92,9,5,0,5,4,10,15,3,1,4,10,2,1,0,2,0,0,8,1,2,1,1,0,0,0,19,1,0,false
E:\Supriya's_MicroserviceProjects\spring-petclinic\src\main\java\org\springframework\samples\petclinic\owner\OwnerController.java,org.springframework.samples.petclinic.owner.OwnerController,"findPaginatedForOwnersLastName/2[int,java.lang.String]",false,125,4,2,1,1,1,2,5,1,2,2,2,0,0,0,0,0,0,0,2,2,1,0,0,0,0,11,2,0,false
E:\Supriya's_MicroserviceProjects\spring-petclinic\src\main\java\org\springframework\samples\petclinic\owner\OwnerController.java,org.springframework.samples.petclinic.owner.OwnerController,"processCreationForm/3[org.springframework.samples.petclinic.owner.Owner,org.springframework.samples.petclinic.owner.BindingResult,org.springframework.samples.petclinic.owner.RedirectAttributes]",false,74,7,2,0,2,2,4,9,2,0,3,4,0,0,0,0,0,0,6,0,0,1,1,0,0,0,31,1,0,false
E:\Supriya's_MicroserviceProjects\spring-petclinic\src\main\java\org\springframework\samples\petclinic\owner\OwnerController.java,org.springframework.samples.petclinic.owner.OwnerController,"initCreationForm/1[java.util.Map<java.lang.String,java.lang.Object>]",false,67,2,1,0,1,1,1,5,1,1,1,1,0,0,0,0,0,0,2,0,1,0,0,0,0,0,24,1,0,false
E:\Supriya's_MicroserviceProjects\spring-petclinic\src\main\java\org\springframework\samples\petclinic\owner\OwnerController.java,org.springframework.samples.petclinic.owner.OwnerController,"processUpdateOwnerForm/4[org.springframework.samples.petclinic.owner.Owner,org.springframework.samples.petclinic.owner.BindingResult,int,org.springframework.samples.petclinic.owner.RedirectAttributes]",false,140,8,2,0,2,2,4,10,2,0,4,4,0,0,0,0,0,0,7,0,0,0,1,0,0,0,33,1,0,false
E:\Supriya's_MicroserviceProjects\spring-petclinic\src\main\java\org\springframework\samples\petclinic\owner\OwnerController.java,org.springframework.samples.petclinic.owner.OwnerController,findOwner/1[java.lang.Integer],false,62,4,2,0,2,2,1,3,1,0,1,1,0,0,0,1,0,0,2,0,0,0,0,0,0,0,8,1,0,false
E:\Supriya's_MicroserviceProjects\spring-petclinic\src\main\java\org\springframework\samples\petclinic\owner\OwnerController.java,org.springframework.samples.petclinic.owner.OwnerController,showOwner/1[int],false,158,5,1,0,1,1,2,6,1,2,1,2,0,0,0,0,0,0,3,0,2,0,0,0,0,0,25,1,0,true
E:\Supriya's_MicroserviceProjects\spring-petclinic\src\main\java\org\springframework\samples\petclinic\owner\OwnerController.java,org.springframework.samples.petclinic.owner.OwnerController,"addPaginationModel/3[int,org.springframework.samples.petclinic.owner.Model,org.springframework.samples.petclinic.owner.Page<org.springframework.samples.petclinic.owner.Owner>]",false,116,3,1,1,0,1,4,8,1,1,3,4,0,0,0,0,0,0,5,0,1,0,0,0,0,0,6,2,0,false
E:\Supriya's_MicroserviceProjects\spring-petclinic\src\main\java\org\springframework\samples\petclinic\owner\OwnerController.java,org.springframework.samples.petclinic.owner.OwnerController,"initUpdateOwnerForm/2[int,org.springframework.samples.petclinic.owner.Model]",false,132,5,1,0,1,1,2,5,1,1,2,2,0,0,0,0,0,0,2,0,1,0,0,0,0,0,25,1,0,false
E:\Supriya's_MicroserviceProjects\spring-petclinic\src\main\java\org\springframework\samples\petclinic\owner\OwnerController.java,org.springframework.samples.petclinic.owner.OwnerController,setAllowedFields/1[org.springframework.samples.petclinic.owner.WebDataBinder],false,57,2,0,0,0,1,1,3,0,0,1,1,0,0,0,0,0,0,1,0,0,0,0,0,0,0,7,1,0,false
E:\Supriya's_MicroserviceProjects\spring-petclinic\src\main\java\org\springframework\samples\petclinic\owner\OwnerController.java,org.springframework.samples.petclinic.owner.OwnerController,initFindForm/0,false,86,1,0,0,0,1,0,3,1,0,0,0,0,0,0,0,0,0,2,0,0,0,0,0,0,0,4,1,0,false
E:\Supriya's_MicroserviceProjects\spring-petclinic\.mvn\wrapper\MavenWrapperDownloader.java,MavenWrapperDownloader$Anonymous1,getPasswordAuthentication/0,false,103,0,0,0,0,1,0,3,1,0,0,0,0,0,0,0,0,0,0,0,0,0,0,0,0,0,3,4,0,false
E:\Supriya's_MicroserviceProjects\spring-petclinic\src\main\java\org\springframework\samples\petclinic\vet\Vet.java,org.springframework.samples.petclinic.vet.Vet,getSpecialties/0,false,65,4,2,1,1,1,3,5,1,1,0,3,1,1,0,0,0,0,1,0,1,0,0,0,0,0,8,1,0,false
E:\Supriya's_MicroserviceProjects\spring-petclinic\src\main\java\org\springframework\samples\petclinic\vet\Vet.java,org.springframework.samples.petclinic.vet.Vet,addSpecialty/1[org.springframework.samples.petclinic.vet.Specialty],false,75,2,2,1,1,1,2,3,0,0,1,2,1,1,0,0,0,0,0,0,0,0,0,0,0,0,6,1,0,false
E:\Supriya's_MicroserviceProjects\spring-petclinic\src\main\java\org\springframework\samples\petclinic\vet\Vet.java,org.springframework.samples.petclinic.vet.Vet,setSpecialtiesInternal/1[java.util.Set<org.springframework.samples.petclinic.vet.Specialty>],false,60,1,0,0,0,1,0,3,0,0,1,0,0,0,0,0,0,0,0,0,1,0,0,0,0,0,4,4,0,false
E:\Supriya's_MicroserviceProjects\spring-petclinic\src\main\java\org\springframework\samples\petclinic\vet\Vet.java,org.springframework.samples.petclinic.vet.Vet,getSpecialtiesInternal/0,false,53,1,3,3,0,2,0,6,1,0,0,0,0,0,0,1,0,0,0,0,1,0,1,0,0,0,4,4,0,false
E:\Supriya's_MicroserviceProjects\spring-petclinic\src\main\java\org\springframework\samples\petclinic\vet\Vet.java,org.springframework.samples.petclinic.vet.Vet,getNrOfSpecialties/0,false,71,1,2,1,1,1,2,3,1,0,0,2,1,1,0,0,0,0,0,0,0,0,0,0,0,0,5,1,0,false
E:\Supriya's_MicroserviceProjects\spring-petclinic\src\test\java\org\springframework\samples\petclinic\service\ClinicServiceTests.java,org.springframework.samples.petclinic.service.ClinicServiceTests,shouldUpdatePetName/0,false,171,6,5,0,5,1,7,11,0,4,0,7,0,0,0,0,0,0,1,4,6,1,0,0,0,0,12,0,0,false
E:\Supriya's_MicroserviceProjects\spring-petclinic\src\test\java\org\springframework\samples\petclinic\service\ClinicServiceTests.java,org.springframework.samples.petclinic.service.ClinicServiceTests,shouldFindVisitsByPetId/0,false,216,5,3,0,3,1,8,6,0,3,0,8,0,0,0,0,0,0,0,4,3,0,0,0,0,0,13,0,0,false
E:\Supriya's_MicroserviceProjects\spring-petclinic\src\test\java\org\springframework\samples\petclinic\service\ClinicServiceTests.java,org.springframework.samples.petclinic.service.ClinicServiceTests,shouldInsertOwner/0,false,104,7,9,0,9,1,13,14,0,3,0,13,0,0,0,0,0,0,7,2,4,1,0,0,0,0,9,0,0,false
E:\Supriya's_MicroserviceProjects\spring-petclinic\src\test\java\org\springframework\samples\petclinic\service\ClinicServiceTests.java,org.springframework.samples.petclinic.service.ClinicServiceTests,shouldFindAllPetTypes/0,false,137,5,3,0,3,1,5,7,0,3,0,5,0,0,0,0,0,0,2,2,3,0,0,0,0,0,11,0,0,false
E:\Supriya's_MicroserviceProjects\spring-petclinic\src\test\java\org\springframework\samples\petclinic\service\ClinicServiceTests.java,org.springframework.samples.petclinic.service.ClinicServiceTests,shouldFindSingleOwnerWithPet/0,false,94,6,5,0,5,1,11,7,0,1,0,11,0,0,0,0,0,0,2,4,1,0,0,0,0,0,9,0,0,false
E:\Supriya's_MicroserviceProjects\spring-petclinic\src\test\java\org\springframework\samples\petclinic\service\ClinicServiceTests.java,org.springframework.samples.petclinic.service.ClinicServiceTests,shouldUpdateOwner/0,false,123,5,4,0,4,1,6,9,0,3,0,6,0,0,0,0,0,0,1,2,4,1,0,0,0,0,10,0,0,false
E:\Supriya's_MicroserviceProjects\spring-petclinic\src\test\java\org\springframework\samples\petclinic\service\ClinicServiceTests.java,org.springframework.samples.petclinic.service.ClinicServiceTests,shouldFindVets/0,false,186,6,6,0,6,1,9,8,0,2,0,9,0,0,0,0,0,0,3,4,2,0,0,0,0,0,8,0,0,false
E:\Supriya's_MicroserviceProjects\spring-petclinic\src\test\java\org\springframework\samples\petclinic\service\ClinicServiceTests.java,org.springframework.samples.petclinic.service.ClinicServiceTests,shouldFindOwnersByLastName/0,false,85,3,1,0,1,1,4,6,0,1,0,4,0,0,0,0,0,0,2,1,2,0,0,0,0,0,9,0,0,false
E:\Supriya's_MicroserviceProjects\spring-petclinic\src\test\java\org\springframework\samples\petclinic\service\ClinicServiceTests.java,org.springframework.samples.petclinic.service.ClinicServiceTests,shouldInsertPetIntoDatabaseAndGenerateId/0,false,148,9,12,0,12,1,16,16,0,4,0,16,0,0,0,0,0,0,2,5,6,2,0,0,0,0,15,0,0,false
E:\Supriya's_MicroserviceProjects\spring-petclinic\src\test\java\org\springframework\samples\petclinic\service\ClinicServiceTests.java,org.springframework.samples.petclinic.service.ClinicServiceTests,shouldAddNewVisitForPet/0,false,198,7,8,0,8,2,12,11,0,5,0,12,0,0,0,1,0,0,1,4,5,1,0,0,0,1,15,0,0,false
E:\Supriya's_MicroserviceProjects\spring-petclinic\src\test\java\org\springframework\samples\petclinic\vet\VetTests.java,org.springframework.samples.petclinic.vet.VetTests,testSerialization/0,false,29,4,7,0,7,1,10,10,0,2,0,10,0,0,0,0,0,0,3,1,2,0,0,0,0,0,7,0,0,false
