file,class,method,variable,usage
E:\Supriya's_MicroserviceProjects\spring-petclinic-microservices\spring-petclinic-vets-service\src\main\java\org\springframework\samples\petclinic\vets\VetsServiceApplication.java,org.springframework.samples.petclinic.vets.VetsServiceApplication,main/1[java.lang.String[]],args,1
E:\Supriya's_MicroserviceProjects\spring-petclinic-microservices\spring-petclinic-config-server\src\main\java\org\springframework\samples\petclinic\config\ConfigServerApplication.java,org.springframework.samples.petclinic.config.ConfigServerApplication,main/1[java.lang.String[]],args,1
E:\Supriya's_MicroserviceProjects\spring-petclinic-microservices\spring-petclinic-api-gateway\src\test\java\org\springframework\samples\petclinic\api\application\VisitsServiceClientIntegrationTest.java,org.springframework.samples.petclinic.api.application.VisitsServiceClientIntegrationTest,prepareResponse/1[java.util.function.Consumer<org.springframework.samples.petclinic.api.application.MockResponse>],response,2
E:\Supriya's_MicroserviceProjects\spring-petclinic-microservices\spring-petclinic-api-gateway\src\test\java\org\springframework\samples\petclinic\api\application\VisitsServiceClientIntegrationTest.java,org.springframework.samples.petclinic.api.application.VisitsServiceClientIntegrationTest,prepareResponse/1[java.util.function.Consumer<org.springframework.samples.petclinic.api.application.MockResponse>],consumer,1
E:\Supriya's_MicroserviceProjects\spring-petclinic-microservices\spring-petclinic-api-gateway\src\test\java\org\springframework\samples\petclinic\api\application\VisitsServiceClientIntegrationTest.java,org.springframework.samples.petclinic.api.application.VisitsServiceClientIntegrationTest,"assertVisitDescriptionEquals/3[org.springframework.samples.petclinic.api.dto.Visits,int,java.lang.String]",visits,4
E:\Supriya's_MicroserviceProjects\spring-petclinic-microservices\spring-petclinic-api-gateway\src\test\java\org\springframework\samples\petclinic\api\application\VisitsServiceClientIntegrationTest.java,org.springframework.samples.petclinic.api.application.VisitsServiceClientIntegrationTest,"assertVisitDescriptionEquals/3[org.springframework.samples.petclinic.api.dto.Visits,int,java.lang.String]",petId,1
E:\Supriya's_MicroserviceProjects\spring-petclinic-microservices\spring-petclinic-api-gateway\src\test\java\org\springframework\samples\petclinic\api\application\VisitsServiceClientIntegrationTest.java,org.springframework.samples.petclinic.api.application.VisitsServiceClientIntegrationTest,"assertVisitDescriptionEquals/3[org.springframework.samples.petclinic.api.dto.Visits,int,java.lang.String]",description,1
E:\Supriya's_MicroserviceProjects\spring-petclinic-microservices\spring-petclinic-api-gateway\src\test\java\org\springframework\samples\petclinic\api\application\VisitsServiceClientIntegrationTest.java,org.springframework.samples.petclinic.api.application.VisitsServiceClientIntegrationTest,getVisitsForPets_withAvailableVisitsService/0,visits,1
E:\Supriya's_MicroserviceProjects\spring-petclinic-microservices\spring-petclinic-api-gateway\src\test\java\org\springframework\samples\petclinic\api\application\VisitsServiceClientIntegrationTest.java,org.springframework.samples.petclinic.api.application.VisitsServiceClientIntegrationTest,getVisitsForPets_withAvailableVisitsService/0,response,1
E:\Supriya's_MicroserviceProjects\spring-petclinic-microservices\spring-petclinic-customers-service\src\main\java\org\springframework\samples\petclinic\customers\web\ResourceNotFoundException.java,org.springframework.samples.petclinic.customers.web.ResourceNotFoundException,ResourceNotFoundException/1[java.lang.String],message,1
E:\Supriya's_MicroserviceProjects\spring-petclinic-microservices\spring-petclinic-api-gateway\src\main\java\org\springframework\samples\petclinic\api\application\VisitsServiceClient.java,org.springframework.samples.petclinic.api.application.VisitsServiceClient,getVisitsForPets/1[java.util.List<java.lang.Integer>],petIds,1
E:\Supriya's_MicroserviceProjects\spring-petclinic-microservices\spring-petclinic-api-gateway\src\main\java\org\springframework\samples\petclinic\api\application\VisitsServiceClient.java,org.springframework.samples.petclinic.api.application.VisitsServiceClient,setHostname/1[java.lang.String],hostname,2
E:\Supriya's_MicroserviceProjects\spring-petclinic-microservices\spring-petclinic-api-gateway\src\main\java\org\springframework\samples\petclinic\api\application\VisitsServiceClient.java,org.springframework.samples.petclinic.api.application.VisitsServiceClient,joinIds/1[java.util.List<java.lang.Integer>],petIds,1
E:\Supriya's_MicroserviceProjects\spring-petclinic-microservices\spring-petclinic-api-gateway\src\test\java\org\springframework\samples\petclinic\api\boundary\web\ApiGatewayControllerTest.java,org.springframework.samples.petclinic.api.boundary.web.ApiGatewayControllerTest,getOwnerDetails_withServiceError/0,owner,2
E:\Supriya's_MicroserviceProjects\spring-petclinic-microservices\spring-petclinic-api-gateway\src\test\java\org\springframework\samples\petclinic\api\boundary\web\ApiGatewayControllerTest.java,org.springframework.samples.petclinic.api.boundary.web.ApiGatewayControllerTest,getOwnerDetails_withServiceError/0,cat,4
E:\Supriya's_MicroserviceProjects\spring-petclinic-microservices\spring-petclinic-api-gateway\src\test\java\org\springframework\samples\petclinic\api\boundary\web\ApiGatewayControllerTest.java,org.springframework.samples.petclinic.api.boundary.web.ApiGatewayControllerTest,getOwnerDetails_withAvailableVisitsService/0,owner,2
E:\Supriya's_MicroserviceProjects\spring-petclinic-microservices\spring-petclinic-api-gateway\src\test\java\org\springframework\samples\petclinic\api\boundary\web\ApiGatewayControllerTest.java,org.springframework.samples.petclinic.api.boundary.web.ApiGatewayControllerTest,getOwnerDetails_withAvailableVisitsService/0,visits,2
E:\Supriya's_MicroserviceProjects\spring-petclinic-microservices\spring-petclinic-api-gateway\src\test\java\org\springframework\samples\petclinic\api\boundary\web\ApiGatewayControllerTest.java,org.springframework.samples.petclinic.api.boundary.web.ApiGatewayControllerTest,getOwnerDetails_withAvailableVisitsService/0,cat,5
E:\Supriya's_MicroserviceProjects\spring-petclinic-microservices\spring-petclinic-api-gateway\src\test\java\org\springframework\samples\petclinic\api\boundary\web\ApiGatewayControllerTest.java,org.springframework.samples.petclinic.api.boundary.web.ApiGatewayControllerTest,getOwnerDetails_withAvailableVisitsService/0,visit,4
E:\Supriya's_MicroserviceProjects\spring-petclinic-microservices\spring-petclinic-customers-service\src\main\java\org\springframework\samples\petclinic\customers\web\mapper\Mapper.java,org.springframework.samples.petclinic.customers.web.mapper.Mapper,"map/2[E,R]",request,0
E:\Supriya's_MicroserviceProjects\spring-petclinic-microservices\spring-petclinic-customers-service\src\main\java\org\springframework\samples\petclinic\customers\web\mapper\Mapper.java,org.springframework.samples.petclinic.customers.web.mapper.Mapper,"map/2[E,R]",response,0
E:\Supriya's_MicroserviceProjects\spring-petclinic-microservices\spring-petclinic-customers-service\src\main\java\org\springframework\samples\petclinic\customers\web\mapper\OwnerEntityMapper.java,org.springframework.samples.petclinic.customers.web.mapper.OwnerEntityMapper,"map/2[org.springframework.samples.petclinic.customers.model.Owner,org.springframework.samples.petclinic.customers.web.mapper.OwnerRequest]",owner,6
E:\Supriya's_MicroserviceProjects\spring-petclinic-microservices\spring-petclinic-customers-service\src\main\java\org\springframework\samples\petclinic\customers\web\mapper\OwnerEntityMapper.java,org.springframework.samples.petclinic.customers.web.mapper.OwnerEntityMapper,"map/2[org.springframework.samples.petclinic.customers.model.Owner,org.springframework.samples.petclinic.customers.web.mapper.OwnerRequest]",request,5
E:\Supriya's_MicroserviceProjects\spring-petclinic-microservices\spring-petclinic-api-gateway\src\main\java\org\springframework\samples\petclinic\api\boundary\web\ApiGatewayController.java,org.springframework.samples.petclinic.api.boundary.web.ApiGatewayController,addVisitsToOwner/1[org.springframework.samples.petclinic.api.dto.OwnerDetails],owner,2
E:\Supriya's_MicroserviceProjects\spring-petclinic-microservices\spring-petclinic-api-gateway\src\main\java\org\springframework\samples\petclinic\api\boundary\web\ApiGatewayController.java,org.springframework.samples.petclinic.api.boundary.web.ApiGatewayController,addVisitsToOwner/1[org.springframework.samples.petclinic.api.dto.OwnerDetails],visits,1
E:\Supriya's_MicroserviceProjects\spring-petclinic-microservices\spring-petclinic-api-gateway\src\main\java\org\springframework\samples\petclinic\api\boundary\web\ApiGatewayController.java,org.springframework.samples.petclinic.api.boundary.web.ApiGatewayController,addVisitsToOwner/1[org.springframework.samples.petclinic.api.dto.OwnerDetails],v,1
E:\Supriya's_MicroserviceProjects\spring-petclinic-microservices\spring-petclinic-api-gateway\src\main\java\org\springframework\samples\petclinic\api\boundary\web\ApiGatewayController.java,org.springframework.samples.petclinic.api.boundary.web.ApiGatewayController,addVisitsToOwner/1[org.springframework.samples.petclinic.api.dto.OwnerDetails],pet,2
E:\Supriya's_MicroserviceProjects\spring-petclinic-microservices\spring-petclinic-api-gateway\src\main\java\org\springframework\samples\petclinic\api\boundary\web\ApiGatewayController.java,org.springframework.samples.petclinic.api.boundary.web.ApiGatewayController,getOwnerDetails/1[int],owner,2
E:\Supriya's_MicroserviceProjects\spring-petclinic-microservices\spring-petclinic-api-gateway\src\main\java\org\springframework\samples\petclinic\api\boundary\web\ApiGatewayController.java,org.springframework.samples.petclinic.api.boundary.web.ApiGatewayController,getOwnerDetails/1[int],throwable,0
E:\Supriya's_MicroserviceProjects\spring-petclinic-microservices\spring-petclinic-api-gateway\src\main\java\org\springframework\samples\petclinic\api\boundary\web\ApiGatewayController.java,org.springframework.samples.petclinic.api.boundary.web.ApiGatewayController,getOwnerDetails/1[int],it,1
E:\Supriya's_MicroserviceProjects\spring-petclinic-microservices\spring-petclinic-api-gateway\src\main\java\org\springframework\samples\petclinic\api\boundary\web\ApiGatewayController.java,org.springframework.samples.petclinic.api.boundary.web.ApiGatewayController,getOwnerDetails/1[int],ownerId,1
E:\Supriya's_MicroserviceProjects\spring-petclinic-microservices\spring-petclinic-api-gateway\src\main\java\org\springframework\samples\petclinic\api\boundary\web\ApiGatewayController.java,org.springframework.samples.petclinic.api.boundary.web.ApiGatewayController,getOwnerDetails/1[int],cb,1
E:\Supriya's_MicroserviceProjects\spring-petclinic-microservices\spring-petclinic-api-gateway\src\main\java\org\springframework\samples\petclinic\api\application\CustomersServiceClient.java,org.springframework.samples.petclinic.api.application.CustomersServiceClient,getOwner/1[int],ownerId,1
E:\Supriya's_MicroserviceProjects\spring-petclinic-microservices\spring-petclinic-visits-service\src\main\java\org\springframework\samples\petclinic\visits\VisitsServiceApplication.java,org.springframework.samples.petclinic.visits.VisitsServiceApplication,main/1[java.lang.String[]],args,1
E:\Supriya's_MicroserviceProjects\spring-petclinic-microservices\spring-petclinic-customers-service\src\main\java\org\springframework\samples\petclinic\customers\CustomersServiceApplication.java,org.springframework.samples.petclinic.customers.CustomersServiceApplication,main/1[java.lang.String[]],args,1
E:\Supriya's_MicroserviceProjects\spring-petclinic-microservices\spring-petclinic-customers-service\src\main\java\org\springframework\samples\petclinic\customers\web\PetResource.java,org.springframework.samples.petclinic.customers.web.PetResource,processUpdateForm/1[org.springframework.samples.petclinic.customers.web.PetRequest],petRequest,2
E:\Supriya's_MicroserviceProjects\spring-petclinic-microservices\spring-petclinic-customers-service\src\main\java\org\springframework\samples\petclinic\customers\web\PetResource.java,org.springframework.samples.petclinic.customers.web.PetResource,processUpdateForm/1[org.springframework.samples.petclinic.customers.web.PetRequest],petId,1
E:\Supriya's_MicroserviceProjects\spring-petclinic-microservices\spring-petclinic-customers-service\src\main\java\org\springframework\samples\petclinic\customers\web\PetResource.java,org.springframework.samples.petclinic.customers.web.PetResource,processUpdateForm/1[org.springframework.samples.petclinic.customers.web.PetRequest],pet,1
E:\Supriya's_MicroserviceProjects\spring-petclinic-microservices\spring-petclinic-customers-service\src\main\java\org\springframework\samples\petclinic\customers\web\PetResource.java,org.springframework.samples.petclinic.customers.web.PetResource,"processCreationForm/2[org.springframework.samples.petclinic.customers.web.PetRequest,int]",owner,1
E:\Supriya's_MicroserviceProjects\spring-petclinic-microservices\spring-petclinic-customers-service\src\main\java\org\springframework\samples\petclinic\customers\web\PetResource.java,org.springframework.samples.petclinic.customers.web.PetResource,"processCreationForm/2[org.springframework.samples.petclinic.customers.web.PetRequest,int]",petRequest,1
E:\Supriya's_MicroserviceProjects\spring-petclinic-microservices\spring-petclinic-customers-service\src\main\java\org\springframework\samples\petclinic\customers\web\PetResource.java,org.springframework.samples.petclinic.customers.web.PetResource,"processCreationForm/2[org.springframework.samples.petclinic.customers.web.PetRequest,int]",ownerId,2
E:\Supriya's_MicroserviceProjects\spring-petclinic-microservices\spring-petclinic-customers-service\src\main\java\org\springframework\samples\petclinic\customers\web\PetResource.java,org.springframework.samples.petclinic.customers.web.PetResource,"processCreationForm/2[org.springframework.samples.petclinic.customers.web.PetRequest,int]",pet,2
E:\Supriya's_MicroserviceProjects\spring-petclinic-microservices\spring-petclinic-customers-service\src\main\java\org\springframework\samples\petclinic\customers\web\PetResource.java,org.springframework.samples.petclinic.customers.web.PetResource,findPet/1[int],petId,1
E:\Supriya's_MicroserviceProjects\spring-petclinic-microservices\spring-petclinic-customers-service\src\main\java\org\springframework\samples\petclinic\customers\web\PetResource.java,org.springframework.samples.petclinic.customers.web.PetResource,findPet/1[int],pet,1
E:\Supriya's_MicroserviceProjects\spring-petclinic-microservices\spring-petclinic-customers-service\src\main\java\org\springframework\samples\petclinic\customers\web\PetResource.java,org.springframework.samples.petclinic.customers.web.PetResource,"save/2[org.springframework.samples.petclinic.customers.model.Pet,org.springframework.samples.petclinic.customers.web.PetRequest]",petRequest,3
E:\Supriya's_MicroserviceProjects\spring-petclinic-microservices\spring-petclinic-customers-service\src\main\java\org\springframework\samples\petclinic\customers\web\PetResource.java,org.springframework.samples.petclinic.customers.web.PetResource,"save/2[org.springframework.samples.petclinic.customers.model.Pet,org.springframework.samples.petclinic.customers.web.PetRequest]",pet,5
E:\Supriya's_MicroserviceProjects\spring-petclinic-microservices\spring-petclinic-customers-service\src\main\java\org\springframework\samples\petclinic\customers\web\PetResource.java,org.springframework.samples.petclinic.customers.web.PetResource,findPetById/1[int],petId,2
E:\Supriya's_MicroserviceProjects\spring-petclinic-microservices\spring-petclinic-customers-service\src\test\java\org\springframework\samples\petclinic\customers\web\PetResourceTest.java,org.springframework.samples.petclinic.customers.web.PetResourceTest,shouldGetAPetInJSonFormat/0,pet,1
E:\Supriya's_MicroserviceProjects\spring-petclinic-microservices\spring-petclinic-customers-service\src\test\java\org\springframework\samples\petclinic\customers\web\PetResourceTest.java,org.springframework.samples.petclinic.customers.web.PetResourceTest,setupPet/0,owner,3
E:\Supriya's_MicroserviceProjects\spring-petclinic-microservices\spring-petclinic-customers-service\src\test\java\org\springframework\samples\petclinic\customers\web\PetResourceTest.java,org.springframework.samples.petclinic.customers.web.PetResourceTest,setupPet/0,petType,2
E:\Supriya's_MicroserviceProjects\spring-petclinic-microservices\spring-petclinic-customers-service\src\test\java\org\springframework\samples\petclinic\customers\web\PetResourceTest.java,org.springframework.samples.petclinic.customers.web.PetResourceTest,setupPet/0,pet,5
E:\Supriya's_MicroserviceProjects\spring-petclinic-microservices\spring-petclinic-customers-service\src\main\java\org\springframework\samples\petclinic\customers\config\MetricConfig.java,org.springframework.samples.petclinic.customers.config.MetricConfig,metricsCommonTags/0,registry,1
E:\Supriya's_MicroserviceProjects\spring-petclinic-microservices\spring-petclinic-customers-service\src\main\java\org\springframework\samples\petclinic\customers\config\MetricConfig.java,org.springframework.samples.petclinic.customers.config.MetricConfig,timedAspect/1[org.springframework.samples.petclinic.customers.config.MeterRegistry],registry,1
E:\Supriya's_MicroserviceProjects\spring-petclinic-microservices\spring-petclinic-vets-service\src\main\java\org\springframework\samples\petclinic\vets\model\Vet.java,org.springframework.samples.petclinic.vets.model.Vet,addSpecialty/1[org.springframework.samples.petclinic.vets.model.Specialty],specialty,1
E:\Supriya's_MicroserviceProjects\spring-petclinic-microservices\spring-petclinic-vets-service\src\main\java\org\springframework\samples\petclinic\vets\model\Vet.java,org.springframework.samples.petclinic.vets.model.Vet,getSpecialties/0,sortedSpecs,2
E:\Supriya's_MicroserviceProjects\spring-petclinic-microservices\spring-petclinic-customers-service\src\main\java\org\springframework\samples\petclinic\customers\web\OwnerResource.java,org.springframework.samples.petclinic.customers.web.OwnerResource,createOwner/1[org.springframework.samples.petclinic.customers.web.OwnerRequest],owner,1
E:\Supriya's_MicroserviceProjects\spring-petclinic-microservices\spring-petclinic-customers-service\src\main\java\org\springframework\samples\petclinic\customers\web\OwnerResource.java,org.springframework.samples.petclinic.customers.web.OwnerResource,createOwner/1[org.springframework.samples.petclinic.customers.web.OwnerRequest],ownerRequest,1
E:\Supriya's_MicroserviceProjects\spring-petclinic-microservices\spring-petclinic-customers-service\src\main\java\org\springframework\samples\petclinic\customers\web\OwnerResource.java,org.springframework.samples.petclinic.customers.web.OwnerResource,findOwner/1[int],ownerId,1
E:\Supriya's_MicroserviceProjects\spring-petclinic-microservices\spring-petclinic-customers-service\src\main\java\org\springframework\samples\petclinic\customers\web\OwnerResource.java,org.springframework.samples.petclinic.customers.web.OwnerResource,"updateOwner/2[int,org.springframework.samples.petclinic.customers.web.OwnerRequest]",ownerModel,3
E:\Supriya's_MicroserviceProjects\spring-petclinic-microservices\spring-petclinic-customers-service\src\main\java\org\springframework\samples\petclinic\customers\web\OwnerResource.java,org.springframework.samples.petclinic.customers.web.OwnerResource,"updateOwner/2[int,org.springframework.samples.petclinic.customers.web.OwnerRequest]",ownerId,2
E:\Supriya's_MicroserviceProjects\spring-petclinic-microservices\spring-petclinic-customers-service\src\main\java\org\springframework\samples\petclinic\customers\web\OwnerResource.java,org.springframework.samples.petclinic.customers.web.OwnerResource,"updateOwner/2[int,org.springframework.samples.petclinic.customers.web.OwnerRequest]",ownerRequest,1
E:\Supriya's_MicroserviceProjects\spring-petclinic-microservices\spring-petclinic-customers-service\src\main\java\org\springframework\samples\petclinic\customers\model\Owner.java,org.springframework.samples.petclinic.customers.model.Owner,addPet/1[org.springframework.samples.petclinic.customers.model.Pet],pet,2
E:\Supriya's_MicroserviceProjects\spring-petclinic-microservices\spring-petclinic-customers-service\src\main\java\org\springframework\samples\petclinic\customers\model\Owner.java,org.springframework.samples.petclinic.customers.model.Owner,getPets/0,sortedPets,2
E:\Supriya's_MicroserviceProjects\spring-petclinic-microservices\spring-petclinic-discovery-server\src\main\java\org\springframework\samples\petclinic\discovery\DiscoveryServerApplication.java,org.springframework.samples.petclinic.discovery.DiscoveryServerApplication,main/1[java.lang.String[]],args,1
E:\Supriya's_MicroserviceProjects\spring-petclinic-microservices\spring-petclinic-admin-server\src\main\java\org\springframework\samples\petclinic\admin\SpringBootAdminApplication.java,org.springframework.samples.petclinic.admin.SpringBootAdminApplication,main/1[java.lang.String[]],args,1
E:\Supriya's_MicroserviceProjects\spring-petclinic-microservices\spring-petclinic-customers-service\src\main\java\org\springframework\samples\petclinic\customers\model\PetRepository.java,org.springframework.samples.petclinic.customers.model.PetRepository,findPetTypeById/1[int],typeId,0
E:\Supriya's_MicroserviceProjects\spring-petclinic-microservices\spring-petclinic-visits-service\src\main\java\org\springframework\samples\petclinic\visits\model\VisitRepository.java,org.springframework.samples.petclinic.visits.model.VisitRepository,findByPetIdIn/1[java.util.Collection<java.lang.Integer>],petIds,0
E:\Supriya's_MicroserviceProjects\spring-petclinic-microservices\spring-petclinic-visits-service\src\main\java\org\springframework\samples\petclinic\visits\model\VisitRepository.java,org.springframework.samples.petclinic.visits.model.VisitRepository,findByPetId/1[int],petId,0
E:\Supriya's_MicroserviceProjects\spring-petclinic-microservices\spring-petclinic-visits-service\src\main\java\org\springframework\samples\petclinic\visits\web\VisitResource.java,org.springframework.samples.petclinic.visits.web.VisitResource,read/1[int],petId,1
E:\Supriya's_MicroserviceProjects\spring-petclinic-microservices\spring-petclinic-visits-service\src\main\java\org\springframework\samples\petclinic\visits\web\VisitResource.java,org.springframework.samples.petclinic.visits.web.VisitResource,read/1[java.util.List<java.lang.Integer>],petIds,1
E:\Supriya's_MicroserviceProjects\spring-petclinic-microservices\spring-petclinic-visits-service\src\main\java\org\springframework\samples\petclinic\visits\web\VisitResource.java,org.springframework.samples.petclinic.visits.web.VisitResource,read/1[java.util.List<java.lang.Integer>],byPetIdIn,1
E:\Supriya's_MicroserviceProjects\spring-petclinic-microservices\spring-petclinic-visits-service\src\main\java\org\springframework\samples\petclinic\visits\web\VisitResource.java,org.springframework.samples.petclinic.visits.web.VisitResource,"create/2[org.springframework.samples.petclinic.visits.model.Visit,int]",petId,1
E:\Supriya's_MicroserviceProjects\spring-petclinic-microservices\spring-petclinic-visits-service\src\main\java\org\springframework\samples\petclinic\visits\web\VisitResource.java,org.springframework.samples.petclinic.visits.web.VisitResource,"create/2[org.springframework.samples.petclinic.visits.model.Visit,int]",visit,3
E:\Supriya's_MicroserviceProjects\spring-petclinic-microservices\spring-petclinic-visits-service\src\main\java\org\springframework\samples\petclinic\visits\config\MetricConfig.java,org.springframework.samples.petclinic.visits.config.MetricConfig,metricsCommonTags/0,registry,1
E:\Supriya's_MicroserviceProjects\spring-petclinic-microservices\spring-petclinic-visits-service\src\main\java\org\springframework\samples\petclinic\visits\config\MetricConfig.java,org.springframework.samples.petclinic.visits.config.MetricConfig,timedAspect/1[org.springframework.samples.petclinic.visits.config.MeterRegistry],registry,1
E:\Supriya's_MicroserviceProjects\spring-petclinic-microservices\spring-petclinic-api-gateway\src\main\java\org\springframework\samples\petclinic\api\ApiGatewayApplication.java,org.springframework.samples.petclinic.api.ApiGatewayApplication,defaultCustomizer/0,factory,1
E:\Supriya's_MicroserviceProjects\spring-petclinic-microservices\spring-petclinic-api-gateway\src\main\java\org\springframework\samples\petclinic\api\ApiGatewayApplication.java,org.springframework.samples.petclinic.api.ApiGatewayApplication,defaultCustomizer/0,id,1
E:\Supriya's_MicroserviceProjects\spring-petclinic-microservices\spring-petclinic-api-gateway\src\main\java\org\springframework\samples\petclinic\api\ApiGatewayApplication.java,org.springframework.samples.petclinic.api.ApiGatewayApplication,main/1[java.lang.String[]],args,1
E:\Supriya's_MicroserviceProjects\spring-petclinic-microservices\spring-petclinic-api-gateway\src\main\java\org\springframework\samples\petclinic\api\ApiGatewayApplication.java,org.springframework.samples.petclinic.api.ApiGatewayApplication,routerFunction/0,request,0
E:\Supriya's_MicroserviceProjects\spring-petclinic-microservices\spring-petclinic-api-gateway\src\main\java\org\springframework\samples\petclinic\api\ApiGatewayApplication.java,org.springframework.samples.petclinic.api.ApiGatewayApplication,routerFunction/0,router,1
E:\Supriya's_MicroserviceProjects\spring-petclinic-microservices\spring-petclinic-vets-service\src\test\java\org\springframework\samples\petclinic\vets\web\VetResourceTest.java,org.springframework.samples.petclinic.vets.web.VetResourceTest,shouldGetAListOfVets/0,vet,2
