file,class,method,constructor,line,cbo,cboModified,fanin,fanout,wmc,rfc,loc,returnsQty,variablesQty,parametersQty,methodsInvokedQty,methodsInvokedLocalQty,methodsInvokedIndirectLocalQty,loopQty,comparisonsQty,tryCatchQty,parenthesizedExpsQty,stringLiteralsQty,numbersQty,assignmentsQty,mathOperationsQty,maxNestedBlocksQty,anonymousClassesQty,innerClassesQty,lambdasQty,uniqueWordsQty,modifiers,logStatementsQty,hasJavaDoc
E:\Supriya's_MicroserviceProjects\spring-petclinic-microservices\spring-petclinic-vets-service\src\main\java\org\springframework\samples\petclinic\vets\VetsServiceApplication.java,org.springframework.samples.petclinic.vets.VetsServiceApplication,main/1[java.lang.String[]],false,32,1,0,0,0,1,1,3,0,0,1,1,0,0,0,0,0,0,0,0,0,0,0,0,0,0,2,9,0,false
E:\Supriya's_MicroserviceProjects\spring-petclinic-microservices\spring-petclinic-config-server\src\main\java\org\springframework\samples\petclinic\config\ConfigServerApplication.java,org.springframework.samples.petclinic.config.ConfigServerApplication,main/1[java.lang.String[]],false,29,1,0,0,0,1,1,3,0,0,1,1,0,0,0,0,0,0,0,0,0,0,0,0,0,0,2,9,0,false
E:\Supriya's_MicroserviceProjects\spring-petclinic-microservices\spring-petclinic-vets-service\src\main\java\org\springframework\samples\petclinic\vets\web\VetResource.java,org.springframework.samples.petclinic.vets.web.VetResource,showResourcesVetList/0,false,45,3,0,0,0,1,1,3,1,0,0,1,0,0,0,0,0,0,1,0,0,0,0,0,0,0,4,1,0,false
E:\Supriya's_MicroserviceProjects\spring-petclinic-microservices\spring-petclinic-api-gateway\src\test\java\org\springframework\samples\petclinic\api\application\VisitsServiceClientIntegrationTest.java,org.springframework.samples.petclinic.api.application.VisitsServiceClientIntegrationTest,prepareResponse/1[java.util.function.Consumer<org.springframework.samples.petclinic.api.application.MockResponse>],false,58,1,1,1,0,1,2,5,0,1,1,2,0,0,0,0,0,0,0,0,1,0,0,0,0,0,5,2,0,false
E:\Supriya's_MicroserviceProjects\spring-petclinic-microservices\spring-petclinic-api-gateway\src\test\java\org\springframework\samples\petclinic\api\application\VisitsServiceClientIntegrationTest.java,org.springframework.samples.petclinic.api.application.VisitsServiceClientIntegrationTest,shutdown/0,false,35,1,0,0,0,1,1,3,0,0,0,1,0,0,0,0,0,0,0,0,0,0,0,0,0,0,4,0,0,false
E:\Supriya's_MicroserviceProjects\spring-petclinic-microservices\spring-petclinic-api-gateway\src\test\java\org\springframework\samples\petclinic\api\application\VisitsServiceClientIntegrationTest.java,org.springframework.samples.petclinic.api.application.VisitsServiceClientIntegrationTest,"assertVisitDescriptionEquals/3[org.springframework.samples.petclinic.api.dto.Visits,int,java.lang.String]",false,51,1,1,1,0,1,7,6,0,0,3,7,0,0,0,0,0,0,0,4,0,0,0,0,0,0,8,2,0,false
E:\Supriya's_MicroserviceProjects\spring-petclinic-microservices\spring-petclinic-api-gateway\src\test\java\org\springframework\samples\petclinic\api\application\VisitsServiceClientIntegrationTest.java,org.springframework.samples.petclinic.api.application.VisitsServiceClientIntegrationTest,getVisitsForPets_withAvailableVisitsService/0,false,40,4,3,0,3,1,7,5,0,2,0,7,2,1,0,0,0,0,4,1,1,0,0,0,0,1,15,0,0,false
E:\Supriya's_MicroserviceProjects\spring-petclinic-microservices\spring-petclinic-api-gateway\src\test\java\org\springframework\samples\petclinic\api\application\VisitsServiceClientIntegrationTest.java,org.springframework.samples.petclinic.api.application.VisitsServiceClientIntegrationTest,setUp/0,false,28,3,2,0,2,1,4,5,0,0,0,4,0,0,0,0,0,0,1,0,2,0,0,0,0,0,10,0,0,false
E:\Supriya's_MicroserviceProjects\spring-petclinic-microservices\spring-petclinic-customers-service\src\main\java\org\springframework\samples\petclinic\customers\web\ResourceNotFoundException.java,org.springframework.samples.petclinic.customers.web.ResourceNotFoundException,ResourceNotFoundException/1[java.lang.String],true,9,0,0,0,0,1,0,3,0,0,1,0,0,0,0,0,0,0,0,0,0,0,0,0,0,0,5,1,0,false
E:\Supriya's_MicroserviceProjects\spring-petclinic-microservices\spring-petclinic-api-gateway\src\main\java\org\springframework\samples\petclinic\api\application\VisitsServiceClient.java,org.springframework.samples.petclinic.api.application.VisitsServiceClient,getVisitsForPets/1[java.util.List<java.lang.Integer>],false,40,3,4,3,1,1,6,3,1,0,1,6,1,1,0,0,0,0,1,0,0,1,0,0,0,0,8,1,0,false
E:\Supriya's_MicroserviceProjects\spring-petclinic-microservices\spring-petclinic-api-gateway\src\main\java\org\springframework\samples\petclinic\api\application\VisitsServiceClient.java,org.springframework.samples.petclinic.api.application.VisitsServiceClient,setHostname/1[java.lang.String],false,52,0,1,1,0,1,0,3,0,0,1,0,0,0,0,0,0,0,0,0,1,0,0,0,0,0,3,0,0,false
E:\Supriya's_MicroserviceProjects\spring-petclinic-microservices\spring-petclinic-api-gateway\src\main\java\org\springframework\samples\petclinic\api\application\VisitsServiceClient.java,org.springframework.samples.petclinic.api.application.VisitsServiceClient,joinIds/1[java.util.List<java.lang.Integer>],false,48,0,1,1,0,1,4,3,1,0,1,4,0,0,0,0,0,0,1,0,0,0,0,0,0,0,4,2,0,false
E:\Supriya's_MicroserviceProjects\spring-petclinic-microservices\spring-petclinic-api-gateway\src\test\java\org\springframework\samples\petclinic\api\boundary\web\ApiGatewayControllerTest.java,org.springframework.samples.petclinic.api.boundary.web.ApiGatewayControllerTest,getOwnerDetails_withServiceError/0,false,76,5,4,0,4,1,21,10,0,2,0,21,0,0,0,0,0,0,6,2,2,0,0,0,0,0,18,0,1,true
E:\Supriya's_MicroserviceProjects\spring-petclinic-microservices\spring-petclinic-api-gateway\src\test\java\org\springframework\samples\petclinic\api\boundary\web\ApiGatewayControllerTest.java,org.springframework.samples.petclinic.api.boundary.web.ApiGatewayControllerTest,getOwnerDetails_withAvailableVisitsService/0,false,40,7,6,0,6,1,22,16,0,4,0,22,0,0,0,0,0,0,7,3,4,0,0,0,0,0,16,0,0,false
E:\Supriya's_MicroserviceProjects\spring-petclinic-microservices\spring-petclinic-customers-service\src\main\java\org\springframework\samples\petclinic\customers\web\mapper\Mapper.java,org.springframework.samples.petclinic.customers.web.mapper.Mapper,"map/2[E,R]",false,4,2,0,0,0,1,0,1,0,0,2,0,0,0,0,0,0,0,0,0,0,0,0,0,0,0,3,0,0,false
E:\Supriya's_MicroserviceProjects\spring-petclinic-microservices\spring-petclinic-customers-service\src\main\java\org\springframework\samples\petclinic\customers\web\mapper\OwnerEntityMapper.java,org.springframework.samples.petclinic.customers.web.mapper.OwnerEntityMapper,"map/2[org.springframework.samples.petclinic.customers.model.Owner,org.springframework.samples.petclinic.customers.web.mapper.OwnerRequest]",false,11,2,2,2,0,1,10,8,1,0,2,10,0,0,0,0,0,0,0,0,0,0,0,0,0,0,5,1,0,false
E:\Supriya's_MicroserviceProjects\spring-petclinic-microservices\spring-petclinic-api-gateway\src\main\java\org\springframework\samples\petclinic\api\boundary\web\ApiGatewayController.java,org.springframework.samples.petclinic.api.boundary.web.ApiGatewayController,addVisitsToOwner/1[org.springframework.samples.petclinic.api.dto.OwnerDetails],false,62,2,0,0,0,2,11,7,2,3,1,11,0,0,0,1,0,0,0,0,0,0,1,0,0,3,9,2,0,false
E:\Supriya's_MicroserviceProjects\spring-petclinic-microservices\spring-petclinic-api-gateway\src\main\java\org\springframework\samples\petclinic\api\boundary\web\ApiGatewayController.java,org.springframework.samples.petclinic.api.boundary.web.ApiGatewayController,emptyVisitsForPets/0,false,74,2,1,0,1,1,1,3,1,0,0,1,0,0,0,0,0,0,0,0,0,0,0,0,0,0,4,2,0,false
E:\Supriya's_MicroserviceProjects\spring-petclinic-microservices\spring-petclinic-api-gateway\src\main\java\org\springframework\samples\petclinic\api\boundary\web\ApiGatewayController.java,org.springframework.samples.petclinic.api.boundary.web.ApiGatewayController,getOwnerDetails/1[int],false,49,6,1,0,1,1,10,7,2,4,1,10,0,0,0,0,0,0,2,0,1,0,1,0,0,3,17,1,0,false
E:\Supriya's_MicroserviceProjects\spring-petclinic-microservices\spring-petclinic-api-gateway\src\main\java\org\springframework\samples\petclinic\api\application\CustomersServiceClient.java,org.springframework.samples.petclinic.api.application.CustomersServiceClient,getOwner/1[int],false,33,2,3,3,0,1,5,3,1,0,1,5,0,0,0,0,0,0,1,0,0,0,0,0,0,0,7,1,0,false
E:\Supriya's_MicroserviceProjects\spring-petclinic-microservices\spring-petclinic-config-server\src\test\java\org\springframework\samples\petclinic\config\PetclinicConfigServerApplicationTests.java,org.springframework.samples.petclinic.config.PetclinicConfigServerApplicationTests,contextLoads/0,false,25,1,0,0,0,1,0,2,0,0,0,0,0,0,0,0,0,0,0,0,0,0,0,0,0,0,2,0,0,false
E:\Supriya's_MicroserviceProjects\spring-petclinic-microservices\spring-petclinic-visits-service\src\main\java\org\springframework\samples\petclinic\visits\VisitsServiceApplication.java,org.springframework.samples.petclinic.visits.VisitsServiceApplication,main/1[java.lang.String[]],false,29,1,0,0,0,1,1,3,0,0,1,1,0,0,0,0,0,0,0,0,0,0,0,0,0,0,2,9,0,false
E:\Supriya's_MicroserviceProjects\spring-petclinic-microservices\spring-petclinic-customers-service\src\main\java\org\springframework\samples\petclinic\customers\CustomersServiceApplication.java,org.springframework.samples.petclinic.customers.CustomersServiceApplication,main/1[java.lang.String[]],false,29,1,0,0,0,1,1,3,0,0,1,1,0,0,0,0,0,0,0,0,0,0,0,0,0,0,2,9,0,false
E:\Supriya's_MicroserviceProjects\spring-petclinic-microservices\spring-petclinic-customers-service\src\main\java\org\springframework\samples\petclinic\customers\web\PetResource.java,org.springframework.samples.petclinic.customers.web.PetResource,processUpdateForm/1[org.springframework.samples.petclinic.customers.web.PetRequest],false,66,6,2,0,2,1,3,5,0,2,1,3,2,1,0,0,0,0,1,0,2,0,0,0,0,0,12,1,0,false
E:\Supriya's_MicroserviceProjects\spring-petclinic-microservices\spring-petclinic-customers-service\src\main\java\org\springframework\samples\petclinic\customers\web\PetResource.java,org.springframework.samples.petclinic.customers.web.PetResource,"processCreationForm/2[org.springframework.samples.petclinic.customers.web.PetRequest,int]",false,54,10,3,0,3,1,4,6,1,2,2,4,1,1,0,0,0,0,4,1,2,1,0,0,0,1,16,1,0,false
E:\Supriya's_MicroserviceProjects\spring-petclinic-microservices\spring-petclinic-customers-service\src\main\java\org\springframework\samples\petclinic\customers\web\PetResource.java,org.springframework.samples.petclinic.customers.web.PetResource,findPet/1[int],false,85,5,1,0,1,1,1,4,1,1,1,1,1,1,0,0,0,0,2,0,1,0,0,0,0,0,7,1,0,false
E:\Supriya's_MicroserviceProjects\spring-petclinic-microservices\spring-petclinic-customers-service\src\main\java\org\springframework\samples\petclinic\customers\web\PetResource.java,org.springframework.samples.petclinic.customers.web.PetResource,getPetTypes/0,false,46,3,1,0,1,1,1,3,1,0,0,1,0,0,0,0,0,0,1,0,0,0,0,0,0,0,3,1,0,false
E:\Supriya's_MicroserviceProjects\spring-petclinic-microservices\spring-petclinic-customers-service\src\main\java\org\springframework\samples\petclinic\customers\web\PetResource.java,org.springframework.samples.petclinic.customers.web.PetResource,"save/2[org.springframework.samples.petclinic.customers.model.Pet,org.springframework.samples.petclinic.customers.web.PetRequest]",false,72,3,3,2,1,1,9,7,1,0,2,9,0,0,0,0,0,0,1,0,0,0,0,0,0,0,4,2,1,false
E:\Supriya's_MicroserviceProjects\spring-petclinic-microservices\spring-petclinic-customers-service\src\main\java\org\springframework\samples\petclinic\customers\web\PetResource.java,org.springframework.samples.petclinic.customers.web.PetResource,findPetById/1[int],false,91,2,2,2,0,1,2,3,1,0,1,2,0,0,0,0,0,0,2,0,0,1,0,0,0,1,10,2,0,false
E:\Supriya's_MicroserviceProjects\spring-petclinic-microservices\spring-petclinic-customers-service\src\test\java\org\springframework\samples\petclinic\customers\web\PetResourceTest.java,org.springframework.samples.petclinic.customers.web.PetResourceTest,shouldGetAPetInJSonFormat/0,false,45,3,1,0,1,1,15,5,0,1,0,15,1,1,0,0,0,0,6,3,1,0,0,0,0,0,19,0,0,false
E:\Supriya's_MicroserviceProjects\spring-petclinic-microservices\spring-petclinic-customers-service\src\test\java\org\springframework\samples\petclinic\customers\web\PetResourceTest.java,org.springframework.samples.petclinic.customers.web.PetResourceTest,setupPet/0,false,60,3,5,1,4,1,6,13,1,3,0,6,0,0,0,0,0,0,3,2,3,0,0,0,0,0,6,2,0,false
E:\Supriya's_MicroserviceProjects\spring-petclinic-microservices\spring-petclinic-api-gateway\src\test\java\org\springframework\samples\petclinic\api\boundary\web\CircuitBreakerConfiguration.java,org.springframework.samples.petclinic.api.boundary.web.CircuitBreakerConfiguration,circuitBreakerRegistry/0,false,14,2,0,0,0,1,1,3,1,0,0,1,0,0,0,0,0,0,0,0,0,0,0,0,0,0,4,1,0,false
E:\Supriya's_MicroserviceProjects\spring-petclinic-microservices\spring-petclinic-api-gateway\src\test\java\org\springframework\samples\petclinic\api\boundary\web\CircuitBreakerConfiguration.java,org.springframework.samples.petclinic.api.boundary.web.CircuitBreakerConfiguration,timeLimiterRegistry/0,false,19,2,0,0,0,1,1,3,1,0,0,1,0,0,0,0,0,0,0,0,0,0,0,0,0,0,4,1,0,false
E:\Supriya's_MicroserviceProjects\spring-petclinic-microservices\spring-petclinic-api-gateway\src\test\java\org\springframework\samples\petclinic\api\boundary\web\CircuitBreakerConfiguration.java,org.springframework.samples.petclinic.api.boundary.web.CircuitBreakerConfiguration,resilience4JConfigurationProperties/0,false,25,3,0,0,0,1,0,3,1,0,0,0,0,0,0,0,0,0,0,0,0,0,0,0,0,0,5,1,0,false
E:\Supriya's_MicroserviceProjects\spring-petclinic-microservices\spring-petclinic-customers-service\src\main\java\org\springframework\samples\petclinic\customers\config\MetricConfig.java,org.springframework.samples.petclinic.customers.config.MetricConfig,metricsCommonTags/0,false,13,3,0,0,0,1,2,3,1,1,0,2,0,0,0,0,0,0,2,0,0,0,0,0,0,1,4,0,0,false
E:\Supriya's_MicroserviceProjects\spring-petclinic-microservices\spring-petclinic-customers-service\src\main\java\org\springframework\samples\petclinic\customers\config\MetricConfig.java,org.springframework.samples.petclinic.customers.config.MetricConfig,timedAspect/1[org.springframework.samples.petclinic.customers.config.MeterRegistry],false,18,3,0,0,0,1,0,3,1,0,1,0,0,0,0,0,0,0,0,0,0,0,0,0,0,0,6,0,0,false
E:\Supriya's_MicroserviceProjects\spring-petclinic-microservices\spring-petclinic-api-gateway\src\main\java\org\springframework\samples\petclinic\api\dto\OwnerDetails.java,org.springframework.samples.petclinic.api.dto.OwnerDetails,getPetIds/0,false,47,1,0,0,0,1,4,3,1,0,0,4,0,0,0,0,0,0,0,0,0,0,0,0,0,0,5,1,0,false
E:\Supriya's_MicroserviceProjects\spring-petclinic-microservices\spring-petclinic-vets-service\src\main\java\org\springframework\samples\petclinic\vets\model\Vet.java,org.springframework.samples.petclinic.vets.model.Vet,getSpecialtiesInternal/0,false,79,1,3,3,0,2,0,6,1,0,0,0,0,0,0,1,0,0,0,0,1,0,1,0,0,0,4,4,0,false
E:\Supriya's_MicroserviceProjects\spring-petclinic-microservices\spring-petclinic-vets-service\src\main\java\org\springframework\samples\petclinic\vets\model\Vet.java,org.springframework.samples.petclinic.vets.model.Vet,getNrOfSpecialties/0,false,93,1,1,0,1,1,2,3,1,0,0,2,1,1,0,0,0,0,0,0,0,0,0,0,0,0,5,1,0,false
E:\Supriya's_MicroserviceProjects\spring-petclinic-microservices\spring-petclinic-vets-service\src\main\java\org\springframework\samples\petclinic\vets\model\Vet.java,org.springframework.samples.petclinic.vets.model.Vet,addSpecialty/1[org.springframework.samples.petclinic.vets.model.Specialty],false,97,2,1,0,1,1,2,3,0,0,1,2,1,1,0,0,0,0,0,0,0,0,0,0,0,0,6,1,0,false
E:\Supriya's_MicroserviceProjects\spring-petclinic-microservices\spring-petclinic-vets-service\src\main\java\org\springframework\samples\petclinic\vets\model\Vet.java,org.springframework.samples.petclinic.vets.model.Vet,getSpecialties/0,false,87,4,1,0,1,1,3,5,1,1,0,3,1,1,0,0,0,0,1,0,1,0,0,0,0,0,8,1,0,false
E:\Supriya's_MicroserviceProjects\spring-petclinic-microservices\spring-petclinic-visits-service\src\test\java\org\springframework\samples\petclinic\visits\web\VisitResourceTest.java,org.springframework.samples.petclinic.visits.web.VisitResourceTest,shouldFetchVisits/0,false,33,2,1,0,1,1,16,4,0,0,0,16,0,0,0,0,0,0,7,14,0,0,0,0,0,0,13,0,0,false
E:\Supriya's_MicroserviceProjects\spring-petclinic-microservices\spring-petclinic-customers-service\src\main\java\org\springframework\samples\petclinic\customers\web\OwnerResource.java,org.springframework.samples.petclinic.customers.web.OwnerResource,createOwner/1[org.springframework.samples.petclinic.customers.web.OwnerRequest],false,54,7,2,0,2,1,2,4,1,1,1,2,0,0,0,0,0,0,0,0,1,0,0,0,0,0,5,1,0,true
E:\Supriya's_MicroserviceProjects\spring-petclinic-microservices\spring-petclinic-customers-service\src\main\java\org\springframework\samples\petclinic\customers\web\OwnerResource.java,org.springframework.samples.petclinic.customers.web.OwnerResource,findOwner/1[int],false,63,4,0,0,0,1,1,3,1,0,1,1,0,0,0,0,0,0,2,1,0,0,0,0,0,0,7,1,0,true
E:\Supriya's_MicroserviceProjects\spring-petclinic-microservices\spring-petclinic-customers-service\src\main\java\org\springframework\samples\petclinic\customers\web\OwnerResource.java,org.springframework.samples.petclinic.customers.web.OwnerResource,"updateOwner/2[int,org.springframework.samples.petclinic.customers.web.OwnerRequest]",false,80,10,1,0,1,1,5,6,0,1,2,5,0,0,0,0,0,0,5,1,1,1,0,0,0,1,13,1,1,true
E:\Supriya's_MicroserviceProjects\spring-petclinic-microservices\spring-petclinic-customers-service\src\main\java\org\springframework\samples\petclinic\customers\web\OwnerResource.java,org.springframework.samples.petclinic.customers.web.OwnerResource,findAll/0,false,71,2,0,0,0,1,1,3,1,0,0,1,0,0,0,0,0,0,0,0,0,0,0,0,0,0,6,1,0,true
E:\Supriya's_MicroserviceProjects\spring-petclinic-microservices\spring-petclinic-customers-service\src\main\java\org\springframework\samples\petclinic\customers\model\Owner.java,org.springframework.samples.petclinic.customers.model.Owner,addPet/1[org.springframework.samples.petclinic.customers.model.Pet],false,108,2,3,2,1,1,3,4,0,0,1,3,1,1,0,0,0,0,0,0,0,0,0,0,0,0,6,1,0,false
E:\Supriya's_MicroserviceProjects\spring-petclinic-microservices\spring-petclinic-customers-service\src\main\java\org\springframework\samples\petclinic\customers\model\Owner.java,org.springframework.samples.petclinic.customers.model.Owner,getPets/0,false,102,3,1,0,1,1,3,5,1,1,0,3,1,1,0,0,0,0,1,0,1,0,0,0,0,0,7,1,0,false
E:\Supriya's_MicroserviceProjects\spring-petclinic-microservices\spring-petclinic-customers-service\src\main\java\org\springframework\samples\petclinic\customers\model\Owner.java,org.springframework.samples.petclinic.customers.model.Owner,toString/0,false,114,1,0,0,0,1,5,3,1,0,0,5,0,0,0,0,0,0,6,0,0,0,0,0,0,0,4,1,0,false
E:\Supriya's_MicroserviceProjects\spring-petclinic-microservices\spring-petclinic-customers-service\src\main\java\org\springframework\samples\petclinic\customers\model\Owner.java,org.springframework.samples.petclinic.customers.model.Owner,getPetsInternal/0,false,95,1,2,2,0,2,0,6,1,0,0,0,0,0,0,1,0,0,0,0,1,0,1,0,0,0,4,4,0,false
E:\Supriya's_MicroserviceProjects\spring-petclinic-microservices\spring-petclinic-discovery-server\src\main\java\org\springframework\samples\petclinic\discovery\DiscoveryServerApplication.java,org.springframework.samples.petclinic.discovery.DiscoveryServerApplication,main/1[java.lang.String[]],false,29,1,0,0,0,1,1,3,0,0,1,1,0,0,0,0,0,0,0,0,0,0,0,0,0,0,2,9,0,false
E:\Supriya's_MicroserviceProjects\spring-petclinic-microservices\spring-petclinic-discovery-server\src\test\java\org\springframework\samples\petclinic\discovery\DiscoveryServerApplicationTests.java,org.springframework.samples.petclinic.discovery.DiscoveryServerApplicationTests,contextLoads/0,false,25,1,0,0,0,1,0,2,0,0,0,0,0,0,0,0,0,0,0,0,0,0,0,0,0,0,2,0,0,false
E:\Supriya's_MicroserviceProjects\spring-petclinic-microservices\spring-petclinic-admin-server\src\main\java\org\springframework\samples\petclinic\admin\SpringBootAdminApplication.java,org.springframework.samples.petclinic.admin.SpringBootAdminApplication,main/1[java.lang.String[]],false,27,1,0,0,0,1,1,3,0,0,1,1,0,0,0,0,0,0,0,0,0,0,0,0,0,0,2,9,0,false
E:\Supriya's_MicroserviceProjects\spring-petclinic-microservices\spring-petclinic-customers-service\src\main\java\org\springframework\samples\petclinic\customers\model\PetRepository.java,org.springframework.samples.petclinic.customers.model.PetRepository,findPetTypes/0,false,37,2,1,1,0,1,0,1,0,0,0,0,0,0,0,0,0,0,1,0,0,0,0,0,0,0,22,0,0,true
E:\Supriya's_MicroserviceProjects\spring-petclinic-microservices\spring-petclinic-customers-service\src\main\java\org\springframework\samples\petclinic\customers\model\PetRepository.java,org.springframework.samples.petclinic.customers.model.PetRepository,findPetTypeById/1[int],false,44,3,1,1,0,1,0,1,0,0,1,0,0,0,0,0,0,0,2,0,0,0,0,0,0,0,11,0,0,false
E:\Supriya's_MicroserviceProjects\spring-petclinic-microservices\spring-petclinic-api-gateway\src\test\java\org\springframework\samples\petclinic\api\ApiGatewayApplicationTests.java,org.springframework.samples.petclinic.api.ApiGatewayApplicationTests,contextLoads/0,false,12,1,0,0,0,1,0,2,0,0,0,0,0,0,0,0,0,0,0,0,0,0,0,0,0,0,2,0,0,false
E:\Supriya's_MicroserviceProjects\spring-petclinic-microservices\spring-petclinic-visits-service\src\main\java\org\springframework\samples\petclinic\visits\model\VisitRepository.java,org.springframework.samples.petclinic.visits.model.VisitRepository,findByPetIdIn/1[java.util.Collection<java.lang.Integer>],false,37,1,2,2,0,1,0,1,0,0,1,0,0,0,0,0,0,0,0,0,0,0,0,0,0,0,7,0,0,false
E:\Supriya's_MicroserviceProjects\spring-petclinic-microservices\spring-petclinic-visits-service\src\main\java\org\springframework\samples\petclinic\visits\model\VisitRepository.java,org.springframework.samples.petclinic.visits.model.VisitRepository,findByPetId/1[int],false,35,1,1,1,0,1,0,1,0,0,1,0,0,0,0,0,0,0,0,0,0,0,0,0,0,0,5,0,0,false
E:\Supriya's_MicroserviceProjects\spring-petclinic-microservices\spring-petclinic-visits-service\src\main\java\org\springframework\samples\petclinic\visits\web\VisitResource.java,org.springframework.samples.petclinic.visits.web.VisitResource,read/1[int],false,65,5,1,0,1,1,1,3,1,0,1,1,0,0,0,0,0,0,2,1,0,0,0,0,0,0,4,1,0,false
E:\Supriya's_MicroserviceProjects\spring-petclinic-microservices\spring-petclinic-visits-service\src\main\java\org\springframework\samples\petclinic\visits\web\VisitResource.java,org.springframework.samples.petclinic.visits.web.VisitResource,read/1[java.util.List<java.lang.Integer>],false,70,5,2,0,2,1,1,4,1,1,1,1,0,0,0,0,0,0,2,0,1,0,0,0,0,0,8,1,0,false
E:\Supriya's_MicroserviceProjects\spring-petclinic-microservices\spring-petclinic-visits-service\src\main\java\org\springframework\samples\petclinic\visits\web\VisitResource.java,org.springframework.samples.petclinic.visits.web.VisitResource,"create/2[org.springframework.samples.petclinic.visits.model.Visit,int]",false,57,7,0,0,0,1,3,5,1,0,2,3,0,0,0,0,0,0,3,1,0,0,0,0,0,0,6,1,1,false
E:\Supriya's_MicroserviceProjects\spring-petclinic-microservices\spring-petclinic-visits-service\src\main\java\org\springframework\samples\petclinic\visits\config\MetricConfig.java,org.springframework.samples.petclinic.visits.config.MetricConfig,metricsCommonTags/0,false,13,3,0,0,0,1,2,3,1,1,0,2,0,0,0,0,0,0,2,0,0,0,0,0,0,1,4,0,0,false
E:\Supriya's_MicroserviceProjects\spring-petclinic-microservices\spring-petclinic-visits-service\src\main\java\org\springframework\samples\petclinic\visits\config\MetricConfig.java,org.springframework.samples.petclinic.visits.config.MetricConfig,timedAspect/1[org.springframework.samples.petclinic.visits.config.MeterRegistry],false,18,3,0,0,0,1,0,3,1,0,1,0,0,0,0,0,0,0,0,0,0,0,0,0,0,0,6,0,0,false
E:\Supriya's_MicroserviceProjects\spring-petclinic-microservices\spring-petclinic-api-gateway\src\main\java\org\springframework\samples\petclinic\api\ApiGatewayApplication.java,org.springframework.samples.petclinic.api.ApiGatewayApplication,defaultCustomizer/0,false,84,4,0,0,0,1,8,3,1,2,0,8,0,0,0,0,0,0,0,1,0,0,0,0,0,2,13,1,0,true
E:\Supriya's_MicroserviceProjects\spring-petclinic-microservices\spring-petclinic-api-gateway\src\main\java\org\springframework\samples\petclinic\api\ApiGatewayApplication.java,org.springframework.samples.petclinic.api.ApiGatewayApplication,loadBalancedWebClientBuilder/0,false,61,3,0,0,0,1,1,3,1,0,0,1,0,0,0,0,0,0,0,0,0,0,0,0,0,0,5,1,0,false
E:\Supriya's_MicroserviceProjects\spring-petclinic-microservices\spring-petclinic-api-gateway\src\main\java\org\springframework\samples\petclinic\api\ApiGatewayApplication.java,org.springframework.samples.petclinic.api.ApiGatewayApplication,main/1[java.lang.String[]],false,49,1,0,0,0,1,1,3,0,0,1,1,0,0,0,0,0,0,0,0,0,0,0,0,0,0,2,9,0,false
E:\Supriya's_MicroserviceProjects\spring-petclinic-microservices\spring-petclinic-api-gateway\src\main\java\org\springframework\samples\petclinic\api\ApiGatewayApplication.java,org.springframework.samples.petclinic.api.ApiGatewayApplication,routerFunction/0,false,73,3,0,0,0,1,6,4,1,2,0,6,0,0,0,0,0,0,3,0,1,0,0,0,0,1,18,0,0,true
E:\Supriya's_MicroserviceProjects\spring-petclinic-microservices\spring-petclinic-api-gateway\src\main\java\org\springframework\samples\petclinic\api\ApiGatewayApplication.java,org.springframework.samples.petclinic.api.ApiGatewayApplication,loadBalancedRestTemplate/0,false,55,3,0,0,0,1,0,3,1,0,0,0,0,0,0,0,0,0,0,0,0,0,0,0,0,0,4,0,0,false
E:\Supriya's_MicroserviceProjects\spring-petclinic-microservices\spring-petclinic-customers-service\src\main\java\org\springframework\samples\petclinic\customers\model\Pet.java,org.springframework.samples.petclinic.customers.model.Pet,toString/0,false,69,1,0,0,0,1,9,3,1,0,0,9,0,0,0,0,0,0,6,0,0,0,0,0,0,0,4,1,0,false
E:\Supriya's_MicroserviceProjects\spring-petclinic-microservices\spring-petclinic-vets-service\src\test\java\org\springframework\samples\petclinic\vets\web\VetResourceTest.java,org.springframework.samples.petclinic.vets.web.VetResourceTest,shouldGetAListOfVets/0,false,51,2,1,0,1,1,13,6,0,1,0,13,0,0,0,0,0,0,2,2,1,0,0,0,0,0,15,0,0,false
