file,class,type,cbo,cboModified,fanin,fanout,wmc,dit,noc,rfc,lcom,lcom*,tcc,lcc,totalMethodsQty,staticMethodsQty,publicMethodsQty,privateMethodsQty,protectedMethodsQty,defaultMethodsQty,visibleMethodsQty,abstractMethodsQty,finalMethodsQty,synchronizedMethodsQty,totalFieldsQty,staticFieldsQty,publicFieldsQty,privateFieldsQty,protectedFieldsQty,defaultFieldsQty,finalFieldsQty,synchronizedFieldsQty,nosi,loc,returnQty,loopQty,comparisonsQty,tryCatchQty,parenthesizedExpsQty,stringLiteralsQty,numbersQty,assignmentsQty,mathOperationsQty,variablesQty,maxNestedBlocksQty,anonymousClassesQty,innerClassesQty,lambdasQty,uniqueWordsQty,modifiers,logStatementsQty
E:\Supriya's_MicroserviceProjects\spring-petclinic\src\main\java\org\springframework\samples\petclinic\owner\Pet.java,org.springframework.samples.petclinic.owner.Pet,class,12,22,10,12,6,3,0,2,11,0.72222227,0.13333334,0.13333334,6,0,6,0,0,0,6,0,0,0,3,0,0,3,0,0,0,0,0,23,3,0,0,0,0,6,0,3,0,3,0,0,0,0,31,1,0
E:\Supriya's_MicroserviceProjects\spring-petclinic\src\test\java\org\springframework\samples\petclinic\PetClinicIntegrationTests.java,org.springframework.samples.petclinic.PetClinicIntegrationTests,class,9,9,0,9,3,1,0,9,3,0.6666667,0.0,0.0,3,1,1,0,0,2,3,0,0,0,3,0,0,2,0,1,0,0,0,17,0,0,0,0,0,2,0,2,1,5,0,0,0,0,27,1,0
E:\Supriya's_MicroserviceProjects\spring-petclinic\src\test\java\org\springframework\samples\petclinic\model\ValidatorTests.java,org.springframework.samples.petclinic.model.ValidatorTests,class,6,7,1,6,2,1,0,14,1,0.0,NaN,NaN,2,0,0,1,0,1,1,0,0,0,0,0,0,0,0,0,0,0,0,19,1,0,0,0,0,4,1,5,0,5,0,0,0,0,41,0,0
E:\Supriya's_MicroserviceProjects\spring-petclinic\src\main\java\org\springframework\samples\petclinic\system\CrashController.java,org.springframework.samples.petclinic.system.CrashController,class,2,3,1,2,1,1,0,0,0,0.0,NaN,NaN,1,0,1,0,0,0,1,0,0,0,0,0,0,0,0,0,0,0,0,5,0,0,0,0,0,3,0,0,1,0,0,0,0,0,27,0,0
E:\Supriya's_MicroserviceProjects\spring-petclinic\src\test\java\org\springframework\samples\petclinic\vet\VetControllerTests.java,org.springframework.samples.petclinic.vet.VetControllerTests,class,19,20,1,19,5,1,0,27,8,0.70000005,0.33333334,0.33333334,5,0,0,2,0,3,3,0,0,0,2,0,0,2,0,0,0,0,0,33,2,0,0,0,0,10,4,4,0,6,0,0,0,0,33,0,0
E:\Supriya's_MicroserviceProjects\spring-petclinic\src\main\java\org\springframework\samples\petclinic\owner\Visit.java,org.springframework.samples.petclinic.owner.Visit,class,6,11,5,6,5,2,0,1,2,0.5,0.4,0.4,5,0,5,0,0,0,5,0,0,0,2,0,0,2,0,0,0,0,1,19,2,0,0,0,0,3,0,3,0,2,0,0,0,0,29,1,0
E:\Supriya's_MicroserviceProjects\spring-petclinic\src\main\java\org\springframework\samples\petclinic\vet\Specialty.java,org.springframework.samples.petclinic.vet.Specialty,class,3,5,2,3,0,3,0,0,0,0.0,-1.0,-1.0,0,0,0,0,0,0,0,0,0,0,0,0,0,0,0,0,0,0,0,2,0,0,0,0,0,1,0,0,0,0,0,0,0,0,11,1,0
E:\Supriya's_MicroserviceProjects\spring-petclinic\src\main\java\org\springframework\samples\petclinic\owner\PetTypeFormatter.java,org.springframework.samples.petclinic.owner.PetTypeFormatter,class,6,8,2,6,5,1,0,3,1,0.33333334,0.33333334,0.33333334,3,0,3,0,0,0,3,0,0,0,1,0,0,1,0,0,1,0,0,18,2,1,0,0,0,1,1,2,1,2,2,0,0,0,57,1,0
E:\Supriya's_MicroserviceProjects\spring-petclinic\src\main\java\org\springframework\samples\petclinic\vet\VetController.java,org.springframework.samples.petclinic.vet.VetController,class,11,13,2,11,5,1,0,12,4,0.4,0.33333334,0.33333334,5,0,3,2,0,0,3,0,0,0,1,0,0,1,0,0,1,0,0,30,4,0,0,0,0,8,2,7,1,7,0,0,0,0,33,0,0
E:\Supriya's_MicroserviceProjects\spring-petclinic\src\test\java\org\springframework\samples\petclinic\system\CrashControllerTests.java,org.springframework.samples.petclinic.system.CrashControllerTests,class,2,2,0,2,1,1,0,4,0,0.0,NaN,NaN,1,0,0,0,0,1,1,0,0,0,1,0,0,0,0,1,0,0,0,10,0,0,0,0,0,1,0,2,0,2,1,0,0,1,27,0,0
E:\Supriya's_MicroserviceProjects\spring-petclinic\src\test\java\org\springframework\samples\petclinic\service\EntityUtils.java,org.springframework.samples.petclinic.service.EntityUtils,class,3,4,1,3,4,1,0,2,0,0.0,NaN,NaN,1,1,1,0,0,0,1,0,0,0,0,0,0,0,0,0,0,0,0,10,1,1,1,0,0,0,0,0,0,0,2,0,0,0,46,1025,0
E:\Supriya's_MicroserviceProjects\spring-petclinic\src\main\java\org\springframework\samples\petclinic\owner\PetValidator.java,org.springframework.samples.petclinic.owner.PetValidator,class,5,6,1,5,6,1,0,7,1,0.5,0.0,0.0,2,0,2,0,0,0,2,0,0,0,1,1,0,1,0,0,1,0,0,19,1,0,2,0,0,4,0,3,0,3,1,0,0,0,44,1,0
E:\Supriya's_MicroserviceProjects\spring-petclinic\src\main\java\org\springframework\samples\petclinic\system\CacheConfiguration.java,org.springframework.samples.petclinic.system.CacheConfiguration,class,5,5,0,5,2,1,0,3,1,0.0,NaN,NaN,2,0,1,1,0,0,1,0,0,0,0,0,0,0,0,0,0,0,0,8,2,0,0,0,0,1,0,0,0,1,0,0,0,1,59,0,0
E:\Supriya's_MicroserviceProjects\spring-petclinic\.mvn\wrapper\MavenWrapperDownloader.java,MavenWrapperDownloader,class,2,3,1,2,11,1,0,20,1,0.6,NaN,NaN,2,2,1,1,0,0,1,0,0,0,5,5,0,5,0,0,5,0,9,72,0,0,3,3,0,21,4,18,6,16,4,1,0,0,85,1,0
E:\Supriya's_MicroserviceProjects\spring-petclinic\src\test\java\org\springframework\samples\petclinic\owner\VisitControllerTests.java,org.springframework.samples.petclinic.owner.VisitControllerTests,class,13,13,0,13,4,1,0,17,0,0.25,1.0,1.0,4,0,0,0,0,4,4,0,0,0,4,2,0,4,0,0,2,0,0,22,0,0,0,0,0,13,2,4,0,6,0,0,0,0,45,0,0
E:\Supriya's_MicroserviceProjects\spring-petclinic\src\test\java\org\springframework\samples\petclinic\owner\PetControllerTests.java,org.springframework.samples.petclinic.owner.PetControllerTests,class,17,17,0,17,7,1,0,24,0,0.35714287,1.0,1.0,7,0,0,0,0,7,7,0,0,0,4,2,0,4,0,0,2,0,0,35,0,0,0,0,0,44,3,5,0,7,0,0,0,0,48,0,0
E:\Supriya's_MicroserviceProjects\spring-petclinic\src\test\java\org\springframework\samples\petclinic\PostgresIntegrationTests.java,org.springframework.samples.petclinic.PostgresIntegrationTests,class,15,15,0,15,4,1,0,15,6,0.75,0.0,0.0,4,2,1,0,0,3,4,0,0,0,3,0,0,2,0,1,0,0,0,58,0,0,0,0,0,8,0,2,1,5,0,0,1,0,35,1,0
E:\Supriya's_MicroserviceProjects\spring-petclinic\src\main\java\org\springframework\samples\petclinic\owner\VisitController.java,org.springframework.samples.petclinic.owner.VisitController,class,14,15,1,14,6,1,0,9,4,0.4,0.3,0.3,5,0,5,0,0,0,5,0,0,0,1,0,0,1,0,0,1,0,0,30,4,0,0,0,0,13,0,4,0,4,1,0,0,0,73,0,0
E:\Supriya's_MicroserviceProjects\spring-petclinic\src\main\java\org\springframework\samples\petclinic\PetClinicRuntimeHints.java,org.springframework.samples.petclinic.PetClinicRuntimeHints,class,5,6,1,5,1,1,0,4,0,0.0,NaN,NaN,1,0,1,0,0,0,1,0,0,0,0,0,0,0,0,0,0,0,0,11,0,0,0,0,0,4,0,0,0,0,0,0,0,0,14,1,0
E:\Supriya's_MicroserviceProjects\spring-petclinic\src\test\java\org\springframework\samples\petclinic\system\CrashControllerIntegrationTests.java,org.springframework.samples.petclinic.system.CrashControllerIntegrationTests$Anonymous1,anonymous,0,0,0,0,0,1,0,0,0,0.0,-1.0,-1.0,0,0,0,0,0,0,0,0,0,0,0,0,0,0,0,0,0,0,0,2,0,0,0,0,0,0,0,0,0,0,0,0,0,0,0,-1,0
E:\Supriya's_MicroserviceProjects\spring-petclinic\src\test\java\org\springframework\samples\petclinic\PostgresIntegrationTests.java,org.springframework.samples.petclinic.PostgresIntegrationTests$PropertiesLogger,innerclass,7,7,0,7,9,1,0,14,0,0.44444445,1.0,1.0,3,0,2,1,0,0,2,0,0,0,3,1,0,3,0,0,1,0,1,38,1,3,0,0,0,4,0,8,3,7,3,0,0,0,38,8,3
E:\Supriya's_MicroserviceProjects\spring-petclinic\src\main\java\org\springframework\samples\petclinic\model\BaseEntity.java,org.springframework.samples.petclinic.model.BaseEntity,class,3,18,15,3,4,1,3,0,0,0.0,1.0,1.0,3,0,3,0,0,0,3,0,0,0,1,0,0,1,0,0,0,0,0,12,2,0,1,0,0,0,0,1,0,1,0,0,0,0,29,1,0
E:\Supriya's_MicroserviceProjects\spring-petclinic\src\test\java\org\springframework\samples\petclinic\system\CrashControllerIntegrationTests.java,org.springframework.samples.petclinic.system.CrashControllerIntegrationTests$TestConfiguration,innerclass,4,4,0,4,0,1,0,0,0,0.0,-1.0,-1.0,0,0,0,0,0,0,0,0,0,0,0,0,0,0,0,0,0,0,0,2,0,0,0,0,0,0,0,0,0,0,0,0,0,0,3,8,0
E:\Supriya's_MicroserviceProjects\spring-petclinic\src\test\java\org\springframework\samples\petclinic\owner\PetTypeFormatterTests.java,org.springframework.samples.petclinic.owner.PetTypeFormatterTests$Anonymous2,anonymous,1,1,0,1,1,1,0,1,0,0.0,NaN,NaN,0,0,0,0,0,0,1,0,0,0,0,0,0,0,0,0,0,0,0,5,0,0,0,0,0,1,0,0,0,0,0,0,0,0,2,-1,0
E:\Supriya's_MicroserviceProjects\spring-petclinic\src\test\java\org\springframework\samples\petclinic\owner\PetTypeFormatterTests.java,org.springframework.samples.petclinic.owner.PetTypeFormatterTests$Anonymous1,anonymous,1,1,0,1,1,1,0,1,0,0.0,NaN,NaN,0,0,0,0,0,0,1,0,0,0,0,0,0,0,0,0,0,0,0,5,0,0,0,0,0,1,0,0,0,0,0,0,0,0,2,-1,0
E:\Supriya's_MicroserviceProjects\spring-petclinic\src\main\java\org\springframework\samples\petclinic\PetClinicApplication.java,org.springframework.samples.petclinic.PetClinicApplication,class,4,8,4,4,1,1,0,1,0,0.0,NaN,NaN,1,1,1,0,0,0,1,0,0,0,0,0,0,0,0,0,0,0,0,5,0,0,0,0,0,0,0,0,0,0,0,0,0,0,9,1,0
E:\Supriya's_MicroserviceProjects\spring-petclinic\src\main\java\org\springframework\samples\petclinic\model\NamedEntity.java,org.springframework.samples.petclinic.model.NamedEntity,class,4,19,15,4,3,2,3,1,1,0.33333334,0.33333334,0.33333334,3,0,3,0,0,0,3,0,0,0,1,0,0,1,0,0,0,0,0,12,2,0,0,0,0,1,0,1,0,1,0,0,0,0,28,1,0
E:\Supriya's_MicroserviceProjects\spring-petclinic\src\main\java\org\springframework\samples\petclinic\vet\Vets.java,org.springframework.samples.petclinic.vet.Vets,class,3,4,1,3,2,1,0,0,0,0.0,NaN,NaN,1,0,1,0,0,0,1,0,0,0,1,0,0,1,0,0,0,0,0,9,1,0,1,0,0,0,0,1,0,1,1,0,0,0,21,1,0
E:\Supriya's_MicroserviceProjects\spring-petclinic\src\main\java\org\springframework\samples\petclinic\vet\VetRepository.java,org.springframework.samples.petclinic.vet.VetRepository,interface,6,12,6,6,2,1,0,0,1,0.0,0.0,0.0,2,0,0,0,0,2,2,0,0,0,0,0,0,0,0,0,0,0,0,4,0,0,0,0,0,2,0,0,0,0,0,0,0,0,54,1,0
E:\Supriya's_MicroserviceProjects\spring-petclinic\src\test\java\org\springframework\samples\petclinic\system\CrashControllerIntegrationTests.java,org.springframework.samples.petclinic.system.CrashControllerIntegrationTests,class,9,9,0,9,2,1,0,14,0,0.0,1.0,1.0,2,0,0,0,0,2,2,0,0,0,2,0,0,2,0,0,0,0,1,28,0,0,0,0,0,35,0,3,2,5,0,1,1,0,46,0,0
E:\Supriya's_MicroserviceProjects\spring-petclinic\src\main\java\org\springframework\samples\petclinic\owner\OwnerRepository.java,org.springframework.samples.petclinic.owner.OwnerRepository,interface,8,17,9,8,5,1,0,0,10,0.0,0.0,0.0,5,0,0,0,0,5,5,0,0,0,0,0,0,0,0,0,0,0,0,7,0,0,0,0,0,6,0,0,0,0,0,0,0,0,105,1,0
E:\Supriya's_MicroserviceProjects\spring-petclinic\src\main\java\org\springframework\samples\petclinic\system\WelcomeController.java,org.springframework.samples.petclinic.system.WelcomeController,class,2,2,0,2,1,1,0,0,0,0.0,NaN,NaN,1,0,1,0,0,0,1,0,0,0,0,0,0,0,0,0,0,0,0,5,1,0,0,0,0,2,0,0,0,0,0,0,0,0,3,0,0
E:\Supriya's_MicroserviceProjects\spring-petclinic\src\test\java\org\springframework\samples\petclinic\MySqlIntegrationTests.java,org.springframework.samples.petclinic.MySqlIntegrationTests,class,15,15,0,15,2,1,0,8,1,0.625,0.0,0.0,2,0,0,0,0,2,2,0,0,0,4,1,0,2,0,2,0,0,0,15,0,0,0,0,0,4,0,3,1,6,0,0,0,0,30,0,0
E:\Supriya's_MicroserviceProjects\spring-petclinic\src\test\java\org\springframework\samples\petclinic\owner\OwnerControllerTests.java,org.springframework.samples.petclinic.owner.OwnerControllerTests$Anonymous1,anonymous,2,2,0,2,3,1,0,4,1,0.0,0.0,0.0,2,0,2,0,0,0,2,0,0,0,0,0,0,0,0,0,0,0,0,13,2,0,0,0,0,2,1,2,0,2,1,0,0,0,16,-1,0
E:\Supriya's_MicroserviceProjects\spring-petclinic\src\main\java\org\springframework\samples\petclinic\owner\Owner.java,org.springframework.samples.petclinic.owner.Owner,class,15,24,9,15,22,3,0,16,60,0.80769235,0.115384616,0.26923078,13,0,13,0,0,0,13,0,0,0,4,0,0,4,0,0,0,0,0,68,10,2,1,0,0,16,2,8,0,7,3,0,0,0,68,1,0
E:\Supriya's_MicroserviceProjects\spring-petclinic\src\main\java\org\springframework\samples\petclinic\model\Person.java,org.springframework.samples.petclinic.model.Person,class,4,13,9,4,4,2,2,0,2,0.5,0.33333334,0.33333334,4,0,4,0,0,0,4,0,0,0,2,0,0,2,0,0,0,0,0,16,2,0,0,0,0,2,0,2,0,2,0,0,0,0,20,1,0
E:\Supriya's_MicroserviceProjects\spring-petclinic\src\main\java\org\springframework\samples\petclinic\owner\PetType.java,org.springframework.samples.petclinic.owner.PetType,class,3,11,8,3,0,3,0,0,0,0.0,-1.0,-1.0,0,0,0,0,0,0,0,0,0,0,0,0,0,0,0,0,0,0,0,2,0,0,0,0,0,1,0,0,0,0,0,0,0,0,9,1,0
E:\Supriya's_MicroserviceProjects\spring-petclinic\src\test\java\org\springframework\samples\petclinic\owner\OwnerControllerTests.java,org.springframework.samples.petclinic.owner.OwnerControllerTests,class,22,23,1,22,14,1,0,47,0,0.42857143,0.94871795,1.0,14,0,0,1,0,13,13,0,0,0,3,1,0,3,0,0,1,0,2,87,1,0,0,0,0,124,2,9,1,11,0,1,0,0,63,0,0
E:\Supriya's_MicroserviceProjects\spring-petclinic\src\test\java\org\springframework\samples\petclinic\owner\PetTypeFormatterTests.java,org.springframework.samples.petclinic.owner.PetTypeFormatterTests,class,11,12,1,11,5,1,0,13,0,0.3,1.0,1.0,5,0,0,1,0,4,4,0,0,0,2,0,0,2,0,0,0,0,0,41,1,0,0,0,0,5,0,5,0,6,1,2,0,1,35,0,0
E:\Supriya's_MicroserviceProjects\spring-petclinic\src\main\java\org\springframework\samples\petclinic\owner\PetController.java,org.springframework.samples.petclinic.owner.PetController,class,19,20,1,19,25,1,0,20,5,0.5,0.44444445,0.62222224,10,0,10,0,0,0,10,0,0,0,2,1,0,2,0,0,2,0,2,82,10,0,8,0,0,38,0,10,2,10,2,0,0,0,68,0,0
E:\Supriya's_MicroserviceProjects\spring-petclinic\src\test\java\org\springframework\samples\petclinic\MysqlTestApplication.java,org.springframework.samples.petclinic.MysqlTestApplication,class,6,6,0,6,2,1,0,1,1,0.0,0.0,0.0,2,2,1,0,0,1,2,0,0,0,0,0,0,0,0,0,0,0,0,8,1,0,0,0,0,3,0,0,0,0,0,0,0,0,12,1,0
E:\Supriya's_MicroserviceProjects\spring-petclinic\src\main\java\org\springframework\samples\petclinic\owner\OwnerController.java,org.springframework.samples.petclinic.owner.OwnerController,class,20,22,2,20,18,1,0,23,18,0.5416667,0.4,0.46666667,12,0,10,2,0,0,10,0,0,0,2,1,0,2,0,0,2,0,0,79,14,0,3,0,0,39,3,11,3,10,1,0,0,0,98,0,0
E:\Supriya's_MicroserviceProjects\spring-petclinic\.mvn\wrapper\MavenWrapperDownloader.java,MavenWrapperDownloader$Anonymous1,anonymous,0,0,0,0,1,1,0,0,0,0.0,NaN,NaN,1,0,0,0,1,0,1,0,0,0,0,0,0,0,0,0,0,0,0,5,1,0,0,0,0,0,0,0,0,0,0,0,0,0,3,-1,0
E:\Supriya's_MicroserviceProjects\spring-petclinic\src\main\java\org\springframework\samples\petclinic\vet\Vet.java,org.springframework.samples.petclinic.vet.Vet,class,10,18,8,10,6,3,0,5,8,0.6,0.1,0.1,5,0,3,0,2,0,5,0,0,0,1,0,0,1,0,0,0,0,1,23,3,0,1,0,0,5,0,3,0,2,1,0,0,0,35,1,0
E:\Supriya's_MicroserviceProjects\spring-petclinic\src\test\java\org\springframework\samples\petclinic\service\ClinicServiceTests.java,org.springframework.samples.petclinic.service.ClinicServiceTests,class,20,20,0,20,11,1,0,46,0,0.6,0.8,0.8,10,0,0,0,0,10,10,0,0,0,3,0,0,0,2,1,0,0,5,100,0,0,1,0,0,21,32,36,6,32,0,0,0,1,152,0,0
E:\Supriya's_MicroserviceProjects\spring-petclinic\src\test\java\org\springframework\samples\petclinic\vet\VetTests.java,org.springframework.samples.petclinic.vet.VetTests,class,4,4,0,4,1,1,0,10,0,0.0,NaN,NaN,1,0,0,0,0,1,1,0,0,0,0,0,0,0,0,0,0,0,0,12,0,0,0,0,0,3,1,2,0,2,0,0,0,0,10,0,0
